CustomerID,Segment,ML_Cluster,Churn_Risk_Tier,P_Alive_Pct,Churn_Risk_Pct,Recency,Frequency,Monetary,Tenure,AvgOrderValue,TopCategory,R_Score,F_Score,M_Score,T_Score,RFM_Score,RFMT_Mean,Expected_Orders_90d,Predicted_Spend_90d,Predictive_CLV_90d,PCA_1,PCA_2,PCA_3,Strategic_Objective,Recommended_Channel,Recommended_Promotion,Primary_Action_Item,Campaign_Email_Subject,Campaign_CTA,FirstPurchase,LastPurchase,TotalItems,TotalTransactions
CUST-0423,Champions,Cluster 3,🟢 Low Churn Risk,87.9,12.1,17,22,22790.93,537,1035.95,Smart Office & Furniture,5,5,5,4,555,4.75,3.08,3186.34,1115.22,2.1809,-0.9326,0.099,"Reward loyalty, maximize retention, elevate brand advocacy, and introduce exclusive high-ticket drops.",VIP Concierge / Direct Email / Exclusive Portal,"VIP Early Access, Concierge Perks, Loyalty Multipliers",Grant 48-hour early access to upcoming product lines.,👑 VIP Exclusive: You have first access to our flagship release,Explore Private Drop,2025-03-01 13:26:57,2026-08-03 21:08:40,133,38
CUST-0059,Can't Lose Them,Cluster 3,🔴 High Churn Risk,2.0,98.0,342,17,21762.32,450,1280.14,Electronics & Audio,1,5,5,3,155,3.5,0.06,82.23,28.78,1.8042,0.8471,-1.2379,"High-touch, high-urgency win-back campaigns and qualitative feedback discovery.",Executive Win-back Email / Phone Concierge / High-Incentive Push,"Aggressive 30% Off Voucher, Complimentary Premium Gift",Deploy 'Voice of Customer' survey with a substantial gift card incentive.,🚨 An urgent message from our leadership team,Restore My VIP Status,2025-05-27 08:53:33,2025-09-12 10:27:28,97,23
CUST-0110,Champions,Cluster 3,🟢 Low Churn Risk,90.7,9.3,7,22,20658.7,311,939.03,Smart Office & Furniture,5,5,5,2,555,4.25,5.11,4794.38,1678.03,1.8999,-1.6918,0.1225,"Reward loyalty, maximize retention, elevate brand advocacy, and introduce exclusive high-ticket drops.",VIP Concierge / Direct Email / Exclusive Portal,"VIP Early Access, Concierge Perks, Loyalty Multipliers",Grant 48-hour early access to upcoming product lines.,👑 VIP Exclusive: You have first access to our flagship release,Explore Private Drop,2025-10-12 22:36:12,2026-08-13 12:14:34,129,34
CUST-0362,Can't Lose Them,Cluster 3,🔴 High Churn Risk,2.0,98.0,292,18,20310.21,589,1128.34,Electronics & Audio,1,5,5,5,155,4.0,0.05,60.09,21.03,1.949,0.886,-0.976,"High-touch, high-urgency win-back campaigns and qualitative feedback discovery.",Executive Win-back Email / Phone Concierge / High-Incentive Push,"Aggressive 30% Off Voucher, Complimentary Premium Gift",Deploy 'Voice of Customer' survey with a substantial gift card incentive.,🚨 An urgent message from our leadership team,Restore My VIP Status,2025-01-08 10:36:58,2025-11-01 14:50:01,101,26
CUST-0035,Champions,Cluster 3,🟢 Low Churn Risk,86.6,13.4,22,20,20297.79,566,1014.89,Electronics & Audio,4,5,5,4,455,4.5,2.64,2678.43,937.45,2.0682,-0.718,0.0776,"Reward loyalty, maximize retention, elevate brand advocacy, and introduce exclusive high-ticket drops.",VIP Concierge / Direct Email / Exclusive Portal,"VIP Early Access, Concierge Perks, Loyalty Multipliers",Grant 48-hour early access to upcoming product lines.,👑 VIP Exclusive: You have first access to our flagship release,Explore Private Drop,2025-01-31 09:30:42,2026-07-29 09:51:32,96,27
CUST-0062,Champions,Cluster 3,🟢 Low Churn Risk,93.9,6.1,4,20,20250.44,451,1012.52,Electronics & Audio,5,5,5,3,555,4.5,3.51,3551.51,1243.03,1.9914,-1.7699,0.5831,"Reward loyalty, maximize retention, elevate brand advocacy, and introduce exclusive high-ticket drops.",VIP Concierge / Direct Email / Exclusive Portal,"VIP Early Access, Concierge Perks, Loyalty Multipliers",Grant 48-hour early access to upcoming product lines.,👑 VIP Exclusive: You have first access to our flagship release,Explore Private Drop,2025-05-26 12:09:10,2026-08-15 22:22:05,100,26
CUST-0307,Champions,Cluster 3,🟢 Low Churn Risk,86.7,13.3,18,22,20237.53,512,919.89,Electronics & Audio,4,5,5,4,455,4.5,3.16,2911.44,1019.0,2.1048,-0.9049,0.0855,"Reward loyalty, maximize retention, elevate brand advocacy, and introduce exclusive high-ticket drops.",VIP Concierge / Direct Email / Exclusive Portal,"VIP Early Access, Concierge Perks, Loyalty Multipliers",Grant 48-hour early access to upcoming product lines.,👑 VIP Exclusive: You have first access to our flagship release,Explore Private Drop,2025-03-26 08:04:56,2026-08-01 22:02:58,99,27
CUST-0323,Can't Lose Them,Cluster 3,🔴 High Churn Risk,2.0,98.0,268,18,19962.98,717,1109.05,Electronics & Audio,1,5,5,5,155,4.0,0.04,49.33,17.27,2.0341,0.9359,-0.8046,"High-touch, high-urgency win-back campaigns and qualitative feedback discovery.",Executive Win-back Email / Phone Concierge / High-Incentive Push,"Aggressive 30% Off Voucher, Complimentary Premium Gift",Deploy 'Voice of Customer' survey with a substantial gift card incentive.,🚨 An urgent message from our leadership team,Restore My VIP Status,2024-09-02 10:29:20,2025-11-25 14:40:25,113,27
CUST-0153,Can't Lose Them,Cluster 3,🔴 High Churn Risk,2.0,98.0,322,14,19889.45,407,1420.68,Electronics & Audio,1,4,5,3,145,3.25,0.06,83.23,29.13,1.5571,0.8119,-1.2284,"High-touch, high-urgency win-back campaigns and qualitative feedback discovery.",Executive Win-back Email / Phone Concierge / High-Incentive Push,"Aggressive 30% Off Voucher, Complimentary Premium Gift",Deploy 'Voice of Customer' survey with a substantial gift card incentive.,🚨 An urgent message from our leadership team,Restore My VIP Status,2025-07-09 14:03:40,2025-10-02 19:45:47,102,24
CUST-0292,Champions,Cluster 3,🟢 Low Churn Risk,87.1,12.9,19,18,19035.6,459,1057.53,Smart Office & Furniture,4,5,5,3,455,4.25,2.9,3065.77,1073.02,1.8564,-0.8788,0.0325,"Reward loyalty, maximize retention, elevate brand advocacy, and introduce exclusive high-ticket drops.",VIP Concierge / Direct Email / Exclusive Portal,"VIP Early Access, Concierge Perks, Loyalty Multipliers",Grant 48-hour early access to upcoming product lines.,👑 VIP Exclusive: You have first access to our flagship release,Explore Private Drop,2025-05-17 22:10:32,2026-07-31 21:27:51,106,27
CUST-0243,Champions,Cluster 3,🟢 Low Churn Risk,92.8,7.2,13,13,18657.65,561,1435.2,Electronics & Audio,5,4,5,4,545,4.5,1.91,2739.77,958.92,1.6765,-0.9285,0.3546,"Reward loyalty, maximize retention, elevate brand advocacy, and introduce exclusive high-ticket drops.",VIP Concierge / Direct Email / Exclusive Portal,"VIP Early Access, Concierge Perks, Loyalty Multipliers",Grant 48-hour early access to upcoming product lines.,👑 VIP Exclusive: You have first access to our flagship release,Explore Private Drop,2025-02-05 16:02:22,2026-08-07 16:28:31,85,20
CUST-0242,Champions,Cluster 3,🟢 Low Churn Risk,90.9,9.1,9,21,18645.27,391,887.87,Electronics & Audio,5,5,5,3,555,4.5,4.02,3573.56,1250.75,1.9164,-1.4135,0.2165,"Reward loyalty, maximize retention, elevate brand advocacy, and introduce exclusive high-ticket drops.",VIP Concierge / Direct Email / Exclusive Portal,"VIP Early Access, Concierge Perks, Loyalty Multipliers",Grant 48-hour early access to upcoming product lines.,👑 VIP Exclusive: You have first access to our flagship release,Explore Private Drop,2025-07-25 09:50:18,2026-08-11 12:54:10,117,32
CUST-0421,Champions,Cluster 3,🟢 Low Churn Risk,92.9,7.1,7,22,17504.39,526,795.65,Smart Office & Furniture,5,5,5,4,555,4.75,3.31,2634.23,921.98,2.0692,-1.3998,0.5234,"Reward loyalty, maximize retention, elevate brand advocacy, and introduce exclusive high-ticket drops.",VIP Concierge / Direct Email / Exclusive Portal,"VIP Early Access, Concierge Perks, Loyalty Multipliers",Grant 48-hour early access to upcoming product lines.,👑 VIP Exclusive: You have first access to our flagship release,Explore Private Drop,2025-03-12 16:42:53,2026-08-13 15:05:00,110,32
CUST-0260,Can't Lose Them,Cluster 3,🔴 High Churn Risk,2.0,98.0,347,16,17381.59,534,1086.35,Electronics & Audio,1,5,5,4,155,3.75,0.05,56.62,19.82,1.7322,0.9899,-1.0489,"High-touch, high-urgency win-back campaigns and qualitative feedback discovery.",Executive Win-back Email / Phone Concierge / High-Incentive Push,"Aggressive 30% Off Voucher, Complimentary Premium Gift",Deploy 'Voice of Customer' survey with a substantial gift card incentive.,🚨 An urgent message from our leadership team,Restore My VIP Status,2025-03-04 11:44:27,2025-09-06 22:09:01,93,23
CUST-0146,Champions,Cluster 3,🟢 Low Churn Risk,88.3,11.7,14,22,17327.69,457,787.62,Wearables & Fitness,5,5,5,3,555,4.5,3.57,2808.3,982.9,1.9874,-1.0834,0.1657,"Reward loyalty, maximize retention, elevate brand advocacy, and introduce exclusive high-ticket drops.",VIP Concierge / Direct Email / Exclusive Portal,"VIP Early Access, Concierge Perks, Loyalty Multipliers",Grant 48-hour early access to upcoming product lines.,👑 VIP Exclusive: You have first access to our flagship release,Explore Private Drop,2025-05-19 22:28:55,2026-08-06 09:18:30,97,27
CUST-0090,Champions,Cluster 3,🟢 Low Churn Risk,94.5,5.5,3,18,17315.73,486,961.98,Electronics & Audio,5,5,5,4,555,4.75,2.99,2875.98,1006.59,1.8717,-1.8235,0.7916,"Reward loyalty, maximize retention, elevate brand advocacy, and introduce exclusive high-ticket drops.",VIP Concierge / Direct Email / Exclusive Portal,"VIP Early Access, Concierge Perks, Loyalty Multipliers",Grant 48-hour early access to upcoming product lines.,👑 VIP Exclusive: You have first access to our flagship release,Explore Private Drop,2025-04-21 08:49:25,2026-08-17 16:07:16,98,27
CUST-0060,Champions,Cluster 3,🟢 Low Churn Risk,88.1,11.9,20,22,16878.1,639,767.19,Smart Office & Furniture,4,5,5,5,455,4.75,2.63,2018.14,706.35,2.1244,-0.7028,0.2502,"Reward loyalty, maximize retention, elevate brand advocacy, and introduce exclusive high-ticket drops.",VIP Concierge / Direct Email / Exclusive Portal,"VIP Early Access, Concierge Perks, Loyalty Multipliers",Grant 48-hour early access to upcoming product lines.,👑 VIP Exclusive: You have first access to our flagship release,Explore Private Drop,2024-11-19 10:44:25,2026-07-31 11:39:34,120,32
CUST-0006,At-Risk VIPs,Cluster 3,🔴 High Churn Risk,2.7,97.3,192,14,16285.51,608,1163.25,Electronics & Audio,2,4,5,5,245,4.0,0.06,65.34,22.87,1.6636,0.7302,-0.6764,Immediate intervention to reignite brand affinity before permanent churn occurs.,High-Priority Win-Back Email / SMS / Direct Outreach,"High-Value Reactivation Voucher (20-25% off), Free Renewal",Send personalized executive outreach asking for direct feedback.,"⚠️ We miss you, {Customer_Name} — Here is 25% off your return",Reclaim Your 25% Discount,2024-12-20 15:48:18,2026-02-08 22:59:20,100,23
CUST-0314,Champions,Cluster 3,🟢 Low Churn Risk,93.8,6.2,6,19,16107.11,580,847.74,Electronics & Audio,5,5,5,4,555,4.75,2.66,2258.22,790.38,1.956,-1.3898,0.6874,"Reward loyalty, maximize retention, elevate brand advocacy, and introduce exclusive high-ticket drops.",VIP Concierge / Direct Email / Exclusive Portal,"VIP Early Access, Concierge Perks, Loyalty Multipliers",Grant 48-hour early access to upcoming product lines.,👑 VIP Exclusive: You have first access to our flagship release,Explore Private Drop,2025-01-17 17:47:44,2026-08-14 13:55:03,103,28
CUST-0363,Champions,Cluster 3,🟢 Low Churn Risk,78.8,21.2,26,18,16014.22,407,889.68,Smart Office & Furniture,4,5,5,3,455,4.25,2.92,2594.43,908.05,1.7179,-0.7284,-0.1153,"Reward loyalty, maximize retention, elevate brand advocacy, and introduce exclusive high-ticket drops.",VIP Concierge / Direct Email / Exclusive Portal,"VIP Early Access, Concierge Perks, Loyalty Multipliers",Grant 48-hour early access to upcoming product lines.,👑 VIP Exclusive: You have first access to our flagship release,Explore Private Drop,2025-07-09 09:59:37,2026-07-25 08:30:07,90,27
CUST-0170,Champions,Cluster 3,🟢 Low Churn Risk,89.8,10.2,12,19,15604.0,402,821.26,Electronics & Audio,5,5,5,3,555,4.5,3.53,2900.58,1015.2,1.7601,-1.1903,0.1933,"Reward loyalty, maximize retention, elevate brand advocacy, and introduce exclusive high-ticket drops.",VIP Concierge / Direct Email / Exclusive Portal,"VIP Early Access, Concierge Perks, Loyalty Multipliers",Grant 48-hour early access to upcoming product lines.,👑 VIP Exclusive: You have first access to our flagship release,Explore Private Drop,2025-07-14 14:35:33,2026-08-08 17:54:06,109,29
CUST-0005,Champions,Cluster 3,🟢 Low Churn Risk,80.9,19.1,24,22,15334.96,494,697.04,Electronics & Audio,4,5,5,4,455,4.5,3.05,2126.07,744.12,1.9591,-0.7112,0.0399,"Reward loyalty, maximize retention, elevate brand advocacy, and introduce exclusive high-ticket drops.",VIP Concierge / Direct Email / Exclusive Portal,"VIP Early Access, Concierge Perks, Loyalty Multipliers",Grant 48-hour early access to upcoming product lines.,👑 VIP Exclusive: You have first access to our flagship release,Explore Private Drop,2025-04-13 18:45:24,2026-07-27 14:03:40,91,25
CUST-0007,Champions,Cluster 3,🟢 Low Churn Risk,93.2,6.8,8,15,15334.19,456,1022.28,Electronics & Audio,5,5,5,3,555,4.5,2.63,2690.77,941.77,1.6199,-1.3024,0.462,"Reward loyalty, maximize retention, elevate brand advocacy, and introduce exclusive high-ticket drops.",VIP Concierge / Direct Email / Exclusive Portal,"VIP Early Access, Concierge Perks, Loyalty Multipliers",Grant 48-hour early access to upcoming product lines.,👑 VIP Exclusive: You have first access to our flagship release,Explore Private Drop,2025-05-21 17:09:48,2026-08-12 14:21:53,65,18
CUST-0025,Can't Lose Them,Cluster 3,🔴 High Churn Risk,2.0,98.0,322,12,15238.26,474,1269.86,Electronics & Audio,1,4,5,3,145,3.25,0.04,56.5,19.78,1.3818,0.961,-1.0225,"High-touch, high-urgency win-back campaigns and qualitative feedback discovery.",Executive Win-back Email / Phone Concierge / High-Incentive Push,"Aggressive 30% Off Voucher, Complimentary Premium Gift",Deploy 'Voice of Customer' survey with a substantial gift card incentive.,🚨 An urgent message from our leadership team,Restore My VIP Status,2025-05-03 14:42:25,2025-10-01 21:43:24,84,19
CUST-0282,Champions,Cluster 3,🟢 Low Churn Risk,77.6,22.4,28,22,15022.23,510,682.83,Electronics & Audio,4,5,5,4,455,4.5,2.84,1941.29,679.45,1.9618,-0.6006,0.0043,"Reward loyalty, maximize retention, elevate brand advocacy, and introduce exclusive high-ticket drops.",VIP Concierge / Direct Email / Exclusive Portal,"VIP Early Access, Concierge Perks, Loyalty Multipliers",Grant 48-hour early access to upcoming product lines.,👑 VIP Exclusive: You have first access to our flagship release,Explore Private Drop,2025-03-28 10:54:04,2026-07-23 17:35:12,100,29
CUST-0154,Champions,Cluster 3,🟢 Low Churn Risk,87.7,12.3,16,16,14943.97,363,934.0,Electronics & Audio,5,5,5,3,555,4.5,3.21,2995.95,1048.58,1.5444,-1.0361,0.043,"Reward loyalty, maximize retention, elevate brand advocacy, and introduce exclusive high-ticket drops.",VIP Concierge / Direct Email / Exclusive Portal,"VIP Early Access, Concierge Perks, Loyalty Multipliers",Grant 48-hour early access to upcoming product lines.,👑 VIP Exclusive: You have first access to our flagship release,Explore Private Drop,2025-08-22 11:34:33,2026-08-03 21:38:30,102,24
CUST-0271,Can't Lose Them,Cluster 3,🔴 High Churn Risk,2.0,98.0,324,15,14858.06,450,990.54,Electronics & Audio,1,5,5,3,155,3.5,0.06,56.64,19.82,1.5305,0.8985,-1.0716,"High-touch, high-urgency win-back campaigns and qualitative feedback discovery.",Executive Win-back Email / Phone Concierge / High-Incentive Push,"Aggressive 30% Off Voucher, Complimentary Premium Gift",Deploy 'Voice of Customer' survey with a substantial gift card incentive.,🚨 An urgent message from our leadership team,Restore My VIP Status,2025-05-27 14:42:39,2025-09-30 16:45:23,94,24
CUST-0079,Can't Lose Them,Cluster 3,🔴 High Churn Risk,2.0,98.0,269,13,14824.44,510,1140.34,Electronics & Audio,1,4,5,4,145,3.5,0.04,51.14,17.9,1.4726,0.8767,-0.8959,"High-touch, high-urgency win-back campaigns and qualitative feedback discovery.",Executive Win-back Email / Phone Concierge / High-Incentive Push,"Aggressive 30% Off Voucher, Complimentary Premium Gift",Deploy 'Voice of Customer' survey with a substantial gift card incentive.,🚨 An urgent message from our leadership team,Restore My VIP Status,2025-03-28 17:19:09,2025-11-24 20:37:52,75,17
CUST-0306,At-Risk VIPs,Cluster 3,🔴 High Churn Risk,2.0,98.0,217,13,14657.3,570,1127.48,Electronics & Audio,2,4,5,4,245,3.75,0.04,45.74,16.01,1.5232,0.8034,-0.7275,Immediate intervention to reignite brand affinity before permanent churn occurs.,High-Priority Win-Back Email / SMS / Direct Outreach,"High-Value Reactivation Voucher (20-25% off), Free Renewal",Send personalized executive outreach asking for direct feedback.,"⚠️ We miss you, {Customer_Name} — Here is 25% off your return",Reclaim Your 25% Discount,2025-01-27 15:13:17,2026-01-15 11:03:48,93,19
CUST-0176,Champions,Cluster 3,🟢 Low Churn Risk,91.6,8.4,14,20,14646.25,668,732.31,Smart Office & Furniture,5,5,5,5,555,5.0,2.4,1757.9,615.27,2.0075,-0.8456,0.4814,"Reward loyalty, maximize retention, elevate brand advocacy, and introduce exclusive high-ticket drops.",VIP Concierge / Direct Email / Exclusive Portal,"VIP Early Access, Concierge Perks, Loyalty Multipliers",Grant 48-hour early access to upcoming product lines.,👑 VIP Exclusive: You have first access to our flagship release,Explore Private Drop,2024-10-21 12:04:16,2026-08-06 20:47:21,86,32
CUST-0410,At-Risk VIPs,Cluster 3,🔴 High Churn Risk,6.5,93.5,201,13,14614.79,688,1124.21,Electronics & Audio,2,4,5,5,245,4.0,0.11,124.67,43.63,1.6105,0.8524,-0.5706,Immediate intervention to reignite brand affinity before permanent churn occurs.,High-Priority Win-Back Email / SMS / Direct Outreach,"High-Value Reactivation Voucher (20-25% off), Free Renewal",Send personalized executive outreach asking for direct feedback.,"⚠️ We miss you, {Customer_Name} — Here is 25% off your return",Reclaim Your 25% Discount,2024-09-30 21:41:48,2026-01-30 22:43:11,79,17
CUST-0269,Champions,Cluster 3,🟢 Low Churn Risk,93.2,6.8,5,19,14426.05,362,759.27,Electronics & Audio,5,5,5,3,555,4.5,4.01,3048.18,1066.86,1.6915,-1.706,0.4827,"Reward loyalty, maximize retention, elevate brand advocacy, and introduce exclusive high-ticket drops.",VIP Concierge / Direct Email / Exclusive Portal,"VIP Early Access, Concierge Perks, Loyalty Multipliers",Grant 48-hour early access to upcoming product lines.,👑 VIP Exclusive: You have first access to our flagship release,Explore Private Drop,2025-08-23 20:00:55,2026-08-15 12:10:34,91,27
CUST-0008,Champions,Cluster 3,🟢 Low Churn Risk,81.8,18.2,19,21,14332.21,389,682.49,Electronics & Audio,4,5,5,3,455,4.25,3.64,2485.42,869.9,1.7832,-0.9493,0.0068,"Reward loyalty, maximize retention, elevate brand advocacy, and introduce exclusive high-ticket drops.",VIP Concierge / Direct Email / Exclusive Portal,"VIP Early Access, Concierge Perks, Loyalty Multipliers",Grant 48-hour early access to upcoming product lines.,👑 VIP Exclusive: You have first access to our flagship release,Explore Private Drop,2025-07-27 08:46:37,2026-08-01 19:26:55,100,30
CUST-0046,Champions,Cluster 3,🟢 Low Churn Risk,91.2,8.8,15,20,14077.42,656,703.87,Electronics & Audio,5,5,5,5,555,5.0,2.43,1709.71,598.4,1.9802,-0.8089,0.4555,"Reward loyalty, maximize retention, elevate brand advocacy, and introduce exclusive high-ticket drops.",VIP Concierge / Direct Email / Exclusive Portal,"VIP Early Access, Concierge Perks, Loyalty Multipliers",Grant 48-hour early access to upcoming product lines.,👑 VIP Exclusive: You have first access to our flagship release,Explore Private Drop,2024-11-02 11:30:42,2026-08-05 21:25:31,95,29
CUST-0365,At-Risk VIPs,Cluster 3,🔴 High Churn Risk,4.2,95.8,148,13,14011.51,469,1077.81,Smart Office & Furniture,2,4,5,3,245,3.5,0.1,109.91,38.47,1.4201,0.4779,-0.6768,Immediate intervention to reignite brand affinity before permanent churn occurs.,High-Priority Win-Back Email / SMS / Direct Outreach,"High-Value Reactivation Voucher (20-25% off), Free Renewal",Send personalized executive outreach asking for direct feedback.,"⚠️ We miss you, {Customer_Name} — Here is 25% off your return",Reclaim Your 25% Discount,2025-05-07 22:00:53,2026-03-25 19:36:38,74,22
CUST-0174,Champions,Cluster 3,🟢 Low Churn Risk,92.4,7.6,11,20,13850.7,647,692.54,Computer Accessories,5,5,5,5,555,5.0,2.49,1727.66,604.68,1.9721,-0.9901,0.5752,"Reward loyalty, maximize retention, elevate brand advocacy, and introduce exclusive high-ticket drops.",VIP Concierge / Direct Email / Exclusive Portal,"VIP Early Access, Concierge Perks, Loyalty Multipliers",Grant 48-hour early access to upcoming product lines.,👑 VIP Exclusive: You have first access to our flagship release,Explore Private Drop,2024-11-11 09:17:24,2026-08-09 13:16:06,120,29
CUST-0263,Champions,Cluster 3,🟢 Low Churn Risk,85.1,14.9,26,15,13847.14,458,923.14,Smart Office & Furniture,4,5,5,3,455,4.25,2.39,2210.28,773.6,1.5552,-0.6095,0.0295,"Reward loyalty, maximize retention, elevate brand advocacy, and introduce exclusive high-ticket drops.",VIP Concierge / Direct Email / Exclusive Portal,"VIP Early Access, Concierge Perks, Loyalty Multipliers",Grant 48-hour early access to upcoming product lines.,👑 VIP Exclusive: You have first access to our flagship release,Explore Private Drop,2025-05-19 21:21:33,2026-07-25 21:21:51,73,22
CUST-0409,Can't Lose Them,Cluster 3,🔴 High Churn Risk,2.0,98.0,301,16,13833.3,469,864.58,Electronics & Audio,1,5,5,3,155,3.5,0.06,50.6,17.71,1.5729,0.8727,-0.9947,"High-touch, high-urgency win-back campaigns and qualitative feedback discovery.",Executive Win-back Email / Phone Concierge / High-Incentive Push,"Aggressive 30% Off Voucher, Complimentary Premium Gift",Deploy 'Voice of Customer' survey with a substantial gift card incentive.,🚨 An urgent message from our leadership team,Restore My VIP Status,2025-05-08 10:15:17,2025-10-23 18:58:29,74,22
CUST-0042,Champions,Cluster 3,🟢 Low Churn Risk,88.5,11.5,26,17,13693.43,677,805.5,Smart Office & Furniture,4,5,5,5,455,4.75,1.97,1584.22,554.48,1.8357,-0.4347,0.2773,"Reward loyalty, maximize retention, elevate brand advocacy, and introduce exclusive high-ticket drops.",VIP Concierge / Direct Email / Exclusive Portal,"VIP Early Access, Concierge Perks, Loyalty Multipliers",Grant 48-hour early access to upcoming product lines.,👑 VIP Exclusive: You have first access to our flagship release,Explore Private Drop,2024-10-12 16:23:04,2026-07-25 13:25:20,77,21
CUST-0144,Champions,Cluster 3,🟢 Low Churn Risk,93.5,6.5,9,15,13490.21,595,899.35,Electronics & Audio,5,5,5,5,555,5.0,2.08,1871.55,655.04,1.6839,-1.0829,0.6352,"Reward loyalty, maximize retention, elevate brand advocacy, and introduce exclusive high-ticket drops.",VIP Concierge / Direct Email / Exclusive Portal,"VIP Early Access, Concierge Perks, Loyalty Multipliers",Grant 48-hour early access to upcoming product lines.,👑 VIP Exclusive: You have first access to our flagship release,Explore Private Drop,2025-01-02 09:13:34,2026-08-11 13:56:30,84,23
CUST-0188,Champions,Cluster 3,🟢 Low Churn Risk,92.0,8.0,9,13,13337.0,314,1025.92,Electronics & Audio,5,4,5,2,545,4.0,3.14,3225.64,1128.97,1.2646,-1.3765,0.2343,"Reward loyalty, maximize retention, elevate brand advocacy, and introduce exclusive high-ticket drops.",VIP Concierge / Direct Email / Exclusive Portal,"VIP Early Access, Concierge Perks, Loyalty Multipliers",Grant 48-hour early access to upcoming product lines.,👑 VIP Exclusive: You have first access to our flagship release,Explore Private Drop,2025-10-10 10:03:06,2026-08-11 18:09:53,60,16
CUST-0081,At-Risk VIPs,Cluster 3,🔴 High Churn Risk,2.0,98.0,214,16,13179.65,554,823.73,Computer Accessories,2,5,5,4,255,4.0,0.05,41.54,14.54,1.635,0.756,-0.7235,Immediate intervention to reignite brand affinity before permanent churn occurs.,High-Priority Win-Back Email / SMS / Direct Outreach,"High-Value Reactivation Voucher (20-25% off), Free Renewal",Send personalized executive outreach asking for direct feedback.,"⚠️ We miss you, {Customer_Name} — Here is 25% off your return",Reclaim Your 25% Discount,2025-02-12 08:13:09,2026-01-18 13:56:05,78,20
CUST-0010,At-Risk VIPs,Cluster 3,🟡 Moderate Watch,55.4,44.6,94,14,13168.24,703,940.59,Smart Office & Furniture,2,4,5,5,245,4.0,0.99,935.07,327.28,1.6497,0.4017,-0.2047,Immediate intervention to reignite brand affinity before permanent churn occurs.,High-Priority Win-Back Email / SMS / Direct Outreach,"High-Value Reactivation Voucher (20-25% off), Free Renewal",Send personalized executive outreach asking for direct feedback.,"⚠️ We miss you, {Customer_Name} — Here is 25% off your return",Reclaim Your 25% Discount,2024-09-16 13:43:50,2026-05-18 21:25:40,64,20
CUST-0425,Can't Lose Them,Cluster 3,🔴 High Churn Risk,2.0,98.0,327,16,13082.73,515,817.67,Electronics & Audio,1,5,5,4,155,3.75,0.05,44.03,15.41,1.5898,0.9796,-0.9496,"High-touch, high-urgency win-back campaigns and qualitative feedback discovery.",Executive Win-back Email / Phone Concierge / High-Incentive Push,"Aggressive 30% Off Voucher, Complimentary Premium Gift",Deploy 'Voice of Customer' survey with a substantial gift card incentive.,🚨 An urgent message from our leadership team,Restore My VIP Status,2025-03-23 20:36:42,2025-09-27 09:36:27,75,20
CUST-0097,Champions,Cluster 3,🟢 Low Churn Risk,89.9,10.1,20,19,12803.1,685,673.85,Wearables & Fitness,4,5,5,5,455,4.75,2.19,1478.62,517.52,1.9094,-0.5949,0.405,"Reward loyalty, maximize retention, elevate brand advocacy, and introduce exclusive high-ticket drops.",VIP Concierge / Direct Email / Exclusive Portal,"VIP Early Access, Concierge Perks, Loyalty Multipliers",Grant 48-hour early access to upcoming product lines.,👑 VIP Exclusive: You have first access to our flagship release,Explore Private Drop,2024-10-03 22:07:12,2026-07-31 15:54:41,89,26
CUST-0383,Champions,Cluster 3,🟢 Low Churn Risk,87.5,12.5,16,18,12718.34,399,706.57,Electronics & Audio,5,5,5,3,555,4.5,3.29,2326.2,814.17,1.6148,-0.9865,0.1491,"Reward loyalty, maximize retention, elevate brand advocacy, and introduce exclusive high-ticket drops.",VIP Concierge / Direct Email / Exclusive Portal,"VIP Early Access, Concierge Perks, Loyalty Multipliers",Grant 48-hour early access to upcoming product lines.,👑 VIP Exclusive: You have first access to our flagship release,Explore Private Drop,2025-07-17 11:30:02,2026-08-04 17:43:42,90,24
CUST-0145,Champions,Cluster 3,🟢 Low Churn Risk,89.6,10.4,12,16,12702.44,335,793.9,Electronics & Audio,5,5,5,2,555,4.25,3.51,2788.02,975.81,1.4399,-1.2161,0.1613,"Reward loyalty, maximize retention, elevate brand advocacy, and introduce exclusive high-ticket drops.",VIP Concierge / Direct Email / Exclusive Portal,"VIP Early Access, Concierge Perks, Loyalty Multipliers",Grant 48-hour early access to upcoming product lines.,👑 VIP Exclusive: You have first access to our flagship release,Explore Private Drop,2025-09-19 15:22:46,2026-08-08 21:17:46,71,21
CUST-0022,Champions,Cluster 3,🟢 Low Churn Risk,93.9,6.1,6,15,12691.36,517,846.09,Wearables & Fitness,5,5,5,4,555,4.75,2.37,2008.57,703.0,1.5985,-1.3636,0.7168,"Reward loyalty, maximize retention, elevate brand advocacy, and introduce exclusive high-ticket drops.",VIP Concierge / Direct Email / Exclusive Portal,"VIP Early Access, Concierge Perks, Loyalty Multipliers",Grant 48-hour early access to upcoming product lines.,👑 VIP Exclusive: You have first access to our flagship release,Explore Private Drop,2025-03-21 10:09:24,2026-08-14 13:27:57,102,23
CUST-0171,Champions,Cluster 3,🟢 Low Churn Risk,90.7,9.3,8,20,12673.7,325,633.69,Electronics & Audio,5,5,5,2,555,4.25,4.5,2849.38,997.28,1.6193,-1.5016,0.2782,"Reward loyalty, maximize retention, elevate brand advocacy, and introduce exclusive high-ticket drops.",VIP Concierge / Direct Email / Exclusive Portal,"VIP Early Access, Concierge Perks, Loyalty Multipliers",Grant 48-hour early access to upcoming product lines.,👑 VIP Exclusive: You have first access to our flagship release,Explore Private Drop,2025-09-29 11:18:45,2026-08-12 13:59:59,88,27
CUST-0157,Champions,Cluster 3,🟢 Low Churn Risk,84.7,15.3,26,19,12544.82,561,660.25,Smart Office & Furniture,4,5,5,4,455,4.5,2.48,1637.25,573.04,1.8029,-0.5385,0.1736,"Reward loyalty, maximize retention, elevate brand advocacy, and introduce exclusive high-ticket drops.",VIP Concierge / Direct Email / Exclusive Portal,"VIP Early Access, Concierge Perks, Loyalty Multipliers",Grant 48-hour early access to upcoming product lines.,👑 VIP Exclusive: You have first access to our flagship release,Explore Private Drop,2025-02-05 14:42:23,2026-07-25 16:21:29,86,27
CUST-0364,Champions,Cluster 3,🟢 Low Churn Risk,91.9,8.1,11,21,12474.34,586,594.02,Electronics & Audio,5,5,5,4,555,4.75,2.84,1687.97,590.79,1.9208,-1.0337,0.5416,"Reward loyalty, maximize retention, elevate brand advocacy, and introduce exclusive high-ticket drops.",VIP Concierge / Direct Email / Exclusive Portal,"VIP Early Access, Concierge Perks, Loyalty Multipliers",Grant 48-hour early access to upcoming product lines.,👑 VIP Exclusive: You have first access to our flagship release,Explore Private Drop,2025-01-11 15:26:26,2026-08-09 18:26:24,106,28
CUST-0202,Champions,Cluster 3,🟢 Low Churn Risk,90.8,9.2,22,15,12468.24,684,831.22,Computer Accessories,4,5,5,5,455,4.75,1.78,1478.59,517.51,1.6973,-0.4884,0.3969,"Reward loyalty, maximize retention, elevate brand advocacy, and introduce exclusive high-ticket drops.",VIP Concierge / Direct Email / Exclusive Portal,"VIP Early Access, Concierge Perks, Loyalty Multipliers",Grant 48-hour early access to upcoming product lines.,👑 VIP Exclusive: You have first access to our flagship release,Explore Private Drop,2024-10-05 15:38:21,2026-07-29 12:04:40,94,22
CUST-0403,Champions,Cluster 3,🟢 Low Churn Risk,90.1,9.9,10,16,12321.11,300,770.07,Smart Office & Furniture,5,5,5,2,555,4.25,3.88,2984.94,1044.73,1.3785,-1.3698,0.1711,"Reward loyalty, maximize retention, elevate brand advocacy, and introduce exclusive high-ticket drops.",VIP Concierge / Direct Email / Exclusive Portal,"VIP Early Access, Concierge Perks, Loyalty Multipliers",Grant 48-hour early access to upcoming product lines.,👑 VIP Exclusive: You have first access to our flagship release,Explore Private Drop,2025-10-24 14:28:47,2026-08-10 13:00:18,83,22
CUST-0089,Champions,Cluster 3,🟢 Low Churn Risk,88.2,11.8,17,18,12276.6,454,682.03,Smart Office & Furniture,4,5,5,3,455,4.25,2.97,2022.32,707.81,1.6577,-0.8805,0.2213,"Reward loyalty, maximize retention, elevate brand advocacy, and introduce exclusive high-ticket drops.",VIP Concierge / Direct Email / Exclusive Portal,"VIP Early Access, Concierge Perks, Loyalty Multipliers",Grant 48-hour early access to upcoming product lines.,👑 VIP Exclusive: You have first access to our flagship release,Explore Private Drop,2025-05-23 19:36:03,2026-08-02 22:04:12,89,25
CUST-0057,At-Risk VIPs,Cluster 3,🔴 High Churn Risk,2.0,98.0,255,10,12182.04,475,1218.2,Smart Office & Furniture,2,3,5,3,235,3.25,0.04,45.9,16.07,1.1393,0.8896,-0.8276,Immediate intervention to reignite brand affinity before permanent churn occurs.,High-Priority Win-Back Email / SMS / Direct Outreach,"High-Value Reactivation Voucher (20-25% off), Free Renewal",Send personalized executive outreach asking for direct feedback.,"⚠️ We miss you, {Customer_Name} — Here is 25% off your return",Reclaim Your 25% Discount,2025-05-02 18:49:02,2025-12-08 14:42:24,49,11
CUST-0003,Champions,Cluster 3,🟢 Low Churn Risk,86.2,13.8,17,16,12094.5,343,755.91,Electronics & Audio,4,5,5,2,455,4.0,3.31,2502.32,875.81,1.4226,-0.9966,0.0542,"Reward loyalty, maximize retention, elevate brand advocacy, and introduce exclusive high-ticket drops.",VIP Concierge / Direct Email / Exclusive Portal,"VIP Early Access, Concierge Perks, Loyalty Multipliers",Grant 48-hour early access to upcoming product lines.,👑 VIP Exclusive: You have first access to our flagship release,Explore Private Drop,2025-09-11 19:37:38,2026-08-03 19:51:33,76,28
CUST-0241,Champions,Cluster 3,🟢 Low Churn Risk,87.2,12.8,21,21,11821.0,596,562.9,Smart Office & Furniture,4,5,5,5,455,4.75,2.66,1495.58,523.45,1.8929,-0.6445,0.3116,"Reward loyalty, maximize retention, elevate brand advocacy, and introduce exclusive high-ticket drops.",VIP Concierge / Direct Email / Exclusive Portal,"VIP Early Access, Concierge Perks, Loyalty Multipliers",Grant 48-hour early access to upcoming product lines.,👑 VIP Exclusive: You have first access to our flagship release,Explore Private Drop,2025-01-01 11:18:10,2026-07-30 12:20:03,99,28
CUST-0093,Champions,Cluster 3,🟢 Low Churn Risk,94.2,5.8,5,15,11735.02,504,782.33,Wearables & Fitness,5,5,5,4,555,4.75,2.43,1904.24,666.48,1.5547,-1.4589,0.7931,"Reward loyalty, maximize retention, elevate brand advocacy, and introduce exclusive high-ticket drops.",VIP Concierge / Direct Email / Exclusive Portal,"VIP Early Access, Concierge Perks, Loyalty Multipliers",Grant 48-hour early access to upcoming product lines.,👑 VIP Exclusive: You have first access to our flagship release,Explore Private Drop,2025-04-03 15:14:38,2026-08-15 19:07:17,90,23
CUST-0101,Champions,Cluster 3,🟢 Low Churn Risk,82.4,17.6,22,18,11730.16,398,651.68,Wearables & Fitness,4,5,5,3,455,4.25,3.11,2024.94,708.73,1.5717,-0.7895,0.0458,"Reward loyalty, maximize retention, elevate brand advocacy, and introduce exclusive high-ticket drops.",VIP Concierge / Direct Email / Exclusive Portal,"VIP Early Access, Concierge Perks, Loyalty Multipliers",Grant 48-hour early access to upcoming product lines.,👑 VIP Exclusive: You have first access to our flagship release,Explore Private Drop,2025-07-18 14:27:34,2026-07-29 21:09:53,82,23
CUST-0449,Can't Lose Them,Cluster 3,🔴 High Churn Risk,2.0,98.0,322,13,11680.39,449,898.49,Wearables & Fitness,1,4,5,3,145,3.25,0.05,45.12,15.79,1.3038,0.9595,-0.9741,"High-touch, high-urgency win-back campaigns and qualitative feedback discovery.",Executive Win-back Email / Phone Concierge / High-Incentive Push,"Aggressive 30% Off Voucher, Complimentary Premium Gift",Deploy 'Voice of Customer' survey with a substantial gift card incentive.,🚨 An urgent message from our leadership team,Restore My VIP Status,2025-05-28 08:30:15,2025-10-02 17:21:08,72,18
CUST-0387,At-Risk VIPs,Cluster 3,🔴 High Churn Risk,2.0,98.0,213,17,11534.32,555,678.49,Wearables & Fitness,2,5,5,4,255,4.0,0.05,36.14,12.65,1.6271,0.7628,-0.6803,Immediate intervention to reignite brand affinity before permanent churn occurs.,High-Priority Win-Back Email / SMS / Direct Outreach,"High-Value Reactivation Voucher (20-25% off), Free Renewal",Send personalized executive outreach asking for direct feedback.,"⚠️ We miss you, {Customer_Name} — Here is 25% off your return",Reclaim Your 25% Discount,2025-02-11 18:28:40,2026-01-18 22:50:54,104,26
CUST-0047,At-Risk VIPs,Cluster 3,🔴 High Churn Risk,2.0,98.0,213,12,11429.17,528,952.43,Electronics & Audio,2,4,5,4,245,3.75,0.04,38.49,13.47,1.3114,0.8078,-0.6766,Immediate intervention to reignite brand affinity before permanent churn occurs.,High-Priority Win-Back Email / SMS / Direct Outreach,"High-Value Reactivation Voucher (20-25% off), Free Renewal",Send personalized executive outreach asking for direct feedback.,"⚠️ We miss you, {Customer_Name} — Here is 25% off your return",Reclaim Your 25% Discount,2025-03-10 10:52:06,2026-01-19 19:23:02,65,17
CUST-0204,Champions,Cluster 3,🟢 Low Churn Risk,89.7,10.3,14,19,11395.93,464,599.79,Wearables & Fitness,5,5,5,3,555,4.5,3.11,1866.01,653.1,1.6835,-0.9807,0.334,"Reward loyalty, maximize retention, elevate brand advocacy, and introduce exclusive high-ticket drops.",VIP Concierge / Direct Email / Exclusive Portal,"VIP Early Access, Concierge Perks, Loyalty Multipliers",Grant 48-hour early access to upcoming product lines.,👑 VIP Exclusive: You have first access to our flagship release,Explore Private Drop,2025-05-13 11:15:15,2026-08-05 22:02:12,79,21
CUST-0164,Champions,Cluster 3,🟢 Low Churn Risk,95.0,5.0,1,14,11375.05,401,812.5,Smart Office & Furniture,5,4,5,3,545,4.25,2.82,2290.93,801.83,1.3989,-2.2309,1.1311,"Reward loyalty, maximize retention, elevate brand advocacy, and introduce exclusive high-ticket drops.",VIP Concierge / Direct Email / Exclusive Portal,"VIP Early Access, Concierge Perks, Loyalty Multipliers",Grant 48-hour early access to upcoming product lines.,👑 VIP Exclusive: You have first access to our flagship release,Explore Private Drop,2025-07-15 08:12:12,2026-08-19 12:41:04,69,20
CUST-0160,Champions,Cluster 3,🟢 Low Churn Risk,93.5,6.5,7,22,11274.84,668,512.49,Computer Accessories,5,5,5,5,555,5.0,2.68,1374.21,480.97,1.9836,-1.21,0.8313,"Reward loyalty, maximize retention, elevate brand advocacy, and introduce exclusive high-ticket drops.",VIP Concierge / Direct Email / Exclusive Portal,"VIP Early Access, Concierge Perks, Loyalty Multipliers",Grant 48-hour early access to upcoming product lines.,👑 VIP Exclusive: You have first access to our flagship release,Explore Private Drop,2024-10-21 12:15:18,2026-08-13 16:28:26,93,30
CUST-0331,Champions,Cluster 3,🟢 Low Churn Risk,90.9,9.1,8,19,11222.23,319,590.64,Computer Accessories,5,5,5,2,555,4.25,4.36,2575.69,901.49,1.5131,-1.4817,0.3128,"Reward loyalty, maximize retention, elevate brand advocacy, and introduce exclusive high-ticket drops.",VIP Concierge / Direct Email / Exclusive Portal,"VIP Early Access, Concierge Perks, Loyalty Multipliers",Grant 48-hour early access to upcoming product lines.,👑 VIP Exclusive: You have first access to our flagship release,Explore Private Drop,2025-10-05 17:23:26,2026-08-12 13:41:42,93,24
CUST-0370,Can't Lose Them,Cluster 3,🔴 High Churn Risk,2.0,98.0,363,17,11212.02,432,659.53,Wearables & Fitness,1,5,5,3,155,3.5,0.07,43.92,15.37,1.4882,0.9666,-1.062,"High-touch, high-urgency win-back campaigns and qualitative feedback discovery.",Executive Win-back Email / Phone Concierge / High-Incentive Push,"Aggressive 30% Off Voucher, Complimentary Premium Gift",Deploy 'Voice of Customer' survey with a substantial gift card incentive.,🚨 An urgent message from our leadership team,Restore My VIP Status,2025-06-14 15:08:12,2025-08-21 22:24:44,100,23
CUST-0355,Champions,Cluster 3,🟡 Moderate Watch,74.1,25.9,28,22,11206.55,460,509.39,Electronics & Audio,4,5,5,3,455,4.25,2.98,1516.03,530.61,1.7832,-0.6071,0.0376,"Reward loyalty, maximize retention, elevate brand advocacy, and introduce exclusive high-ticket drops.",VIP Concierge / Direct Email / Exclusive Portal,"VIP Early Access, Concierge Perks, Loyalty Multipliers",Grant 48-hour early access to upcoming product lines.,👑 VIP Exclusive: You have first access to our flagship release,Explore Private Drop,2025-05-17 16:21:42,2026-07-23 11:12:43,92,26
CUST-0257,At-Risk VIPs,Cluster 3,🔴 High Churn Risk,2.0,98.0,191,17,11173.93,519,657.29,Electronics & Audio,2,5,5,4,255,4.0,0.06,37.19,13.02,1.584,0.6672,-0.6668,Immediate intervention to reignite brand affinity before permanent churn occurs.,High-Priority Win-Back Email / SMS / Direct Outreach,"High-Value Reactivation Voucher (20-25% off), Free Renewal",Send personalized executive outreach asking for direct feedback.,"⚠️ We miss you, {Customer_Name} — Here is 25% off your return",Reclaim Your 25% Discount,2025-03-19 16:56:58,2026-02-10 17:42:00,69,20
CUST-0397,At-Risk VIPs,Cluster 3,🔴 High Churn Risk,6.1,93.9,221,11,11138.12,639,1012.56,Wearables & Fitness,2,4,5,5,245,4.0,0.1,96.37,33.73,1.3166,0.948,-0.5503,Immediate intervention to reignite brand affinity before permanent churn occurs.,High-Priority Win-Back Email / SMS / Direct Outreach,"High-Value Reactivation Voucher (20-25% off), Free Renewal",Send personalized executive outreach asking for direct feedback.,"⚠️ We miss you, {Customer_Name} — Here is 25% off your return",Reclaim Your 25% Discount,2024-11-19 15:48:15,2026-01-11 18:28:34,71,17
CUST-0412,Can't Lose Them,Cluster 3,🔴 High Churn Risk,2.0,98.0,335,13,11017.01,683,847.46,Smart Office & Furniture,1,4,5,5,145,3.75,0.03,29.15,10.2,1.4712,1.2054,-0.6961,"High-touch, high-urgency win-back campaigns and qualitative feedback discovery.",Executive Win-back Email / Phone Concierge / High-Incentive Push,"Aggressive 30% Off Voucher, Complimentary Premium Gift",Deploy 'Voice of Customer' survey with a substantial gift card incentive.,🚨 An urgent message from our leadership team,Restore My VIP Status,2024-10-06 12:05:49,2025-09-19 10:11:21,51,15
CUST-0418,Champions,Cluster 3,🟢 Low Churn Risk,91.6,8.4,13,20,10931.42,628,546.57,Electronics & Audio,5,5,5,5,555,5.0,2.54,1389.19,486.22,1.8497,-0.8735,0.5711,"Reward loyalty, maximize retention, elevate brand advocacy, and introduce exclusive high-ticket drops.",VIP Concierge / Direct Email / Exclusive Portal,"VIP Early Access, Concierge Perks, Loyalty Multipliers",Grant 48-hour early access to upcoming product lines.,👑 VIP Exclusive: You have first access to our flagship release,Explore Private Drop,2024-11-30 15:23:24,2026-08-07 17:27:52,79,30
CUST-0352,Champions,Cluster 3,🟢 Low Churn Risk,86.9,13.1,27,13,10823.5,471,832.58,Electronics & Audio,4,4,5,3,445,4.0,2.09,1740.36,609.13,1.3391,-0.5063,0.1306,"Reward loyalty, maximize retention, elevate brand advocacy, and introduce exclusive high-ticket drops.",VIP Concierge / Direct Email / Exclusive Portal,"VIP Early Access, Concierge Perks, Loyalty Multipliers",Grant 48-hour early access to upcoming product lines.,👑 VIP Exclusive: You have first access to our flagship release,Explore Private Drop,2025-05-06 11:15:53,2026-07-24 09:25:44,67,19
CUST-0417,At-Risk VIPs,Cluster 3,🟡 Moderate Watch,57.8,42.2,99,9,10800.66,509,1200.07,Electronics & Audio,2,3,5,4,235,3.5,0.93,1119.72,391.9,1.0512,0.3863,-0.3287,Immediate intervention to reignite brand affinity before permanent churn occurs.,High-Priority Win-Back Email / SMS / Direct Outreach,"High-Value Reactivation Voucher (20-25% off), Free Renewal",Send personalized executive outreach asking for direct feedback.,"⚠️ We miss you, {Customer_Name} — Here is 25% off your return",Reclaim Your 25% Discount,2025-03-29 19:59:26,2026-05-13 15:25:11,54,13
CUST-0055,Can't Lose Them,Cluster 3,🔴 High Churn Risk,2.0,98.0,279,17,10564.07,463,621.42,Electronics & Audio,1,5,5,3,155,3.5,0.06,38.92,13.62,1.4988,0.8498,-0.8838,"High-touch, high-urgency win-back campaigns and qualitative feedback discovery.",Executive Win-back Email / Phone Concierge / High-Incentive Push,"Aggressive 30% Off Voucher, Complimentary Premium Gift",Deploy 'Voice of Customer' survey with a substantial gift card incentive.,🚨 An urgent message from our leadership team,Restore My VIP Status,2025-05-14 11:15:52,2025-11-14 09:20:02,68,21
CUST-0124,At-Risk VIPs,Cluster 3,🔴 High Churn Risk,30.0,70.0,126,14,10373.83,681,740.99,Wearables & Fitness,2,4,5,5,245,4.0,0.55,410.06,143.52,1.523,0.6012,-0.2678,Immediate intervention to reignite brand affinity before permanent churn occurs.,High-Priority Win-Back Email / SMS / Direct Outreach,"High-Value Reactivation Voucher (20-25% off), Free Renewal",Send personalized executive outreach asking for direct feedback.,"⚠️ We miss you, {Customer_Name} — Here is 25% off your return",Reclaim Your 25% Discount,2024-10-08 13:11:58,2026-04-16 12:31:19,65,19
CUST-0368,At-Risk VIPs,Cluster 3,🟡 Moderate Watch,65.5,34.5,111,9,10306.05,649,1145.12,Electronics & Audio,2,3,5,5,235,3.75,0.85,970.71,339.75,1.1406,0.5863,-0.2019,Immediate intervention to reignite brand affinity before permanent churn occurs.,High-Priority Win-Back Email / SMS / Direct Outreach,"High-Value Reactivation Voucher (20-25% off), Free Renewal",Send personalized executive outreach asking for direct feedback.,"⚠️ We miss you, {Customer_Name} — Here is 25% off your return",Reclaim Your 25% Discount,2024-11-09 13:54:55,2026-05-01 14:05:25,49,15
CUST-0261,Can't Lose Them,Cluster 3,🔴 High Churn Risk,2.0,98.0,335,13,10262.5,582,789.42,Smart Office & Furniture,1,4,5,4,145,3.5,0.04,31.43,11.0,1.3654,1.1353,-0.7765,"High-touch, high-urgency win-back campaigns and qualitative feedback discovery.",Executive Win-back Email / Phone Concierge / High-Incentive Push,"Aggressive 30% Off Voucher, Complimentary Premium Gift",Deploy 'Voice of Customer' survey with a substantial gift card incentive.,🚨 An urgent message from our leadership team,Restore My VIP Status,2025-01-14 21:52:06,2025-09-19 16:40:25,78,18
CUST-0107,Champions,Cluster 3,🟢 Low Churn Risk,84.4,15.6,25,13,10192.88,370,784.07,Smart Office & Furniture,4,4,5,3,445,4.0,2.51,1967.07,688.48,1.2021,-0.6646,0.025,"Reward loyalty, maximize retention, elevate brand advocacy, and introduce exclusive high-ticket drops.",VIP Concierge / Direct Email / Exclusive Portal,"VIP Early Access, Concierge Perks, Loyalty Multipliers",Grant 48-hour early access to upcoming product lines.,👑 VIP Exclusive: You have first access to our flagship release,Explore Private Drop,2025-08-14 21:45:40,2026-07-26 08:32:50,56,19
CUST-0382,Champions,Cluster 3,🟢 Low Churn Risk,87.0,13.0,16,15,10181.51,323,678.77,Computer Accessories,5,5,5,2,555,4.25,3.31,2247.83,786.74,1.2653,-1.0224,0.1048,"Reward loyalty, maximize retention, elevate brand advocacy, and introduce exclusive high-ticket drops.",VIP Concierge / Direct Email / Exclusive Portal,"VIP Early Access, Concierge Perks, Loyalty Multipliers",Grant 48-hour early access to upcoming product lines.,👑 VIP Exclusive: You have first access to our flagship release,Explore Private Drop,2025-10-01 12:19:47,2026-08-04 21:25:38,94,24
CUST-0223,At-Risk VIPs,Cluster 3,🔴 High Churn Risk,3.7,96.3,194,10,10139.85,471,1013.98,Electronics & Audio,2,3,5,3,235,3.25,0.07,71.11,24.89,1.0587,0.7468,-0.6534,Immediate intervention to reignite brand affinity before permanent churn occurs.,High-Priority Win-Back Email / SMS / Direct Outreach,"High-Value Reactivation Voucher (20-25% off), Free Renewal",Send personalized executive outreach asking for direct feedback.,"⚠️ We miss you, {Customer_Name} — Here is 25% off your return",Reclaim Your 25% Discount,2025-05-06 14:00:28,2026-02-07 14:39:36,48,14
CUST-0431,Champions,Cluster 3,🟢 Low Churn Risk,94.9,5.1,1,18,10001.92,322,555.66,Electronics & Audio,5,5,5,2,555,4.25,4.29,2384.69,834.64,1.4496,-2.3718,1.0078,"Reward loyalty, maximize retention, elevate brand advocacy, and introduce exclusive high-ticket drops.",VIP Concierge / Direct Email / Exclusive Portal,"VIP Early Access, Concierge Perks, Loyalty Multipliers",Grant 48-hour early access to upcoming product lines.,👑 VIP Exclusive: You have first access to our flagship release,Explore Private Drop,2025-10-02 18:01:52,2026-08-19 21:26:38,74,22
CUST-0343,Champions,Cluster 3,🟢 Low Churn Risk,90.3,9.7,15,15,9985.42,434,665.69,Electronics & Audio,5,5,5,3,555,4.5,2.67,1774.44,621.06,1.3945,-0.9071,0.3308,"Reward loyalty, maximize retention, elevate brand advocacy, and introduce exclusive high-ticket drops.",VIP Concierge / Direct Email / Exclusive Portal,"VIP Early Access, Concierge Perks, Loyalty Multipliers",Grant 48-hour early access to upcoming product lines.,👑 VIP Exclusive: You have first access to our flagship release,Explore Private Drop,2025-06-12 10:47:16,2026-08-05 18:06:42,66,21
CUST-0078,Champions,Cluster 3,🟢 Low Churn Risk,92.6,7.4,15,13,9934.49,612,764.19,Electronics & Audio,5,4,5,5,545,4.75,1.76,1345.55,470.94,1.433,-0.7039,0.5712,"Reward loyalty, maximize retention, elevate brand advocacy, and introduce exclusive high-ticket drops.",VIP Concierge / Direct Email / Exclusive Portal,"VIP Early Access, Concierge Perks, Loyalty Multipliers",Grant 48-hour early access to upcoming product lines.,👑 VIP Exclusive: You have first access to our flagship release,Explore Private Drop,2024-12-16 19:50:19,2026-08-05 21:20:20,75,23
CUST-0240,Can't Lose Them,Cluster 3,🔴 High Churn Risk,2.0,98.0,286,10,9776.4,583,977.64,Smart Office & Furniture,1,3,5,4,135,3.25,0.03,30.65,10.73,1.1338,1.098,-0.6667,"High-touch, high-urgency win-back campaigns and qualitative feedback discovery.",Executive Win-back Email / Phone Concierge / High-Incentive Push,"Aggressive 30% Off Voucher, Complimentary Premium Gift",Deploy 'Voice of Customer' survey with a substantial gift card incentive.,🚨 An urgent message from our leadership team,Restore My VIP Status,2025-01-14 09:09:01,2025-11-07 20:45:09,61,16
CUST-0335,At-Risk VIPs,Cluster 3,🔴 High Churn Risk,9.3,90.7,134,14,9688.36,528,692.03,Electronics & Audio,2,5,5,4,255,4.0,0.22,149.56,52.35,1.3734,0.5204,-0.4371,Immediate intervention to reignite brand affinity before permanent churn occurs.,High-Priority Win-Back Email / SMS / Direct Outreach,"High-Value Reactivation Voucher (20-25% off), Free Renewal",Send personalized executive outreach asking for direct feedback.,"⚠️ We miss you, {Customer_Name} — Here is 25% off your return",Reclaim Your 25% Discount,2025-03-10 11:13:12,2026-04-08 21:02:40,57,21
CUST-0180,Champions,Cluster 3,🟢 Low Churn Risk,93.9,6.1,8,15,9602.59,676,640.17,Computer Accessories,5,5,5,5,555,5.0,1.86,1191.05,416.87,1.5934,-1.0298,0.8808,"Reward loyalty, maximize retention, elevate brand advocacy, and introduce exclusive high-ticket drops.",VIP Concierge / Direct Email / Exclusive Portal,"VIP Early Access, Concierge Perks, Loyalty Multipliers",Grant 48-hour early access to upcoming product lines.,👑 VIP Exclusive: You have first access to our flagship release,Explore Private Drop,2024-10-13 08:02:08,2026-08-11 22:28:41,82,20
CUST-0386,At-Risk VIPs,Cluster 3,🔴 High Churn Risk,17.5,82.5,147,11,9543.96,536,867.63,Electronics & Audio,2,4,5,4,245,3.75,0.32,279.26,97.74,1.174,0.634,-0.4387,Immediate intervention to reignite brand affinity before permanent churn occurs.,High-Priority Win-Back Email / SMS / Direct Outreach,"High-Value Reactivation Voucher (20-25% off), Free Renewal",Send personalized executive outreach asking for direct feedback.,"⚠️ We miss you, {Customer_Name} — Here is 25% off your return",Reclaim Your 25% Discount,2025-03-02 15:38:16,2026-03-25 22:03:27,51,17
CUST-0098,Potential Growth,Cluster 3,🔴 High Churn Risk,44.5,55.5,44,12,9513.04,246,792.75,Electronics & Audio,3,4,5,2,345,3.5,1.73,1370.64,479.72,0.9062,-0.5078,-0.4456,"Build habitual repurchase cadence, educate on full product ecosystem, and increase frequency.",Educational Email Drips / On-Site Personalization,"Next-Purchase Vouchers, Category Discovery Incentives",Enroll into multi-part ecosystem education workflows.,🚀 Take your experience further: $25 gift for your next order,Claim $25 Credit,2025-12-17 20:07:18,2026-07-06 21:32:46,58,20
CUST-0392,Can't Lose Them,Cluster 3,🔴 High Churn Risk,2.0,98.0,290,12,9474.27,699,789.52,Smart Office & Furniture,1,4,5,5,145,3.75,0.03,24.72,8.65,1.3517,1.168,-0.5599,"High-touch, high-urgency win-back campaigns and qualitative feedback discovery.",Executive Win-back Email / Phone Concierge / High-Incentive Push,"Aggressive 30% Off Voucher, Complimentary Premium Gift",Deploy 'Voice of Customer' survey with a substantial gift card incentive.,🚨 An urgent message from our leadership team,Restore My VIP Status,2024-09-19 22:06:23,2025-11-02 22:12:15,58,16
CUST-0258,At-Risk VIPs,Cluster 3,🔴 High Churn Risk,40.0,60.0,98,9,9468.31,397,1052.03,Smart Office & Furniture,2,3,4,3,234,3.0,0.8,844.76,295.67,0.8776,0.2748,-0.4418,Immediate intervention to reignite brand affinity before permanent churn occurs.,High-Priority Win-Back Email / SMS / Direct Outreach,"High-Value Reactivation Voucher (20-25% off), Free Renewal",Send personalized executive outreach asking for direct feedback.,"⚠️ We miss you, {Customer_Name} — Here is 25% off your return",Reclaim Your 25% Discount,2025-07-19 10:57:40,2026-05-14 10:44:21,50,16
CUST-0152,Champions,Cluster 3,🟢 Low Churn Risk,91.1,8.9,22,14,9461.61,676,675.83,Wearables & Fitness,4,4,4,5,444,4.25,1.69,1144.08,400.43,1.5114,-0.4376,0.4907,"Reward loyalty, maximize retention, elevate brand advocacy, and introduce exclusive high-ticket drops.",VIP Concierge / Direct Email / Exclusive Portal,"VIP Early Access, Concierge Perks, Loyalty Multipliers",Grant 48-hour early access to upcoming product lines.,👑 VIP Exclusive: You have first access to our flagship release,Explore Private Drop,2024-10-13 21:15:33,2026-07-29 19:44:28,60,15
CUST-0428,Potential Growth,Cluster 3,🟡 Moderate Watch,46.3,53.7,54,15,9446.97,381,629.8,Electronics & Audio,3,5,4,3,354,3.75,1.53,965.0,337.75,1.2857,-0.206,-0.2641,"Build habitual repurchase cadence, educate on full product ecosystem, and increase frequency.",Educational Email Drips / On-Site Personalization,"Next-Purchase Vouchers, Category Discovery Incentives",Enroll into multi-part ecosystem education workflows.,🚀 Take your experience further: $25 gift for your next order,Claim $25 Credit,2025-08-04 12:46:02,2026-06-26 22:16:51,55,23
CUST-0311,At-Risk VIPs,Cluster 3,🟡 Moderate Watch,58.8,41.2,95,13,9327.73,697,717.52,Smart Office & Furniture,2,4,4,5,244,3.75,0.99,712.3,249.31,1.4305,0.4723,-0.0891,Immediate intervention to reignite brand affinity before permanent churn occurs.,High-Priority Win-Back Email / SMS / Direct Outreach,"High-Value Reactivation Voucher (20-25% off), Free Renewal",Send personalized executive outreach asking for direct feedback.,"⚠️ We miss you, {Customer_Name} — Here is 25% off your return",Reclaim Your 25% Discount,2024-09-22 13:46:35,2026-05-17 19:13:29,53,16
CUST-0249,At-Risk VIPs,Cluster 3,🔴 High Churn Risk,41.4,58.6,91,11,9323.74,451,847.61,Electronics & Audio,2,3,4,3,234,3.0,0.89,753.13,263.6,1.0928,0.2582,-0.3402,Immediate intervention to reignite brand affinity before permanent churn occurs.,High-Priority Win-Back Email / SMS / Direct Outreach,"High-Value Reactivation Voucher (20-25% off), Free Renewal",Send personalized executive outreach asking for direct feedback.,"⚠️ We miss you, {Customer_Name} — Here is 25% off your return",Reclaim Your 25% Discount,2025-05-26 16:12:00,2026-05-20 22:01:41,46,13
CUST-0129,Can't Lose Them,Cluster 3,🔴 High Churn Risk,2.0,98.0,277,13,9256.75,627,712.06,Smart Office & Furniture,1,4,4,5,144,3.5,0.04,26.49,9.27,1.3576,1.0728,-0.6111,"High-touch, high-urgency win-back campaigns and qualitative feedback discovery.",Executive Win-back Email / Phone Concierge / High-Incentive Push,"Aggressive 30% Off Voucher, Complimentary Premium Gift",Deploy 'Voice of Customer' survey with a substantial gift card incentive.,🚨 An urgent message from our leadership team,Restore My VIP Status,2024-12-01 09:23:50,2025-11-16 17:03:20,55,14
CUST-0030,At-Risk VIPs,Cluster 3,🔴 High Churn Risk,34.5,65.5,167,10,9202.78,697,920.28,Electronics & Audio,2,3,4,5,234,3.5,0.46,422.55,147.89,1.1998,0.8691,-0.2996,Immediate intervention to reignite brand affinity before permanent churn occurs.,High-Priority Win-Back Email / SMS / Direct Outreach,"High-Value Reactivation Voucher (20-25% off), Free Renewal",Send personalized executive outreach asking for direct feedback.,"⚠️ We miss you, {Customer_Name} — Here is 25% off your return",Reclaim Your 25% Discount,2024-09-22 08:12:20,2026-03-06 17:05:35,48,14
CUST-0121,Champions,Cluster 3,🟢 Low Churn Risk,92.8,7.2,9,17,9138.66,504,537.57,Electronics & Audio,5,5,4,4,554,4.5,2.69,1448.54,506.99,1.5377,-1.131,0.6484,"Reward loyalty, maximize retention, elevate brand advocacy, and introduce exclusive high-ticket drops.",VIP Concierge / Direct Email / Exclusive Portal,"VIP Early Access, Concierge Perks, Loyalty Multipliers",Grant 48-hour early access to upcoming product lines.,👑 VIP Exclusive: You have first access to our flagship release,Explore Private Drop,2025-04-03 15:34:13,2026-08-11 16:43:28,85,25
CUST-0226,Potential Growth,Cluster 3,🟡 Moderate Watch,68.3,31.7,35,15,9079.65,348,605.31,Electronics & Audio,3,5,4,2,354,3.5,2.44,1477.23,517.03,1.2342,-0.506,-0.1283,"Build habitual repurchase cadence, educate on full product ecosystem, and increase frequency.",Educational Email Drips / On-Site Personalization,"Next-Purchase Vouchers, Category Discovery Incentives",Enroll into multi-part ecosystem education workflows.,🚀 Take your experience further: $25 gift for your next order,Claim $25 Credit,2025-09-06 11:57:44,2026-07-16 08:36:03,59,23
CUST-0163,Champions,Cluster 3,🟢 Low Churn Risk,85.6,14.4,20,13,9072.34,318,697.87,Computer Accessories,4,4,4,2,444,3.5,2.89,2018.95,706.63,1.0842,-0.8543,0.0574,"Reward loyalty, maximize retention, elevate brand advocacy, and introduce exclusive high-ticket drops.",VIP Concierge / Direct Email / Exclusive Portal,"VIP Early Access, Concierge Perks, Loyalty Multipliers",Grant 48-hour early access to upcoming product lines.,👑 VIP Exclusive: You have first access to our flagship release,Explore Private Drop,2025-10-05 22:21:23,2026-07-31 14:56:40,51,17
CUST-0321,Potential Growth,Cluster 3,🟢 Low Churn Risk,81.2,18.8,36,12,9043.75,421,753.65,Electronics & Audio,3,4,4,3,344,3.5,2.0,1510.82,528.79,1.1359,-0.3482,0.0071,"Build habitual repurchase cadence, educate on full product ecosystem, and increase frequency.",Educational Email Drips / On-Site Personalization,"Next-Purchase Vouchers, Category Discovery Incentives",Enroll into multi-part ecosystem education workflows.,🚀 Take your experience further: $25 gift for your next order,Claim $25 Credit,2025-06-25 14:33:02,2026-07-15 18:04:12,51,20
CUST-0033,At-Risk VIPs,Cluster 3,🔴 High Churn Risk,5.2,94.8,197,10,8885.52,508,888.55,Electronics & Audio,2,3,4,4,234,3.25,0.09,82.67,28.93,1.0345,0.8152,-0.565,Immediate intervention to reignite brand affinity before permanent churn occurs.,High-Priority Win-Back Email / SMS / Direct Outreach,"High-Value Reactivation Voucher (20-25% off), Free Renewal",Send personalized executive outreach asking for direct feedback.,"⚠️ We miss you, {Customer_Name} — Here is 25% off your return",Reclaim Your 25% Discount,2025-03-30 13:17:21,2026-02-04 13:18:08,63,15
CUST-0231,At-Risk VIPs,Cluster 3,🔴 High Churn Risk,9.1,90.9,158,14,8843.82,620,631.7,Smart Office & Furniture,2,4,4,5,244,3.75,0.18,115.73,40.51,1.4039,0.7165,-0.3706,Immediate intervention to reignite brand affinity before permanent churn occurs.,High-Priority Win-Back Email / SMS / Direct Outreach,"High-Value Reactivation Voucher (20-25% off), Free Renewal",Send personalized executive outreach asking for direct feedback.,"⚠️ We miss you, {Customer_Name} — Here is 25% off your return",Reclaim Your 25% Discount,2024-12-08 08:34:48,2026-03-14 22:44:39,59,21
CUST-0244,At-Risk VIPs,Cluster 3,🔴 High Churn Risk,3.8,96.2,128,14,8761.81,428,625.84,Electronics & Audio,2,4,4,3,244,3.25,0.11,67.37,23.58,1.2322,0.4018,-0.5205,Immediate intervention to reignite brand affinity before permanent churn occurs.,High-Priority Win-Back Email / SMS / Direct Outreach,"High-Value Reactivation Voucher (20-25% off), Free Renewal",Send personalized executive outreach asking for direct feedback.,"⚠️ We miss you, {Customer_Name} — Here is 25% off your return",Reclaim Your 25% Discount,2025-06-18 08:24:21,2026-04-14 14:31:22,54,19
CUST-0192,At-Risk VIPs,Cluster 3,🟡 Moderate Watch,57.0,43.0,103,12,8707.56,682,725.63,Smart Office & Furniture,2,4,4,5,244,3.75,0.91,662.13,231.74,1.3225,0.5368,-0.1065,Immediate intervention to reignite brand affinity before permanent churn occurs.,High-Priority Win-Back Email / SMS / Direct Outreach,"High-Value Reactivation Voucher (20-25% off), Free Renewal",Send personalized executive outreach asking for direct feedback.,"⚠️ We miss you, {Customer_Name} — Here is 25% off your return",Reclaim Your 25% Discount,2024-10-07 18:48:30,2026-05-08 22:52:26,59,19
CUST-0246,Champions,Cluster 3,🟢 Low Churn Risk,92.3,7.7,15,13,8559.65,571,658.43,Electronics & Audio,5,4,4,4,544,4.25,1.87,1231.49,431.02,1.3344,-0.7158,0.577,"Reward loyalty, maximize retention, elevate brand advocacy, and introduce exclusive high-ticket drops.",VIP Concierge / Direct Email / Exclusive Portal,"VIP Early Access, Concierge Perks, Loyalty Multipliers",Grant 48-hour early access to upcoming product lines.,👑 VIP Exclusive: You have first access to our flagship release,Explore Private Drop,2025-01-26 20:56:53,2026-08-05 16:28:45,50,18
CUST-0437,Potential Growth,Cluster 3,🟢 Low Churn Risk,81.6,18.4,49,14,8533.76,676,609.55,Electronics & Audio,3,5,4,5,354,4.25,1.52,924.98,323.74,1.4504,0.0554,0.1937,"Build habitual repurchase cadence, educate on full product ecosystem, and increase frequency.",Educational Email Drips / On-Site Personalization,"Next-Purchase Vouchers, Category Discovery Incentives",Enroll into multi-part ecosystem education workflows.,🚀 Take your experience further: $25 gift for your next order,Claim $25 Credit,2024-10-13 15:48:15,2026-07-02 10:33:19,51,20
CUST-0284,Can't Lose Them,Cluster 3,🔴 High Churn Risk,2.0,98.0,298,13,8514.19,589,654.94,Smart Office & Furniture,1,4,4,5,144,3.5,0.04,25.79,9.03,1.2899,1.0989,-0.6545,"High-touch, high-urgency win-back campaigns and qualitative feedback discovery.",Executive Win-back Email / Phone Concierge / High-Incentive Push,"Aggressive 30% Off Voucher, Complimentary Premium Gift",Deploy 'Voice of Customer' survey with a substantial gift card incentive.,🚨 An urgent message from our leadership team,Restore My VIP Status,2025-01-08 10:52:39,2025-10-26 13:18:58,61,15
CUST-0264,Champions,Cluster 3,🟢 Low Churn Risk,91.0,9.0,24,12,8492.92,635,707.74,Electronics & Audio,4,4,4,5,444,4.25,1.56,1101.5,385.52,1.3058,-0.371,0.4657,"Reward loyalty, maximize retention, elevate brand advocacy, and introduce exclusive high-ticket drops.",VIP Concierge / Direct Email / Exclusive Portal,"VIP Early Access, Concierge Perks, Loyalty Multipliers",Grant 48-hour early access to upcoming product lines.,👑 VIP Exclusive: You have first access to our flagship release,Explore Private Drop,2024-11-23 10:01:35,2026-07-26 22:55:50,69,19
CUST-0083,At-Risk VIPs,Cluster 3,🔴 High Churn Risk,4.2,95.8,127,14,8426.43,431,601.89,Electronics & Audio,2,4,4,3,244,3.25,0.12,70.31,24.61,1.2182,0.4067,-0.4992,Immediate intervention to reignite brand affinity before permanent churn occurs.,High-Priority Win-Back Email / SMS / Direct Outreach,"High-Value Reactivation Voucher (20-25% off), Free Renewal",Send personalized executive outreach asking for direct feedback.,"⚠️ We miss you, {Customer_Name} — Here is 25% off your return",Reclaim Your 25% Discount,2025-06-15 17:28:43,2026-04-15 21:25:29,72,21
CUST-0227,Potential Growth,Cluster 3,🟡 Moderate Watch,70.6,29.4,49,13,8363.25,448,643.33,Electronics & Audio,3,4,4,3,344,3.5,1.78,1143.33,400.17,1.1897,-0.1352,-0.0618,"Build habitual repurchase cadence, educate on full product ecosystem, and increase frequency.",Educational Email Drips / On-Site Personalization,"Next-Purchase Vouchers, Category Discovery Incentives",Enroll into multi-part ecosystem education workflows.,🚀 Take your experience further: $25 gift for your next order,Claim $25 Credit,2025-05-29 08:50:14,2026-07-02 19:01:21,52,19
CUST-0297,Champions,Cluster 3,🟢 Low Churn Risk,90.5,9.5,21,15,8353.97,625,556.93,Smart Office & Furniture,4,5,4,5,454,4.5,1.93,1072.8,375.48,1.4776,-0.4988,0.4946,"Reward loyalty, maximize retention, elevate brand advocacy, and introduce exclusive high-ticket drops.",VIP Concierge / Direct Email / Exclusive Portal,"VIP Early Access, Concierge Perks, Loyalty Multipliers",Grant 48-hour early access to upcoming product lines.,👑 VIP Exclusive: You have first access to our flagship release,Explore Private Drop,2024-12-03 08:26:05,2026-07-30 10:07:39,52,19
CUST-0133,At-Risk VIPs,Cluster 3,🔴 High Churn Risk,20.3,79.7,129,13,8307.08,573,639.01,Electronics & Audio,2,4,4,4,244,3.5,0.41,261.92,91.67,1.2822,0.5773,-0.3074,Immediate intervention to reignite brand affinity before permanent churn occurs.,High-Priority Win-Back Email / SMS / Direct Outreach,"High-Value Reactivation Voucher (20-25% off), Free Renewal",Send personalized executive outreach asking for direct feedback.,"⚠️ We miss you, {Customer_Name} — Here is 25% off your return",Reclaim Your 25% Discount,2025-01-24 10:35:09,2026-04-12 22:57:15,60,18
CUST-0395,Champions,Cluster 3,🟢 Low Churn Risk,84.6,15.4,23,18,8295.78,467,460.88,Wearables & Fitness,4,5,4,3,454,4.0,2.77,1277.73,447.2,1.4903,-0.6283,0.2514,"Reward loyalty, maximize retention, elevate brand advocacy, and introduce exclusive high-ticket drops.",VIP Concierge / Direct Email / Exclusive Portal,"VIP Early Access, Concierge Perks, Loyalty Multipliers",Grant 48-hour early access to upcoming product lines.,👑 VIP Exclusive: You have first access to our flagship release,Explore Private Drop,2025-05-10 17:54:20,2026-07-28 21:05:21,85,24
CUST-0287,Potential Growth,Cluster 3,🟡 Moderate Watch,59.0,41.0,46,14,8149.37,363,582.1,Electronics & Audio,3,5,4,3,354,3.75,1.91,1110.8,388.78,1.1431,-0.2903,-0.1711,"Build habitual repurchase cadence, educate on full product ecosystem, and increase frequency.",Educational Email Drips / On-Site Personalization,"Next-Purchase Vouchers, Category Discovery Incentives",Enroll into multi-part ecosystem education workflows.,🚀 Take your experience further: $25 gift for your next order,Claim $25 Credit,2025-08-22 14:30:09,2026-07-05 18:49:30,49,19
CUST-0077,Champions,Cluster 3,🟢 Low Churn Risk,75.6,24.4,28,15,8125.94,333,541.73,Smart Office & Furniture,4,5,4,2,454,3.75,2.81,1520.3,532.11,1.1685,-0.6437,-0.0264,"Reward loyalty, maximize retention, elevate brand advocacy, and introduce exclusive high-ticket drops.",VIP Concierge / Direct Email / Exclusive Portal,"VIP Early Access, Concierge Perks, Loyalty Multipliers",Grant 48-hour early access to upcoming product lines.,👑 VIP Exclusive: You have first access to our flagship release,Explore Private Drop,2025-09-21 19:21:42,2026-07-23 21:06:08,57,26
CUST-0305,Champions,Cluster 3,🟢 Low Churn Risk,86.4,13.6,24,17,8089.89,522,475.88,Computer Accessories,4,5,4,4,454,4.25,2.43,1157.44,405.11,1.4819,-0.5315,0.321,"Reward loyalty, maximize retention, elevate brand advocacy, and introduce exclusive high-ticket drops.",VIP Concierge / Direct Email / Exclusive Portal,"VIP Early Access, Concierge Perks, Loyalty Multipliers",Grant 48-hour early access to upcoming product lines.,👑 VIP Exclusive: You have first access to our flagship release,Explore Private Drop,2025-03-16 19:09:13,2026-07-27 16:33:44,77,21
CUST-0293,At-Risk VIPs,Cluster 3,🔴 High Churn Risk,2.5,97.5,154,9,8020.13,318,891.13,Electronics & Audio,2,3,4,2,234,2.75,0.06,53.09,18.58,0.6922,0.4638,-0.7218,Immediate intervention to reignite brand affinity before permanent churn occurs.,High-Priority Win-Back Email / SMS / Direct Outreach,"High-Value Reactivation Voucher (20-25% off), Free Renewal",Send personalized executive outreach asking for direct feedback.,"⚠️ We miss you, {Customer_Name} — Here is 25% off your return",Reclaim Your 25% Discount,2025-10-06 11:49:54,2026-03-19 19:47:44,41,12
CUST-0096,At-Risk VIPs,Cluster 3,🟡 Moderate Watch,45.7,54.3,119,11,8001.16,623,727.38,Electronics & Audio,2,3,4,5,234,3.5,0.74,534.87,187.2,1.1691,0.609,-0.1898,Immediate intervention to reignite brand affinity before permanent churn occurs.,High-Priority Win-Back Email / SMS / Direct Outreach,"High-Value Reactivation Voucher (20-25% off), Free Renewal",Send personalized executive outreach asking for direct feedback.,"⚠️ We miss you, {Customer_Name} — Here is 25% off your return",Reclaim Your 25% Discount,2024-12-05 10:14:00,2026-04-23 11:43:31,40,13
CUST-0301,Potential Growth,Cluster 3,🟡 Moderate Watch,73.6,26.4,43,15,7979.93,483,532.0,Electronics & Audio,3,5,4,4,354,4.0,1.98,1050.88,367.81,1.3245,-0.1966,0.0447,"Build habitual repurchase cadence, educate on full product ecosystem, and increase frequency.",Educational Email Drips / On-Site Personalization,"Next-Purchase Vouchers, Category Discovery Incentives",Enroll into multi-part ecosystem education workflows.,🚀 Take your experience further: $25 gift for your next order,Claim $25 Credit,2025-04-24 08:48:57,2026-07-08 13:11:17,54,24
CUST-0001,At-Risk VIPs,Cluster 3,🟡 Moderate Watch,45.4,54.6,112,13,7948.0,682,611.38,Electronics & Audio,2,4,4,5,244,3.75,0.78,477.71,167.2,1.3458,0.5864,-0.1182,Immediate intervention to reignite brand affinity before permanent churn occurs.,High-Priority Win-Back Email / SMS / Direct Outreach,"High-Value Reactivation Voucher (20-25% off), Free Renewal",Send personalized executive outreach asking for direct feedback.,"⚠️ We miss you, {Customer_Name} — Here is 25% off your return",Reclaim Your 25% Discount,2024-10-07 14:02:07,2026-04-30 18:46:14,55,19
CUST-0251,At-Risk VIPs,Cluster 3,🟡 Moderate Watch,45.7,54.3,105,12,7935.44,596,661.29,Electronics & Audio,2,4,4,5,244,3.75,0.83,547.68,191.69,1.2182,0.4947,-0.171,Immediate intervention to reignite brand affinity before permanent churn occurs.,High-Priority Win-Back Email / SMS / Direct Outreach,"High-Value Reactivation Voucher (20-25% off), Free Renewal",Send personalized executive outreach asking for direct feedback.,"⚠️ We miss you, {Customer_Name} — Here is 25% off your return",Reclaim Your 25% Discount,2025-01-01 10:45:33,2026-05-06 21:26:51,55,18
CUST-0219,Potential Growth,Cluster 3,🟡 Moderate Watch,50.7,49.3,34,15,7823.55,254,521.57,Smart Office & Furniture,3,5,4,2,354,3.5,2.35,1228.07,429.82,1.0227,-0.6593,-0.2709,"Build habitual repurchase cadence, educate on full product ecosystem, and increase frequency.",Educational Email Drips / On-Site Personalization,"Next-Purchase Vouchers, Category Discovery Incentives",Enroll into multi-part ecosystem education workflows.,🚀 Take your experience further: $25 gift for your next order,Claim $25 Credit,2025-12-09 15:46:41,2026-07-16 22:44:29,63,23
CUST-0155,Potential Growth,Cluster 3,🟢 Low Churn Risk,80.9,19.1,42,13,7817.78,523,601.37,Electronics & Audio,3,4,4,4,344,3.75,1.77,1066.18,373.16,1.2342,-0.1389,0.1274,"Build habitual repurchase cadence, educate on full product ecosystem, and increase frequency.",Educational Email Drips / On-Site Personalization,"Next-Purchase Vouchers, Category Discovery Incentives",Enroll into multi-part ecosystem education workflows.,🚀 Take your experience further: $25 gift for your next order,Claim $25 Credit,2025-03-15 10:04:29,2026-07-09 18:48:53,61,25
CUST-0178,Potential Growth,Cluster 3,🟢 Low Churn Risk,83.7,16.3,35,12,7747.39,463,645.62,Electronics & Audio,3,4,4,3,344,3.5,1.9,1228.13,429.85,1.1114,-0.2927,0.1343,"Build habitual repurchase cadence, educate on full product ecosystem, and increase frequency.",Educational Email Drips / On-Site Personalization,"Next-Purchase Vouchers, Category Discovery Incentives",Enroll into multi-part ecosystem education workflows.,🚀 Take your experience further: $25 gift for your next order,Claim $25 Credit,2025-05-14 13:14:40,2026-07-16 17:34:52,48,20
CUST-0142,At-Risk VIPs,Cluster 3,🟡 Moderate Watch,50.6,49.4,152,9,7722.92,705,858.1,Electronics & Audio,2,3,4,5,234,3.5,0.61,521.21,182.42,1.0442,0.865,-0.182,Immediate intervention to reignite brand affinity before permanent churn occurs.,High-Priority Win-Back Email / SMS / Direct Outreach,"High-Value Reactivation Voucher (20-25% off), Free Renewal",Send personalized executive outreach asking for direct feedback.,"⚠️ We miss you, {Customer_Name} — Here is 25% off your return",Reclaim Your 25% Discount,2024-09-14 18:06:25,2026-03-20 21:28:39,52,15
CUST-0044,At-Risk VIPs,Cluster 3,🔴 High Churn Risk,30.9,69.1,125,13,7709.61,637,593.05,Smart Office & Furniture,2,4,4,5,244,3.75,0.57,335.52,117.43,1.2985,0.6234,-0.199,Immediate intervention to reignite brand affinity before permanent churn occurs.,High-Priority Win-Back Email / SMS / Direct Outreach,"High-Value Reactivation Voucher (20-25% off), Free Renewal",Send personalized executive outreach asking for direct feedback.,"⚠️ We miss you, {Customer_Name} — Here is 25% off your return",Reclaim Your 25% Discount,2024-11-21 08:54:08,2026-04-17 11:53:07,43,16
CUST-0439,At-Risk VIPs,Cluster 3,🔴 High Churn Risk,12.7,87.3,162,12,7705.68,592,642.14,Electronics & Audio,2,4,4,5,244,3.75,0.23,148.86,52.1,1.1937,0.7602,-0.3495,Immediate intervention to reignite brand affinity before permanent churn occurs.,High-Priority Win-Back Email / SMS / Direct Outreach,"High-Value Reactivation Voucher (20-25% off), Free Renewal",Send personalized executive outreach asking for direct feedback.,"⚠️ We miss you, {Customer_Name} — Here is 25% off your return",Reclaim Your 25% Discount,2025-01-05 18:40:39,2026-03-10 22:38:55,62,19
CUST-0092,Can't Lose Them,Cluster 3,🔴 High Churn Risk,2.0,98.0,357,11,7628.2,590,693.47,Electronics & Audio,1,3,4,5,134,3.25,0.03,23.43,8.2,1.1015,1.2602,-0.677,"High-touch, high-urgency win-back campaigns and qualitative feedback discovery.",Executive Win-back Email / Phone Concierge / High-Incentive Push,"Aggressive 30% Off Voucher, Complimentary Premium Gift",Deploy 'Voice of Customer' survey with a substantial gift card incentive.,🚨 An urgent message from our leadership team,Restore My VIP Status,2025-01-07 17:50:10,2025-08-28 08:08:14,52,14
CUST-0255,Potential Growth,Cluster 3,🟢 Low Churn Risk,84.3,15.7,35,14,7559.65,552,539.98,Electronics & Audio,3,5,4,4,354,4.0,1.88,1017.58,356.15,1.3088,-0.2301,0.2433,"Build habitual repurchase cadence, educate on full product ecosystem, and increase frequency.",Educational Email Drips / On-Site Personalization,"Next-Purchase Vouchers, Category Discovery Incentives",Enroll into multi-part ecosystem education workflows.,🚀 Take your experience further: $25 gift for your next order,Claim $25 Credit,2025-02-14 12:54:33,2026-07-15 22:10:06,45,19
CUST-0436,At-Risk VIPs,Cluster 3,🔴 High Churn Risk,2.0,98.0,180,14,7532.6,462,538.04,Electronics & Audio,2,5,4,3,254,3.5,0.05,28.2,9.87,1.1936,0.6722,-0.5635,Immediate intervention to reignite brand affinity before permanent churn occurs.,High-Priority Win-Back Email / SMS / Direct Outreach,"High-Value Reactivation Voucher (20-25% off), Free Renewal",Send personalized executive outreach asking for direct feedback.,"⚠️ We miss you, {Customer_Name} — Here is 25% off your return",Reclaim Your 25% Discount,2025-05-15 21:09:01,2026-02-21 12:56:30,51,18
CUST-0277,At-Risk VIPs,Cluster 3,🔴 High Churn Risk,31.2,68.8,111,11,7356.04,486,668.73,Electronics & Audio,2,4,4,4,244,3.5,0.63,419.42,146.8,1.0179,0.4539,-0.294,Immediate intervention to reignite brand affinity before permanent churn occurs.,High-Priority Win-Back Email / SMS / Direct Outreach,"High-Value Reactivation Voucher (20-25% off), Free Renewal",Send personalized executive outreach asking for direct feedback.,"⚠️ We miss you, {Customer_Name} — Here is 25% off your return",Reclaim Your 25% Discount,2025-04-20 22:17:55,2026-05-01 09:25:02,42,13
CUST-0351,Champions,Cluster 3,🟢 Low Churn Risk,78.8,21.2,29,15,7349.63,382,489.98,Smart Office & Furniture,4,5,4,3,454,4.0,2.6,1274.09,445.93,1.1865,-0.5377,0.0835,"Reward loyalty, maximize retention, elevate brand advocacy, and introduce exclusive high-ticket drops.",VIP Concierge / Direct Email / Exclusive Portal,"VIP Early Access, Concierge Perks, Loyalty Multipliers",Grant 48-hour early access to upcoming product lines.,👑 VIP Exclusive: You have first access to our flagship release,Explore Private Drop,2025-08-03 17:32:35,2026-07-21 21:35:20,58,23
CUST-0172,At-Risk VIPs,Cluster 3,🔴 High Churn Risk,10.2,89.8,146,8,7257.43,350,907.18,Smart Office & Furniture,2,3,4,2,234,2.75,0.21,187.31,65.56,0.5996,0.5177,-0.5913,Immediate intervention to reignite brand affinity before permanent churn occurs.,High-Priority Win-Back Email / SMS / Direct Outreach,"High-Value Reactivation Voucher (20-25% off), Free Renewal",Send personalized executive outreach asking for direct feedback.,"⚠️ We miss you, {Customer_Name} — Here is 25% off your return",Reclaim Your 25% Discount,2025-09-04 12:37:27,2026-03-27 12:28:35,53,15
CUST-0038,Champions,Cluster 3,🟢 Low Churn Risk,94.2,5.8,6,12,7181.99,511,598.5,Electronics & Audio,5,4,4,4,544,4.25,1.96,1173.07,410.57,1.1549,-1.2366,0.9262,"Reward loyalty, maximize retention, elevate brand advocacy, and introduce exclusive high-ticket drops.",VIP Concierge / Direct Email / Exclusive Portal,"VIP Early Access, Concierge Perks, Loyalty Multipliers",Grant 48-hour early access to upcoming product lines.,👑 VIP Exclusive: You have first access to our flagship release,Explore Private Drop,2025-03-27 14:23:43,2026-08-14 17:29:04,51,15
CUST-0340,Champions,Cluster 3,🟢 Low Churn Risk,90.9,9.1,25,13,7116.63,694,547.43,Electronics & Audio,4,4,4,5,444,4.25,1.54,843.41,295.19,1.333,-0.2899,0.5604,"Reward loyalty, maximize retention, elevate brand advocacy, and introduce exclusive high-ticket drops.",VIP Concierge / Direct Email / Exclusive Portal,"VIP Early Access, Concierge Perks, Loyalty Multipliers",Grant 48-hour early access to upcoming product lines.,👑 VIP Exclusive: You have first access to our flagship release,Explore Private Drop,2024-09-25 09:02:08,2026-07-26 20:31:06,68,18
CUST-0336,Potential Growth,Cluster 3,🟢 Low Churn Risk,81.6,18.4,45,13,7111.46,579,547.04,Electronics & Audio,3,4,4,4,344,3.75,1.63,893.22,312.63,1.2377,-0.0312,0.1977,"Build habitual repurchase cadence, educate on full product ecosystem, and increase frequency.",Educational Email Drips / On-Site Personalization,"Next-Purchase Vouchers, Category Discovery Incentives",Enroll into multi-part ecosystem education workflows.,🚀 Take your experience further: $25 gift for your next order,Claim $25 Credit,2025-01-18 10:08:54,2026-07-06 11:51:19,47,20
CUST-0166,At-Risk VIPs,Cluster 3,🔴 High Churn Risk,3.6,96.4,131,11,7082.47,346,643.86,Wearables & Fitness,2,3,4,2,234,2.75,0.1,62.84,22.0,0.8405,0.3887,-0.5737,Immediate intervention to reignite brand affinity before permanent churn occurs.,High-Priority Win-Back Email / SMS / Direct Outreach,"High-Value Reactivation Voucher (20-25% off), Free Renewal",Send personalized executive outreach asking for direct feedback.,"⚠️ We miss you, {Customer_Name} — Here is 25% off your return",Reclaim Your 25% Discount,2025-09-08 08:42:03,2026-04-11 15:40:45,52,15
CUST-0304,Potential Growth,Cluster 3,🟢 Low Churn Risk,76.6,23.4,51,15,7017.65,624,467.84,Smart Office & Furniture,3,5,4,5,354,4.25,1.63,763.83,267.34,1.3825,0.0559,0.1852,"Build habitual repurchase cadence, educate on full product ecosystem, and increase frequency.",Educational Email Drips / On-Site Personalization,"Next-Purchase Vouchers, Category Discovery Incentives",Enroll into multi-part ecosystem education workflows.,🚀 Take your experience further: $25 gift for your next order,Claim $25 Credit,2024-12-04 08:05:53,2026-06-30 11:08:41,45,19
CUST-0094,Potential Growth,Cluster 3,🟡 Moderate Watch,74.0,26.0,35,14,6978.73,373,498.48,Wearables & Fitness,3,4,4,3,344,3.5,2.34,1166.1,408.14,1.0917,-0.4161,0.0142,"Build habitual repurchase cadence, educate on full product ecosystem, and increase frequency.",Educational Email Drips / On-Site Personalization,"Next-Purchase Vouchers, Category Discovery Incentives",Enroll into multi-part ecosystem education workflows.,🚀 Take your experience further: $25 gift for your next order,Claim $25 Credit,2025-08-12 08:33:00,2026-07-16 16:54:11,47,20
CUST-0069,Champions,Cluster 3,🟢 Low Churn Risk,90.4,9.6,23,15,6948.79,670,463.25,Electronics & Audio,4,5,4,5,454,4.5,1.8,836.04,292.61,1.426,-0.3814,0.5662,"Reward loyalty, maximize retention, elevate brand advocacy, and introduce exclusive high-ticket drops.",VIP Concierge / Direct Email / Exclusive Portal,"VIP Early Access, Concierge Perks, Loyalty Multipliers",Grant 48-hour early access to upcoming product lines.,👑 VIP Exclusive: You have first access to our flagship release,Explore Private Drop,2024-10-19 15:57:57,2026-07-28 13:34:14,50,20
CUST-0375,At-Risk VIPs,Cluster 3,🔴 High Churn Risk,4.6,95.4,167,7,6901.88,304,985.98,Electronics & Audio,2,3,4,2,234,2.75,0.09,91.02,31.86,0.405,0.5611,-0.7114,Immediate intervention to reignite brand affinity before permanent churn occurs.,High-Priority Win-Back Email / SMS / Direct Outreach,"High-Value Reactivation Voucher (20-25% off), Free Renewal",Send personalized executive outreach asking for direct feedback.,"⚠️ We miss you, {Customer_Name} — Here is 25% off your return",Reclaim Your 25% Discount,2025-10-20 14:15:25,2026-03-06 11:03:39,30,10
CUST-0193,Potential Growth,Cluster 3,🟢 Low Churn Risk,82.3,17.7,51,9,6868.65,482,763.18,Smart Office & Furniture,3,3,4,4,334,3.5,1.39,1064.39,372.54,0.8366,0.0278,0.0713,"Build habitual repurchase cadence, educate on full product ecosystem, and increase frequency.",Educational Email Drips / On-Site Personalization,"Next-Purchase Vouchers, Category Discovery Incentives",Enroll into multi-part ecosystem education workflows.,🚀 Take your experience further: $25 gift for your next order,Claim $25 Credit,2025-04-25 10:58:31,2026-06-30 19:30:12,29,12
CUST-0027,Potential Growth,Cluster 3,🔴 High Churn Risk,36.4,63.6,50,12,6802.3,253,566.86,Electronics & Audio,3,4,4,2,344,3.25,1.38,783.52,274.23,0.7671,-0.3643,-0.3655,"Build habitual repurchase cadence, educate on full product ecosystem, and increase frequency.",Educational Email Drips / On-Site Personalization,"Next-Purchase Vouchers, Category Discovery Incentives",Enroll into multi-part ecosystem education workflows.,🚀 Take your experience further: $25 gift for your next order,Claim $25 Credit,2025-12-10 17:46:17,2026-06-30 22:16:30,53,19
CUST-0191,Potential Growth,Cluster 3,🟢 Low Churn Risk,78.5,21.5,40,11,6787.99,390,617.09,Electronics & Audio,3,3,4,3,334,3.25,1.92,1182.58,413.9,0.8995,-0.2621,0.0199,"Build habitual repurchase cadence, educate on full product ecosystem, and increase frequency.",Educational Email Drips / On-Site Personalization,"Next-Purchase Vouchers, Category Discovery Incentives",Enroll into multi-part ecosystem education workflows.,🚀 Take your experience further: $25 gift for your next order,Claim $25 Credit,2025-07-26 09:02:52,2026-07-11 16:12:18,37,17
CUST-0100,Potential Growth,Cluster 3,🟡 Moderate Watch,70.1,29.9,55,10,6783.56,389,678.36,Wearables & Fitness,3,3,4,3,334,3.25,1.57,1067.19,373.52,0.8149,-0.0534,-0.1062,"Build habitual repurchase cadence, educate on full product ecosystem, and increase frequency.",Educational Email Drips / On-Site Personalization,"Next-Purchase Vouchers, Category Discovery Incentives",Enroll into multi-part ecosystem education workflows.,🚀 Take your experience further: $25 gift for your next order,Claim $25 Credit,2025-07-27 15:32:02,2026-06-26 15:31:16,37,15
CUST-0012,Champions,Cluster 3,🟢 Low Churn Risk,90.2,9.8,20,17,6658.1,640,391.65,Electronics & Audio,4,5,4,5,454,4.5,2.11,826.58,289.3,1.4927,-0.5048,0.5961,"Reward loyalty, maximize retention, elevate brand advocacy, and introduce exclusive high-ticket drops.",VIP Concierge / Direct Email / Exclusive Portal,"VIP Early Access, Concierge Perks, Loyalty Multipliers",Grant 48-hour early access to upcoming product lines.,👑 VIP Exclusive: You have first access to our flagship release,Explore Private Drop,2024-11-18 19:30:44,2026-07-31 11:34:24,69,21
CUST-0130,Champions,Cluster 3,🟢 Low Churn Risk,90.2,9.8,18,14,6632.59,478,473.76,Computer Accessories,4,4,4,4,444,4.0,2.29,1086.29,380.2,1.1961,-0.675,0.4677,"Reward loyalty, maximize retention, elevate brand advocacy, and introduce exclusive high-ticket drops.",VIP Concierge / Direct Email / Exclusive Portal,"VIP Early Access, Concierge Perks, Loyalty Multipliers",Grant 48-hour early access to upcoming product lines.,👑 VIP Exclusive: You have first access to our flagship release,Explore Private Drop,2025-04-29 18:03:04,2026-08-02 13:19:10,56,19
CUST-0209,Potential Growth,Cluster 3,🟢 Low Churn Risk,83.4,16.6,39,14,6552.43,586,468.03,Smart Office & Furniture,3,4,4,4,344,3.75,1.77,826.8,289.38,1.2706,-0.1127,0.2865,"Build habitual repurchase cadence, educate on full product ecosystem, and increase frequency.",Educational Email Drips / On-Site Personalization,"Next-Purchase Vouchers, Category Discovery Incentives",Enroll into multi-part ecosystem education workflows.,🚀 Take your experience further: $25 gift for your next order,Claim $25 Credit,2025-01-11 10:54:27,2026-07-11 22:14:57,59,22
CUST-0198,Can't Lose Them,Cluster 3,🔴 High Churn Risk,2.0,98.0,354,11,6543.37,632,594.85,Smart Office & Furniture,1,3,4,5,134,3.25,0.03,18.88,6.61,1.065,1.3138,-0.5756,"High-touch, high-urgency win-back campaigns and qualitative feedback discovery.",Executive Win-back Email / Phone Concierge / High-Incentive Push,"Aggressive 30% Off Voucher, Complimentary Premium Gift",Deploy 'Voice of Customer' survey with a substantial gift card incentive.,🚨 An urgent message from our leadership team,Restore My VIP Status,2024-11-26 15:12:25,2025-08-31 16:15:24,44,13
CUST-0238,At-Risk VIPs,Cluster 3,🟡 Moderate Watch,56.3,43.7,119,9,6420.87,598,713.43,Smart Office & Furniture,2,3,4,5,234,3.5,0.79,560.49,196.17,0.8902,0.6612,-0.1223,Immediate intervention to reignite brand affinity before permanent churn occurs.,High-Priority Win-Back Email / SMS / Direct Outreach,"High-Value Reactivation Voucher (20-25% off), Free Renewal",Send personalized executive outreach asking for direct feedback.,"⚠️ We miss you, {Customer_Name} — Here is 25% off your return",Reclaim Your 25% Discount,2024-12-30 16:20:15,2026-04-23 08:43:08,40,12
CUST-0002,Can't Lose Them,Cluster 3,🔴 High Churn Risk,2.0,98.0,350,13,6398.38,712,492.18,Computer Accessories,1,4,4,5,144,3.5,0.03,16.3,5.7,1.2471,1.3382,-0.5007,"High-touch, high-urgency win-back campaigns and qualitative feedback discovery.",Executive Win-back Email / Phone Concierge / High-Incentive Push,"Aggressive 30% Off Voucher, Complimentary Premium Gift",Deploy 'Voice of Customer' survey with a substantial gift card incentive.,🚨 An urgent message from our leadership team,Restore My VIP Status,2024-09-07 19:58:09,2025-09-04 19:03:05,69,17
CUST-0285,Can't Lose Them,Cluster 3,🔴 High Churn Risk,2.0,98.0,286,11,6396.59,587,581.51,Electronics & Audio,1,4,4,5,144,3.5,0.03,19.74,6.91,1.0248,1.1493,-0.5252,"High-touch, high-urgency win-back campaigns and qualitative feedback discovery.",Executive Win-back Email / Phone Concierge / High-Incentive Push,"Aggressive 30% Off Voucher, Complimentary Premium Gift",Deploy 'Voice of Customer' survey with a substantial gift card incentive.,🚨 An urgent message from our leadership team,Restore My VIP Status,2025-01-10 19:22:08,2025-11-07 09:21:57,59,14
CUST-0265,Potential Growth,Cluster 3,🟢 Low Churn Risk,75.6,24.4,59,11,6396.4,524,581.49,Smart Office & Furniture,3,4,4,4,344,3.75,1.42,826.53,289.29,1.0024,0.1306,0.0707,"Build habitual repurchase cadence, educate on full product ecosystem, and increase frequency.",Educational Email Drips / On-Site Personalization,"Next-Purchase Vouchers, Category Discovery Incentives",Enroll into multi-part ecosystem education workflows.,🚀 Take your experience further: $25 gift for your next order,Claim $25 Credit,2025-03-14 17:34:48,2026-06-22 20:51:28,45,17
CUST-0085,At-Risk VIPs,Cluster 3,🔴 High Churn Risk,2.0,98.0,178,13,6357.62,453,489.05,Smart Office & Furniture,2,4,4,3,244,3.25,0.05,24.37,8.53,1.0479,0.6965,-0.5063,Immediate intervention to reignite brand affinity before permanent churn occurs.,High-Priority Win-Back Email / SMS / Direct Outreach,"High-Value Reactivation Voucher (20-25% off), Free Renewal",Send personalized executive outreach asking for direct feedback.,"⚠️ We miss you, {Customer_Name} — Here is 25% off your return",Reclaim Your 25% Discount,2025-05-24 11:29:00,2026-02-23 11:24:35,56,18
CUST-0159,Champions,Cluster 3,🟢 Low Churn Risk,91.5,8.5,21,12,6320.4,610,526.7,Wearables & Fitness,4,4,4,5,444,4.25,1.62,854.82,299.19,1.1578,-0.4236,0.5958,"Reward loyalty, maximize retention, elevate brand advocacy, and introduce exclusive high-ticket drops.",VIP Concierge / Direct Email / Exclusive Portal,"VIP Early Access, Concierge Perks, Loyalty Multipliers",Grant 48-hour early access to upcoming product lines.,👑 VIP Exclusive: You have first access to our flagship release,Explore Private Drop,2024-12-18 10:22:35,2026-07-30 09:12:36,48,19
CUST-0433,At-Risk VIPs,Cluster 3,🔴 High Churn Risk,30.8,69.2,109,14,6300.46,595,450.03,Electronics & Audio,2,5,4,5,254,4.0,0.64,289.31,101.26,1.2407,0.5224,-0.1232,Immediate intervention to reignite brand affinity before permanent churn occurs.,High-Priority Win-Back Email / SMS / Direct Outreach,"High-Value Reactivation Voucher (20-25% off), Free Renewal",Send personalized executive outreach asking for direct feedback.,"⚠️ We miss you, {Customer_Name} — Here is 25% off your return",Reclaim Your 25% Discount,2025-01-01 22:53:54,2026-05-03 16:00:23,51,18
CUST-0213,Potential Growth,Cluster 3,🟢 Low Churn Risk,78.2,21.8,57,12,6218.49,596,518.21,Smart Office & Furniture,3,4,4,5,344,4.0,1.42,734.07,256.92,1.1211,0.1625,0.1711,"Build habitual repurchase cadence, educate on full product ecosystem, and increase frequency.",Educational Email Drips / On-Site Personalization,"Next-Purchase Vouchers, Category Discovery Incentives",Enroll into multi-part ecosystem education workflows.,🚀 Take your experience further: $25 gift for your next order,Claim $25 Credit,2025-01-01 20:44:32,2026-06-23 22:48:36,40,14
CUST-0349,At-Risk VIPs,Cluster 3,🔴 High Churn Risk,15.9,84.1,152,10,6213.37,495,621.34,Electronics & Audio,2,3,4,4,234,3.25,0.29,179.16,62.71,0.8679,0.6996,-0.3486,Immediate intervention to reignite brand affinity before permanent churn occurs.,High-Priority Win-Back Email / SMS / Direct Outreach,"High-Value Reactivation Voucher (20-25% off), Free Renewal",Send personalized executive outreach asking for direct feedback.,"⚠️ We miss you, {Customer_Name} — Here is 25% off your return",Reclaim Your 25% Discount,2025-04-12 08:04:41,2026-03-20 22:22:41,46,16
CUST-0225,At-Risk VIPs,Cluster 3,🔴 High Churn Risk,35.5,64.5,139,9,6170.13,533,685.57,Electronics & Audio,2,3,4,4,234,3.25,0.55,376.34,131.72,0.8162,0.7038,-0.25,Immediate intervention to reignite brand affinity before permanent churn occurs.,High-Priority Win-Back Email / SMS / Direct Outreach,"High-Value Reactivation Voucher (20-25% off), Free Renewal",Send personalized executive outreach asking for direct feedback.,"⚠️ We miss you, {Customer_Name} — Here is 25% off your return",Reclaim Your 25% Discount,2025-03-05 08:16:11,2026-04-03 18:42:44,36,13
CUST-0216,Potential Growth,Cluster 3,🟢 Low Churn Risk,92.3,7.7,19,11,6110.91,606,555.54,Electronics & Audio,4,3,4,5,434,4.0,1.52,845.09,295.78,1.0705,-0.4633,0.652,"Build habitual repurchase cadence, educate on full product ecosystem, and increase frequency.",Educational Email Drips / On-Site Personalization,"Next-Purchase Vouchers, Category Discovery Incentives",Enroll into multi-part ecosystem education workflows.,🚀 Take your experience further: $25 gift for your next order,Claim $25 Credit,2024-12-22 12:22:52,2026-08-01 20:57:15,48,18
CUST-0073,Potential Growth,Cluster 3,🟢 Low Churn Risk,81.0,19.0,53,12,6071.08,615,505.92,Electronics & Audio,3,4,4,5,344,4.0,1.43,721.07,252.37,1.1263,0.1383,0.2305,"Build habitual repurchase cadence, educate on full product ecosystem, and increase frequency.",Educational Email Drips / On-Site Personalization,"Next-Purchase Vouchers, Category Discovery Incentives",Enroll into multi-part ecosystem education workflows.,🚀 Take your experience further: $25 gift for your next order,Claim $25 Credit,2024-12-13 21:01:02,2026-06-27 22:12:06,47,19
CUST-0398,At-Risk VIPs,Cluster 3,🔴 High Churn Risk,7.6,92.4,162,13,6059.45,571,466.11,Electronics & Audio,2,4,4,4,244,3.5,0.15,71.35,24.97,1.1354,0.7638,-0.2981,Immediate intervention to reignite brand affinity before permanent churn occurs.,High-Priority Win-Back Email / SMS / Direct Outreach,"High-Value Reactivation Voucher (20-25% off), Free Renewal",Send personalized executive outreach asking for direct feedback.,"⚠️ We miss you, {Customer_Name} — Here is 25% off your return",Reclaim Your 25% Discount,2025-01-26 12:36:25,2026-03-11 14:27:05,51,19
CUST-0015,Potential Growth,Cluster 3,🟢 Low Churn Risk,86.0,14.0,32,15,6050.98,599,403.4,Smart Office & Furniture,3,5,4,5,354,4.25,1.9,767.41,268.59,1.3062,-0.2209,0.4041,"Build habitual repurchase cadence, educate on full product ecosystem, and increase frequency.",Educational Email Drips / On-Site Personalization,"Next-Purchase Vouchers, Category Discovery Incentives",Enroll into multi-part ecosystem education workflows.,🚀 Take your experience further: $25 gift for your next order,Claim $25 Credit,2024-12-29 18:21:59,2026-07-19 12:31:17,40,20
CUST-0019,At-Risk VIPs,Cluster 3,🔴 High Churn Risk,5.4,94.6,179,10,5984.72,464,598.47,Wearables & Fitness,2,3,4,3,234,3.0,0.1,62.14,21.75,0.8181,0.7725,-0.4476,Immediate intervention to reignite brand affinity before permanent churn occurs.,High-Priority Win-Back Email / SMS / Direct Outreach,"High-Value Reactivation Voucher (20-25% off), Free Renewal",Send personalized executive outreach asking for direct feedback.,"⚠️ We miss you, {Customer_Name} — Here is 25% off your return",Reclaim Your 25% Discount,2025-05-13 18:34:15,2026-02-22 17:19:51,51,15
CUST-0018,At-Risk VIPs,Cluster 3,🟡 Moderate Watch,70.6,29.4,90,11,5979.22,703,543.57,Electronics & Audio,2,3,4,5,234,3.5,1.02,552.06,193.22,1.1004,0.5458,0.108,Immediate intervention to reignite brand affinity before permanent churn occurs.,High-Priority Win-Back Email / SMS / Direct Outreach,"High-Value Reactivation Voucher (20-25% off), Free Renewal",Send personalized executive outreach asking for direct feedback.,"⚠️ We miss you, {Customer_Name} — Here is 25% off your return",Reclaim Your 25% Discount,2024-09-16 20:49:53,2026-05-22 08:23:14,37,14
CUST-0267,Champions,Cluster 3,🟢 Low Churn Risk,91.2,8.8,13,13,5938.64,380,456.82,Electronics & Audio,5,4,4,3,544,4.0,2.65,1209.88,423.46,0.9853,-0.9469,0.4933,"Reward loyalty, maximize retention, elevate brand advocacy, and introduce exclusive high-ticket drops.",VIP Concierge / Direct Email / Exclusive Portal,"VIP Early Access, Concierge Perks, Loyalty Multipliers",Grant 48-hour early access to upcoming product lines.,👑 VIP Exclusive: You have first access to our flagship release,Explore Private Drop,2025-08-04 22:33:14,2026-08-07 12:37:46,50,15
CUST-0298,At-Risk VIPs,Cluster 3,🔴 High Churn Risk,2.1,97.9,174,13,5912.63,495,454.82,Electronics & Audio,2,4,4,4,244,3.5,0.05,22.49,7.87,1.057,0.7389,-0.4136,Immediate intervention to reignite brand affinity before permanent churn occurs.,High-Priority Win-Back Email / SMS / Direct Outreach,"High-Value Reactivation Voucher (20-25% off), Free Renewal",Send personalized executive outreach asking for direct feedback.,"⚠️ We miss you, {Customer_Name} — Here is 25% off your return",Reclaim Your 25% Discount,2025-04-12 19:02:37,2026-02-27 12:41:05,49,15
CUST-0134,Potential Growth,Cluster 3,🔴 High Churn Risk,32.5,67.5,59,15,5909.86,351,393.99,Computer Accessories,3,5,4,2,354,3.5,1.15,454.01,158.9,1.0367,-0.1208,-0.1937,"Build habitual repurchase cadence, educate on full product ecosystem, and increase frequency.",Educational Email Drips / On-Site Personalization,"Next-Purchase Vouchers, Category Discovery Incentives",Enroll into multi-part ecosystem education workflows.,🚀 Take your experience further: $25 gift for your next order,Claim $25 Credit,2025-09-03 15:52:30,2026-06-22 14:48:34,54,22
CUST-0253,At-Risk VIPs,Cluster 3,🔴 High Churn Risk,2.0,98.0,187,12,5877.66,413,489.8,Electronics & Audio,2,4,4,3,244,3.25,0.05,24.6,8.61,0.9034,0.7077,-0.5533,Immediate intervention to reignite brand affinity before permanent churn occurs.,High-Priority Win-Back Email / SMS / Direct Outreach,"High-Value Reactivation Voucher (20-25% off), Free Renewal",Send personalized executive outreach asking for direct feedback.,"⚠️ We miss you, {Customer_Name} — Here is 25% off your return",Reclaim Your 25% Discount,2025-07-03 15:05:32,2026-02-13 22:08:03,65,17
CUST-0179,Potential Growth,Cluster 3,🟢 Low Churn Risk,83.6,16.4,27,10,5872.78,300,587.28,Smart Office & Furniture,4,3,4,2,434,3.25,2.34,1375.43,481.4,0.6437,-0.5881,0.0702,"Build habitual repurchase cadence, educate on full product ecosystem, and increase frequency.",Educational Email Drips / On-Site Personalization,"Next-Purchase Vouchers, Category Discovery Incentives",Enroll into multi-part ecosystem education workflows.,🚀 Take your experience further: $25 gift for your next order,Claim $25 Credit,2025-10-23 22:39:58,2026-07-24 13:26:12,49,18
CUST-0232,Potential Growth,Cluster 3,🟢 Low Churn Risk,82.9,17.1,46,14,5852.32,674,418.02,Electronics & Audio,3,4,4,5,344,4.0,1.55,646.07,226.12,1.2819,0.0749,0.348,"Build habitual repurchase cadence, educate on full product ecosystem, and increase frequency.",Educational Email Drips / On-Site Personalization,"Next-Purchase Vouchers, Category Discovery Incentives",Enroll into multi-part ecosystem education workflows.,🚀 Take your experience further: $25 gift for your next order,Claim $25 Credit,2024-10-15 11:39:07,2026-07-05 14:58:41,41,20
CUST-0316,Potential Growth,Cluster 3,🟢 Low Churn Risk,81.2,18.8,43,15,5825.05,620,388.34,Smart Office & Furniture,3,5,4,5,354,4.25,1.74,675.76,236.52,1.2996,-0.0209,0.3165,"Build habitual repurchase cadence, educate on full product ecosystem, and increase frequency.",Educational Email Drips / On-Site Personalization,"Next-Purchase Vouchers, Category Discovery Incentives",Enroll into multi-part ecosystem education workflows.,🚀 Take your experience further: $25 gift for your next order,Claim $25 Credit,2024-12-08 08:09:38,2026-07-08 18:30:20,49,18
CUST-0273,Potential Growth,Cluster 1,🟢 Low Churn Risk,76.3,23.7,21,4,5820.75,78,1455.19,Electronics & Audio,4,2,4,1,424,2.75,2.59,3765.43,1317.9,-0.6753,-1.2471,-0.6208,"Build habitual repurchase cadence, educate on full product ecosystem, and increase frequency.",Educational Email Drips / On-Site Personalization,"Next-Purchase Vouchers, Category Discovery Incentives",Enroll into multi-part ecosystem education workflows.,🚀 Take your experience further: $25 gift for your next order,Claim $25 Credit,2026-06-03 13:12:26,2026-07-30 20:52:16,23,9
CUST-0212,Potential Growth,Cluster 1,🟡 Moderate Watch,60.3,39.7,23,7,5811.57,98,830.22,Smart Office & Furniture,4,3,4,1,434,3.0,2.82,2338.71,818.55,-0.1562,-1.1782,-0.5573,"Build habitual repurchase cadence, educate on full product ecosystem, and increase frequency.",Educational Email Drips / On-Site Personalization,"Next-Purchase Vouchers, Category Discovery Incentives",Enroll into multi-part ecosystem education workflows.,🚀 Take your experience further: $25 gift for your next order,Claim $25 Credit,2026-05-14 09:35:16,2026-07-27 22:22:39,29,9
CUST-0086,Potential Growth,Cluster 3,🟢 Low Churn Risk,76.9,23.1,52,9,5786.1,399,642.9,Wearables & Fitness,3,3,4,3,334,3.25,1.54,988.51,345.98,0.6722,-0.0294,-0.0016,"Build habitual repurchase cadence, educate on full product ecosystem, and increase frequency.",Educational Email Drips / On-Site Personalization,"Next-Purchase Vouchers, Category Discovery Incentives",Enroll into multi-part ecosystem education workflows.,🚀 Take your experience further: $25 gift for your next order,Claim $25 Credit,2025-07-17 11:20:59,2026-06-29 10:07:23,37,13
CUST-0218,Potential Growth,Cluster 3,🟢 Low Churn Risk,90.7,9.3,37,8,5759.0,640,719.88,Electronics & Audio,3,3,4,5,334,3.75,1.07,772.72,270.45,0.8019,0.0286,0.4626,"Build habitual repurchase cadence, educate on full product ecosystem, and increase frequency.",Educational Email Drips / On-Site Personalization,"Next-Purchase Vouchers, Category Discovery Incentives",Enroll into multi-part ecosystem education workflows.,🚀 Take your experience further: $25 gift for your next order,Claim $25 Credit,2024-11-18 12:42:16,2026-07-14 19:44:04,36,13
CUST-0446,Potential Growth,Cluster 1,🟢 Low Churn Risk,91.3,8.7,9,5,5755.99,114,1151.2,Electronics & Audio,5,2,4,1,524,3.0,2.93,3371.12,1179.89,-0.3292,-1.5775,-0.0516,"Build habitual repurchase cadence, educate on full product ecosystem, and increase frequency.",Educational Email Drips / On-Site Personalization,"Next-Purchase Vouchers, Category Discovery Incentives",Enroll into multi-part ecosystem education workflows.,🚀 Take your experience further: $25 gift for your next order,Claim $25 Credit,2026-04-28 20:25:08,2026-08-10 22:07:06,21,7
CUST-0031,At-Risk VIPs,Cluster 3,🔴 High Churn Risk,8.2,91.8,173,13,5730.4,619,440.8,Electronics & Audio,2,4,4,5,244,3.75,0.15,67.63,23.67,1.1466,0.8535,-0.254,Immediate intervention to reignite brand affinity before permanent churn occurs.,High-Priority Win-Back Email / SMS / Direct Outreach,"High-Value Reactivation Voucher (20-25% off), Free Renewal",Send personalized executive outreach asking for direct feedback.,"⚠️ We miss you, {Customer_Name} — Here is 25% off your return",Reclaim Your 25% Discount,2024-12-09 09:56:39,2026-02-28 14:38:42,47,17
CUST-0440,Potential Growth,Cluster 3,🟢 Low Churn Risk,91.7,8.3,24,9,5664.97,550,629.44,Smart Office & Furniture,4,3,4,4,434,3.75,1.38,868.31,303.91,0.8259,-0.325,0.5376,"Build habitual repurchase cadence, educate on full product ecosystem, and increase frequency.",Educational Email Drips / On-Site Personalization,"Next-Purchase Vouchers, Category Discovery Incentives",Enroll into multi-part ecosystem education workflows.,🚀 Take your experience further: $25 gift for your next order,Claim $25 Credit,2025-02-16 10:54:32,2026-07-26 21:53:44,40,13
CUST-0234,Loyalists,Cluster 3,🟡 Moderate Watch,73.9,26.1,54,8,5601.4,342,700.18,Electronics & Audio,3,3,3,2,333,2.75,1.52,1066.13,373.14,0.4923,-0.0573,-0.0964,"Increase basket size, cross-sell complementary categories, and nurture into Champions.",Automated Email Sequences / SMS Alerts,"Category Bundles, Volume Discounts, Referral Multipliers",Trigger automated cross-sell bundles based on preferred product categories.,💎 Handpicked upgrades for your setup + Member Bonus,Unlock Your Bundle,2025-09-12 15:49:58,2026-06-27 18:50:25,34,11
CUST-0020,Potential Growth,Cluster 1,🟢 Low Churn Risk,93.2,6.8,14,3,5599.12,201,1866.37,Smart Office & Furniture,5,1,3,2,513,2.75,1.35,2520.25,882.09,-0.4476,-0.9525,0.1952,"Build habitual repurchase cadence, educate on full product ecosystem, and increase frequency.",Educational Email Drips / On-Site Personalization,"Next-Purchase Vouchers, Category Discovery Incentives",Enroll into multi-part ecosystem education workflows.,🚀 Take your experience further: $25 gift for your next order,Claim $25 Credit,2026-01-31 13:40:57,2026-08-05 21:32:55,14,5
CUST-0248,Potential Growth,Cluster 3,🟢 Low Churn Risk,92.5,7.5,20,11,5571.68,676,506.52,Smart Office & Furniture,4,3,3,5,433,3.75,1.38,698.8,244.58,1.079,-0.3635,0.7345,"Build habitual repurchase cadence, educate on full product ecosystem, and increase frequency.",Educational Email Drips / On-Site Personalization,"Next-Purchase Vouchers, Category Discovery Incentives",Enroll into multi-part ecosystem education workflows.,🚀 Take your experience further: $25 gift for your next order,Claim $25 Credit,2024-10-13 18:38:28,2026-07-31 21:01:10,31,13
CUST-0056,Loyalists,Cluster 3,🟢 Low Churn Risk,84.3,15.7,29,12,5480.91,396,456.74,Electronics & Audio,4,4,3,3,443,3.5,2.2,1003.28,351.15,0.8882,-0.4297,0.2291,"Increase basket size, cross-sell complementary categories, and nurture into Champions.",Automated Email Sequences / SMS Alerts,"Category Bundles, Volume Discounts, Referral Multipliers",Trigger automated cross-sell bundles based on preferred product categories.,💎 Handpicked upgrades for your setup + Member Bonus,Unlock Your Bundle,2025-07-20 18:13:03,2026-07-22 08:28:27,44,18
CUST-0075,Loyalists,Cluster 3,🟡 Moderate Watch,65.5,34.5,60,15,5439.4,565,362.63,Electronics & Audio,3,5,3,4,353,3.75,1.53,554.36,194.03,1.2197,0.1434,0.1394,"Increase basket size, cross-sell complementary categories, and nurture into Champions.",Automated Email Sequences / SMS Alerts,"Category Bundles, Volume Discounts, Referral Multipliers",Trigger automated cross-sell bundles based on preferred product categories.,💎 Handpicked upgrades for your setup + Member Bonus,Unlock Your Bundle,2025-02-01 08:17:51,2026-06-21 20:09:51,52,20
CUST-0158,At-Risk VIPs,Cluster 3,🔴 High Churn Risk,24.8,75.2,169,10,5405.83,625,540.58,Electronics & Audio,2,3,3,5,233,3.25,0.36,197.16,69.01,0.9117,0.9042,-0.1931,Immediate intervention to reignite brand affinity before permanent churn occurs.,High-Priority Win-Back Email / SMS / Direct Outreach,"High-Value Reactivation Voucher (20-25% off), Free Renewal",Send personalized executive outreach asking for direct feedback.,"⚠️ We miss you, {Customer_Name} — Here is 25% off your return",Reclaim Your 25% Discount,2024-12-03 10:26:52,2026-03-04 20:59:53,38,14
CUST-0295,Loyalists,Cluster 3,🟢 Low Churn Risk,83.0,17.0,26,13,5393.53,356,414.89,Smart Office & Furniture,4,4,3,2,443,3.25,2.55,1057.46,370.11,0.8995,-0.5615,0.2025,"Increase basket size, cross-sell complementary categories, and nurture into Champions.",Automated Email Sequences / SMS Alerts,"Category Bundles, Volume Discounts, Referral Multipliers",Trigger automated cross-sell bundles based on preferred product categories.,💎 Handpicked upgrades for your setup + Member Bonus,Unlock Your Bundle,2025-08-29 11:03:44,2026-07-25 10:57:47,52,18
CUST-0407,At-Risk VIPs,Cluster 3,🔴 High Churn Risk,8.3,91.7,97,12,5374.26,323,447.86,Smart Office & Furniture,2,4,3,2,243,2.75,0.26,114.95,40.23,0.7623,0.1972,-0.4044,Immediate intervention to reignite brand affinity before permanent churn occurs.,High-Priority Win-Back Email / SMS / Direct Outreach,"High-Value Reactivation Voucher (20-25% off), Free Renewal",Send personalized executive outreach asking for direct feedback.,"⚠️ We miss you, {Customer_Name} — Here is 25% off your return",Reclaim Your 25% Discount,2025-10-01 09:22:25,2026-05-15 10:24:25,41,16
CUST-0289,At-Risk VIPs,Cluster 3,🔴 High Churn Risk,7.8,92.2,119,13,5362.0,422,412.46,Electronics & Audio,2,4,3,3,243,3.0,0.21,85.24,29.83,0.9468,0.4416,-0.3229,Immediate intervention to reignite brand affinity before permanent churn occurs.,High-Priority Win-Back Email / SMS / Direct Outreach,"High-Value Reactivation Voucher (20-25% off), Free Renewal",Send personalized executive outreach asking for direct feedback.,"⚠️ We miss you, {Customer_Name} — Here is 25% off your return",Reclaim Your 25% Discount,2025-06-24 20:55:17,2026-04-23 10:53:38,48,17
CUST-0402,Loyalists,Cluster 3,🟡 Moderate Watch,65.7,34.3,50,12,5307.43,383,442.29,Smart Office & Furniture,3,4,3,3,343,3.25,1.76,779.31,272.76,0.8481,-0.1157,-0.0089,"Increase basket size, cross-sell complementary categories, and nurture into Champions.",Automated Email Sequences / SMS Alerts,"Category Bundles, Volume Discounts, Referral Multipliers",Trigger automated cross-sell bundles based on preferred product categories.,💎 Handpicked upgrades for your setup + Member Bonus,Unlock Your Bundle,2025-08-02 15:18:03,2026-07-01 13:30:42,34,15
CUST-0168,Hibernating,Cluster 1,🔴 High Churn Risk,41.1,58.9,41,4,5255.47,83,1313.87,Electronics & Audio,3,2,3,1,323,2.25,1.35,1768.1,618.84,-0.7049,-0.8028,-0.8223,Low-cost reactivation or systematic email hygiene to protect sender reputation.,Automated Re-permission Email / Social Lookalike Exclusion,"Clearance Discounts, Re-Opt-in Incentives",Include in seasonal flash liquidation and clearance blasts.,💤 Should we say goodbye? Seasonal clearance inside,Stay Subscribed & Save,2026-05-29 08:13:19,2026-07-10 13:33:10,23,8
CUST-0066,At-Risk VIPs,Cluster 3,🔴 High Churn Risk,2.0,98.0,151,13,5219.71,401,401.52,Computer Accessories,2,4,3,3,243,3.0,0.06,22.26,7.79,0.9066,0.5651,-0.4483,Immediate intervention to reignite brand affinity before permanent churn occurs.,High-Priority Win-Back Email / SMS / Direct Outreach,"High-Value Reactivation Voucher (20-25% off), Free Renewal",Send personalized executive outreach asking for direct feedback.,"⚠️ We miss you, {Customer_Name} — Here is 25% off your return",Reclaim Your 25% Discount,2025-07-15 17:55:33,2026-03-22 20:37:34,51,15
CUST-0150,Loyalists,Cluster 3,🟡 Moderate Watch,72.3,27.7,39,11,5208.48,317,473.5,Electronics & Audio,3,3,3,2,333,2.75,2.1,996.6,348.81,0.6859,-0.3408,-0.014,"Increase basket size, cross-sell complementary categories, and nurture into Champions.",Automated Email Sequences / SMS Alerts,"Category Bundles, Volume Discounts, Referral Multipliers",Trigger automated cross-sell bundles based on preferred product categories.,💎 Handpicked upgrades for your setup + Member Bonus,Unlock Your Bundle,2025-10-07 09:11:29,2026-07-12 19:15:02,41,16
CUST-0376,Loyalists,Cluster 3,🟢 Low Churn Risk,84.7,15.3,51,9,5205.06,547,578.34,Computer Accessories,3,3,3,4,333,3.25,1.28,741.07,259.37,0.7714,0.1352,0.2495,"Increase basket size, cross-sell complementary categories, and nurture into Champions.",Automated Email Sequences / SMS Alerts,"Category Bundles, Volume Discounts, Referral Multipliers",Trigger automated cross-sell bundles based on preferred product categories.,💎 Handpicked upgrades for your setup + Member Bonus,Unlock Your Bundle,2025-02-19 15:49:52,2026-06-30 13:11:34,46,15
CUST-0411,Loyalists,Cluster 3,🟡 Moderate Watch,65.7,34.3,39,14,5175.28,345,369.66,Computer Accessories,3,5,3,2,353,3.25,2.22,820.0,287.0,0.9201,-0.3441,0.0208,"Increase basket size, cross-sell complementary categories, and nurture into Champions.",Automated Email Sequences / SMS Alerts,"Category Bundles, Volume Discounts, Referral Multipliers",Trigger automated cross-sell bundles based on preferred product categories.,💎 Handpicked upgrades for your setup + Member Bonus,Unlock Your Bundle,2025-09-09 14:19:02,2026-07-12 10:36:32,53,21
CUST-0165,Loyalists,Cluster 3,🟢 Low Churn Risk,86.3,13.7,37,13,5157.52,621,396.73,Electronics & Audio,3,4,3,5,343,3.75,1.62,642.85,225.0,1.1305,-0.0628,0.4358,"Increase basket size, cross-sell complementary categories, and nurture into Champions.",Automated Email Sequences / SMS Alerts,"Category Bundles, Volume Discounts, Referral Multipliers",Trigger automated cross-sell bundles based on preferred product categories.,💎 Handpicked upgrades for your setup + Member Bonus,Unlock Your Bundle,2024-12-07 14:02:32,2026-07-14 18:57:57,36,16
CUST-0324,Loyalists,Cluster 3,🟢 Low Churn Risk,80.0,20.0,32,14,5094.05,412,363.86,Computer Accessories,4,5,3,3,453,3.75,2.32,843.35,295.17,0.9989,-0.37,0.2248,"Increase basket size, cross-sell complementary categories, and nurture into Champions.",Automated Email Sequences / SMS Alerts,"Category Bundles, Volume Discounts, Referral Multipliers",Trigger automated cross-sell bundles based on preferred product categories.,💎 Handpicked upgrades for your setup + Member Bonus,Unlock Your Bundle,2025-07-04 11:43:31,2026-07-19 09:20:59,51,19
CUST-0308,At-Risk VIPs,Cluster 3,🟡 Moderate Watch,48.6,51.4,99,9,5039.08,447,559.9,Wearables & Fitness,2,3,3,3,233,2.75,0.88,492.61,172.41,0.6509,0.4396,-0.1515,Immediate intervention to reignite brand affinity before permanent churn occurs.,High-Priority Win-Back Email / SMS / Direct Outreach,"High-Value Reactivation Voucher (20-25% off), Free Renewal",Send personalized executive outreach asking for direct feedback.,"⚠️ We miss you, {Customer_Name} — Here is 25% off your return",Reclaim Your 25% Discount,2025-05-30 09:56:02,2026-05-13 20:11:00,43,12
CUST-0338,Potential Growth,Cluster 1,🔴 High Churn Risk,43.0,57.0,20,7,5025.61,67,717.94,Smart Office & Furniture,4,3,3,1,433,2.75,2.5,1792.18,627.26,-0.3927,-1.4282,-0.6966,"Build habitual repurchase cadence, educate on full product ecosystem, and increase frequency.",Educational Email Drips / On-Site Personalization,"Next-Purchase Vouchers, Category Discovery Incentives",Enroll into multi-part ecosystem education workflows.,🚀 Take your experience further: $25 gift for your next order,Claim $25 Credit,2026-06-14 14:48:14,2026-07-31 18:17:49,30,11
CUST-0320,At-Risk VIPs,Cluster 3,🟡 Moderate Watch,48.8,51.2,102,12,4981.63,602,415.14,Computer Accessories,2,4,3,5,243,3.5,0.87,363.22,127.13,1.0157,0.5549,0.008,Immediate intervention to reignite brand affinity before permanent churn occurs.,High-Priority Win-Back Email / SMS / Direct Outreach,"High-Value Reactivation Voucher (20-25% off), Free Renewal",Send personalized executive outreach asking for direct feedback.,"⚠️ We miss you, {Customer_Name} — Here is 25% off your return",Reclaim Your 25% Discount,2024-12-26 16:29:37,2026-05-10 20:09:01,41,15
CUST-0388,Loyalists,Cluster 3,🟢 Low Churn Risk,85.5,14.5,46,11,4955.47,622,450.5,Electronics & Audio,3,4,3,5,343,3.75,1.38,619.94,216.98,0.9726,0.1074,0.3753,"Increase basket size, cross-sell complementary categories, and nurture into Champions.",Automated Email Sequences / SMS Alerts,"Category Bundles, Volume Discounts, Referral Multipliers",Trigger automated cross-sell bundles based on preferred product categories.,💎 Handpicked upgrades for your setup + Member Bonus,Unlock Your Bundle,2024-12-06 15:05:30,2026-07-05 16:30:41,36,14
CUST-0021,Potential Growth,Cluster 3,🟢 Low Churn Risk,83.8,16.2,20,11,4943.29,245,449.39,Smart Office & Furniture,4,3,3,2,433,3.0,3.02,1356.04,474.62,0.556,-0.8587,0.1114,"Build habitual repurchase cadence, educate on full product ecosystem, and increase frequency.",Educational Email Drips / On-Site Personalization,"Next-Purchase Vouchers, Category Discovery Incentives",Enroll into multi-part ecosystem education workflows.,🚀 Take your experience further: $25 gift for your next order,Claim $25 Credit,2025-12-18 16:57:31,2026-07-31 14:17:34,32,12
CUST-0239,Loyalists,Cluster 3,🟢 Low Churn Risk,88.3,11.7,50,8,4900.05,634,612.51,Smart Office & Furniture,3,3,3,5,333,3.5,1.05,645.35,225.87,0.7198,0.2298,0.386,"Increase basket size, cross-sell complementary categories, and nurture into Champions.",Automated Email Sequences / SMS Alerts,"Category Bundles, Volume Discounts, Referral Multipliers",Trigger automated cross-sell bundles based on preferred product categories.,💎 Handpicked upgrades for your setup + Member Bonus,Unlock Your Bundle,2024-11-24 13:07:50,2026-06-30 22:53:59,26,11
CUST-0128,Loyalists,Cluster 3,🟡 Moderate Watch,70.3,29.7,43,12,4861.22,362,405.1,Wearables & Fitness,3,4,3,2,343,3.0,1.98,801.78,280.62,0.7857,-0.2212,0.0476,"Increase basket size, cross-sell complementary categories, and nurture into Champions.",Automated Email Sequences / SMS Alerts,"Category Bundles, Volume Discounts, Referral Multipliers",Trigger automated cross-sell bundles based on preferred product categories.,💎 Handpicked upgrades for your setup + Member Bonus,Unlock Your Bundle,2025-08-23 16:29:27,2026-07-08 14:57:41,42,17
CUST-0315,Loyalists,Cluster 3,🟢 Low Churn Risk,88.2,11.8,39,8,4786.23,488,598.28,Smart Office & Furniture,3,3,3,4,333,3.25,1.33,797.07,278.97,0.5928,-0.0483,0.3267,"Increase basket size, cross-sell complementary categories, and nurture into Champions.",Automated Email Sequences / SMS Alerts,"Category Bundles, Volume Discounts, Referral Multipliers",Trigger automated cross-sell bundles based on preferred product categories.,💎 Handpicked upgrades for your setup + Member Bonus,Unlock Your Bundle,2025-04-19 14:02:32,2026-07-12 09:20:55,31,13
CUST-0348,At-Risk VIPs,Cluster 3,🔴 High Churn Risk,6.6,93.4,165,12,4695.59,526,391.3,Smart Office & Furniture,2,4,3,4,243,3.25,0.13,52.52,18.38,0.9176,0.7889,-0.2644,Immediate intervention to reignite brand affinity before permanent churn occurs.,High-Priority Win-Back Email / SMS / Direct Outreach,"High-Value Reactivation Voucher (20-25% off), Free Renewal",Send personalized executive outreach asking for direct feedback.,"⚠️ We miss you, {Customer_Name} — Here is 25% off your return",Reclaim Your 25% Discount,2025-03-12 10:38:20,2026-03-08 10:05:16,40,14
CUST-0140,Loyalists,Cluster 3,🟢 Low Churn Risk,88.6,11.4,34,11,4652.94,594,422.99,Wearables & Fitness,3,3,3,5,333,3.5,1.49,629.15,220.2,0.9289,-0.0872,0.493,"Increase basket size, cross-sell complementary categories, and nurture into Champions.",Automated Email Sequences / SMS Alerts,"Category Bundles, Volume Discounts, Referral Multipliers",Trigger automated cross-sell bundles based on preferred product categories.,💎 Handpicked upgrades for your setup + Member Bonus,Unlock Your Bundle,2025-01-03 18:42:41,2026-07-17 19:56:58,30,12
CUST-0228,Loyalists,Cluster 3,🟡 Moderate Watch,70.1,29.9,42,12,4626.48,352,385.54,Wearables & Fitness,3,4,3,2,343,3.0,2.02,779.35,272.77,0.7511,-0.2418,0.0561,"Increase basket size, cross-sell complementary categories, and nurture into Champions.",Automated Email Sequences / SMS Alerts,"Category Bundles, Volume Discounts, Referral Multipliers",Trigger automated cross-sell bundles based on preferred product categories.,💎 Handpicked upgrades for your setup + Member Bonus,Unlock Your Bundle,2025-09-02 14:03:26,2026-07-09 14:27:25,40,15
CUST-0196,At-Risk VIPs,Cluster 3,🔴 High Churn Risk,2.0,98.0,216,13,4624.67,541,355.74,Computer Accessories,2,4,3,4,243,3.25,0.04,15.13,5.3,0.9843,0.9544,-0.363,Immediate intervention to reignite brand affinity before permanent churn occurs.,High-Priority Win-Back Email / SMS / Direct Outreach,"High-Value Reactivation Voucher (20-25% off), Free Renewal",Send personalized executive outreach asking for direct feedback.,"⚠️ We miss you, {Customer_Name} — Here is 25% off your return",Reclaim Your 25% Discount,2025-02-25 09:41:54,2026-01-16 21:07:13,58,15
CUST-0270,Potential Growth,Cluster 3,🟢 Low Churn Risk,92.5,7.5,12,6,4565.03,238,760.84,Electronics & Audio,5,3,3,2,533,3.25,2.01,1530.78,535.77,0.0384,-1.0414,0.3801,"Build habitual repurchase cadence, educate on full product ecosystem, and increase frequency.",Educational Email Drips / On-Site Personalization,"Next-Purchase Vouchers, Category Discovery Incentives",Enroll into multi-part ecosystem education workflows.,🚀 Take your experience further: $25 gift for your next order,Claim $25 Credit,2025-12-25 10:26:35,2026-08-08 15:03:25,27,10
CUST-0009,At-Risk VIPs,Cluster 3,🔴 High Churn Risk,5.7,94.3,132,13,4489.81,441,345.37,Computer Accessories,2,4,3,3,243,3.0,0.15,50.18,17.56,0.886,0.5548,-0.2771,Immediate intervention to reignite brand affinity before permanent churn occurs.,High-Priority Win-Back Email / SMS / Direct Outreach,"High-Value Reactivation Voucher (20-25% off), Free Renewal",Send personalized executive outreach asking for direct feedback.,"⚠️ We miss you, {Customer_Name} — Here is 25% off your return",Reclaim Your 25% Discount,2025-06-05 12:17:54,2026-04-09 22:24:18,65,20
CUST-0123,At-Risk VIPs,Cluster 3,🟡 Moderate Watch,50.2,49.8,118,12,4454.82,710,371.23,Computer Accessories,2,4,3,5,243,3.5,0.77,287.59,100.66,1.0394,0.7447,0.0927,Immediate intervention to reignite brand affinity before permanent churn occurs.,High-Priority Win-Back Email / SMS / Direct Outreach,"High-Value Reactivation Voucher (20-25% off), Free Renewal",Send personalized executive outreach asking for direct feedback.,"⚠️ We miss you, {Customer_Name} — Here is 25% off your return",Reclaim Your 25% Discount,2024-09-09 17:56:23,2026-04-24 20:56:53,38,15
CUST-0106,Potential Growth,Cluster 1,🟢 Low Churn Risk,92.0,8.0,10,6,4425.44,171,737.57,Smart Office & Furniture,5,2,3,1,523,2.75,2.58,1902.93,666.03,-0.1249,-1.3062,0.2465,"Build habitual repurchase cadence, educate on full product ecosystem, and increase frequency.",Educational Email Drips / On-Site Personalization,"Next-Purchase Vouchers, Category Discovery Incentives",Enroll into multi-part ecosystem education workflows.,🚀 Take your experience further: $25 gift for your next order,Claim $25 Credit,2026-03-02 16:05:05,2026-08-10 14:49:29,23,10
CUST-0189,Loyalists,Cluster 3,🟢 Low Churn Risk,77.0,23.0,35,13,4421.49,379,340.11,Electronics & Audio,3,4,3,3,343,3.25,2.24,762.41,266.84,0.8342,-0.3221,0.1886,"Increase basket size, cross-sell complementary categories, and nurture into Champions.",Automated Email Sequences / SMS Alerts,"Category Bundles, Volume Discounts, Referral Multipliers",Trigger automated cross-sell bundles based on preferred product categories.,💎 Handpicked upgrades for your setup + Member Bonus,Unlock Your Bundle,2025-08-06 18:28:47,2026-07-16 09:22:51,36,15
CUST-0356,Loyalists,Cluster 3,🟡 Moderate Watch,57.7,42.3,38,14,4412.76,294,315.2,Electronics & Audio,3,5,3,2,353,3.25,2.23,703.15,246.1,0.7755,-0.4157,-0.0181,"Increase basket size, cross-sell complementary categories, and nurture into Champions.",Automated Email Sequences / SMS Alerts,"Category Bundles, Volume Discounts, Referral Multipliers",Trigger automated cross-sell bundles based on preferred product categories.,💎 Handpicked upgrades for your setup + Member Bonus,Unlock Your Bundle,2025-10-30 08:27:31,2026-07-13 16:45:02,40,16
CUST-0279,Potential Growth,Cluster 3,🟢 Low Churn Risk,91.9,8.1,18,10,4344.35,476,434.44,Computer Accessories,4,3,3,4,433,3.5,1.73,750.61,262.71,0.7303,-0.5454,0.642,"Build habitual repurchase cadence, educate on full product ecosystem, and increase frequency.",Educational Email Drips / On-Site Personalization,"Next-Purchase Vouchers, Category Discovery Incentives",Enroll into multi-part ecosystem education workflows.,🚀 Take your experience further: $25 gift for your next order,Claim $25 Credit,2025-05-01 15:37:27,2026-08-02 10:16:25,35,14
CUST-0207,Loyalists,Cluster 3,🟢 Low Churn Risk,89.7,10.3,23,14,4317.9,569,308.42,Computer Accessories,4,4,3,4,443,3.75,1.95,601.37,210.48,1.0807,-0.3762,0.6294,"Increase basket size, cross-sell complementary categories, and nurture into Champions.",Automated Email Sequences / SMS Alerts,"Category Bundles, Volume Discounts, Referral Multipliers",Trigger automated cross-sell bundles based on preferred product categories.,💎 Handpicked upgrades for your setup + Member Bonus,Unlock Your Bundle,2025-01-28 11:17:28,2026-07-28 17:08:06,56,21
CUST-0122,Potential Growth,Cluster 1,🟢 Low Churn Risk,93.0,7.0,8,6,4294.39,186,715.73,Electronics & Audio,5,2,3,2,523,3.0,2.45,1753.41,613.69,-0.0956,-1.3823,0.3976,"Build habitual repurchase cadence, educate on full product ecosystem, and increase frequency.",Educational Email Drips / On-Site Personalization,"Next-Purchase Vouchers, Category Discovery Incentives",Enroll into multi-part ecosystem education workflows.,🚀 Take your experience further: $25 gift for your next order,Claim $25 Credit,2026-02-14 22:53:57,2026-08-12 12:25:07,23,9
CUST-0278,Loyalists,Cluster 3,🟡 Moderate Watch,69.4,30.6,56,9,4290.48,354,476.72,Computer Accessories,3,3,3,2,333,2.75,1.54,733.17,256.61,0.482,0.0014,-0.0082,"Increase basket size, cross-sell complementary categories, and nurture into Champions.",Automated Email Sequences / SMS Alerts,"Category Bundles, Volume Discounts, Referral Multipliers",Trigger automated cross-sell bundles based on preferred product categories.,💎 Handpicked upgrades for your setup + Member Bonus,Unlock Your Bundle,2025-08-31 14:55:40,2026-06-25 19:14:58,30,11
CUST-0087,At-Risk VIPs,Cluster 3,🔴 High Churn Risk,33.0,67.0,157,8,4228.1,525,528.51,Electronics & Audio,2,3,3,4,233,3.0,0.47,246.85,86.4,0.5448,0.8517,-0.171,Immediate intervention to reignite brand affinity before permanent churn occurs.,High-Priority Win-Back Email / SMS / Direct Outreach,"High-Value Reactivation Voucher (20-25% off), Free Renewal",Send personalized executive outreach asking for direct feedback.,"⚠️ We miss you, {Customer_Name} — Here is 25% off your return",Reclaim Your 25% Discount,2025-03-13 11:13:54,2026-03-16 14:27:12,30,10
CUST-0229,At-Risk VIPs,Cluster 3,🔴 High Churn Risk,4.0,96.0,165,11,4183.79,443,380.34,Electronics & Audio,2,3,3,3,233,2.75,0.09,33.06,11.57,0.7156,0.7369,-0.329,Immediate intervention to reignite brand affinity before permanent churn occurs.,High-Priority Win-Back Email / SMS / Direct Outreach,"High-Value Reactivation Voucher (20-25% off), Free Renewal",Send personalized executive outreach asking for direct feedback.,"⚠️ We miss you, {Customer_Name} — Here is 25% off your return",Reclaim Your 25% Discount,2025-06-02 22:24:33,2026-03-08 12:59:21,37,12
CUST-0040,Loyalists,Cluster 3,🟡 Moderate Watch,73.8,26.2,31,15,4170.32,350,278.02,Electronics & Audio,4,5,3,2,453,3.5,2.62,729.28,255.25,0.892,-0.4538,0.1935,"Increase basket size, cross-sell complementary categories, and nurture into Champions.",Automated Email Sequences / SMS Alerts,"Category Bundles, Volume Discounts, Referral Multipliers",Trigger automated cross-sell bundles based on preferred product categories.,💎 Handpicked upgrades for your setup + Member Bonus,Unlock Your Bundle,2025-09-04 09:19:11,2026-07-19 21:31:42,40,18
CUST-0156,Loyalists,Cluster 3,🟢 Low Churn Risk,89.4,10.6,39,8,4160.03,558,520.0,Electronics & Audio,3,3,3,4,333,3.25,1.2,622.92,218.02,0.5923,0.0415,0.4627,"Increase basket size, cross-sell complementary categories, and nurture into Champions.",Automated Email Sequences / SMS Alerts,"Category Bundles, Volume Discounts, Referral Multipliers",Trigger automated cross-sell bundles based on preferred product categories.,💎 Handpicked upgrades for your setup + Member Bonus,Unlock Your Bundle,2025-02-08 12:03:25,2026-07-11 22:48:58,29,10
CUST-0032,Loyalists,Cluster 3,🟢 Low Churn Risk,78.6,21.4,26,14,4150.43,318,296.46,Smart Office & Furniture,4,4,3,2,443,3.25,2.84,843.01,295.05,0.7915,-0.5923,0.2117,"Increase basket size, cross-sell complementary categories, and nurture into Champions.",Automated Email Sequences / SMS Alerts,"Category Bundles, Volume Discounts, Referral Multipliers",Trigger automated cross-sell bundles based on preferred product categories.,💎 Handpicked upgrades for your setup + Member Bonus,Unlock Your Bundle,2025-10-06 18:20:14,2026-07-25 16:26:47,32,15
CUST-0262,Potential Growth,Cluster 3,🟢 Low Churn Risk,89.6,10.4,17,7,4140.04,220,591.43,Electronics & Audio,5,3,3,2,533,3.25,2.36,1396.2,488.67,0.0706,-0.8943,0.2094,"Build habitual repurchase cadence, educate on full product ecosystem, and increase frequency.",Educational Email Drips / On-Site Personalization,"Next-Purchase Vouchers, Category Discovery Incentives",Enroll into multi-part ecosystem education workflows.,🚀 Take your experience further: $25 gift for your next order,Claim $25 Credit,2026-01-12 08:29:16,2026-08-03 12:46:35,18,8
CUST-0281,Loyalists,Cluster 3,🟢 Low Churn Risk,87.7,12.3,31,14,4133.58,625,295.26,Electronics & Audio,4,5,3,5,453,4.25,1.75,517.38,181.08,1.0992,-0.1451,0.5827,"Increase basket size, cross-sell complementary categories, and nurture into Champions.",Automated Email Sequences / SMS Alerts,"Category Bundles, Volume Discounts, Referral Multipliers",Trigger automated cross-sell bundles based on preferred product categories.,💎 Handpicked upgrades for your setup + Member Bonus,Unlock Your Bundle,2024-12-03 10:10:26,2026-07-20 13:23:51,36,16
CUST-0116,At-Risk VIPs,Cluster 3,🔴 High Churn Risk,2.0,98.0,176,12,4104.29,341,342.02,Computer Accessories,2,4,3,2,243,2.75,0.06,20.27,7.09,0.6557,0.6299,-0.5293,Immediate intervention to reignite brand affinity before permanent churn occurs.,High-Priority Win-Back Email / SMS / Direct Outreach,"High-Value Reactivation Voucher (20-25% off), Free Renewal",Send personalized executive outreach asking for direct feedback.,"⚠️ We miss you, {Customer_Name} — Here is 25% off your return",Reclaim Your 25% Discount,2025-09-13 09:59:45,2026-02-25 16:09:00,44,14
CUST-0132,Potential Growth,Cluster 3,🟢 Low Churn Risk,87.6,12.4,20,6,4100.5,183,683.42,Electronics & Audio,4,2,3,2,423,2.75,2.33,1595.62,558.47,-0.1401,-0.8629,0.0401,"Build habitual repurchase cadence, educate on full product ecosystem, and increase frequency.",Educational Email Drips / On-Site Personalization,"Next-Purchase Vouchers, Category Discovery Incentives",Enroll into multi-part ecosystem education workflows.,🚀 Take your experience further: $25 gift for your next order,Claim $25 Credit,2026-02-18 14:52:52,2026-07-31 17:33:26,31,10
CUST-0070,Loyalists,Cluster 3,🟢 Low Churn Risk,79.9,20.1,41,9,4071.12,349,452.35,Apparel & Lifestyle,3,3,3,2,333,2.75,1.79,811.02,283.86,0.4579,-0.1851,0.1313,"Increase basket size, cross-sell complementary categories, and nurture into Champions.",Automated Email Sequences / SMS Alerts,"Category Bundles, Volume Discounts, Referral Multipliers",Trigger automated cross-sell bundles based on preferred product categories.,💎 Handpicked upgrades for your setup + Member Bonus,Unlock Your Bundle,2025-09-05 18:51:33,2026-07-10 12:36:06,36,13
CUST-0353,Loyalists,Cluster 3,🟢 Low Churn Risk,79.1,20.9,39,12,4014.41,420,334.53,Smart Office & Furniture,3,4,3,3,343,3.25,1.96,654.59,229.11,0.7709,-0.1746,0.2515,"Increase basket size, cross-sell complementary categories, and nurture into Champions.",Automated Email Sequences / SMS Alerts,"Category Bundles, Volume Discounts, Referral Multipliers",Trigger automated cross-sell bundles based on preferred product categories.,💎 Handpicked upgrades for your setup + Member Bonus,Unlock Your Bundle,2025-06-26 21:11:25,2026-07-12 21:16:48,33,17
CUST-0067,Potential Growth,Cluster 3,🟢 Low Churn Risk,91.6,8.4,20,11,4005.42,543,364.13,Electronics & Audio,4,3,3,4,433,3.5,1.67,607.32,212.56,0.8303,-0.423,0.7045,"Build habitual repurchase cadence, educate on full product ecosystem, and increase frequency.",Educational Email Drips / On-Site Personalization,"Next-Purchase Vouchers, Category Discovery Incentives",Enroll into multi-part ecosystem education workflows.,🚀 Take your experience further: $25 gift for your next order,Claim $25 Credit,2025-02-23 11:29:57,2026-07-30 21:59:12,33,13
CUST-0104,Loyalists,Cluster 3,🟡 Moderate Watch,71.0,29.0,36,7,3987.38,188,569.63,Computer Accessories,3,3,3,2,333,2.75,2.11,1202.91,421.02,-0.0327,-0.5253,-0.1889,"Increase basket size, cross-sell complementary categories, and nurture into Champions.",Automated Email Sequences / SMS Alerts,"Category Bundles, Volume Discounts, Referral Multipliers",Trigger automated cross-sell bundles based on preferred product categories.,💎 Handpicked upgrades for your setup + Member Bonus,Unlock Your Bundle,2026-02-13 12:34:45,2026-07-15 16:25:54,35,11
CUST-0371,Loyalists,Cluster 3,🟢 Low Churn Risk,89.8,10.2,33,11,3971.37,666,361.03,Electronics & Audio,3,4,3,5,343,3.75,1.36,490.44,171.65,0.9117,-0.0222,0.6349,"Increase basket size, cross-sell complementary categories, and nurture into Champions.",Automated Email Sequences / SMS Alerts,"Category Bundles, Volume Discounts, Referral Multipliers",Trigger automated cross-sell bundles based on preferred product categories.,💎 Handpicked upgrades for your setup + Member Bonus,Unlock Your Bundle,2024-10-23 14:31:57,2026-07-18 08:37:47,27,14
CUST-0342,At-Risk VIPs,Cluster 3,🟡 Moderate Watch,68.8,31.2,107,7,3963.83,533,566.26,Computer Accessories,2,3,3,4,233,3.0,0.86,484.99,169.75,0.4259,0.6607,0.036,Immediate intervention to reignite brand affinity before permanent churn occurs.,High-Priority Win-Back Email / SMS / Direct Outreach,"High-Value Reactivation Voucher (20-25% off), Free Renewal",Send personalized executive outreach asking for direct feedback.,"⚠️ We miss you, {Customer_Name} — Here is 25% off your return",Reclaim Your 25% Discount,2025-03-05 15:40:57,2026-05-04 22:58:45,41,12
CUST-0054,Loyalists,Cluster 3,🟡 Moderate Watch,66.5,33.5,57,14,3877.03,512,276.93,Smart Office & Furniture,3,4,3,4,343,3.5,1.59,440.25,154.09,0.9668,0.1291,0.2195,"Increase basket size, cross-sell complementary categories, and nurture into Champions.",Automated Email Sequences / SMS Alerts,"Category Bundles, Volume Discounts, Referral Multipliers",Trigger automated cross-sell bundles based on preferred product categories.,💎 Handpicked upgrades for your setup + Member Bonus,Unlock Your Bundle,2025-03-26 08:36:22,2026-06-24 10:11:41,44,18
CUST-0076,Loyalists,Cluster 3,🟡 Moderate Watch,74.5,25.5,35,11,3876.61,301,352.42,Computer Accessories,3,3,3,2,333,2.75,2.26,798.09,279.33,0.5323,-0.3856,0.0988,"Increase basket size, cross-sell complementary categories, and nurture into Champions.",Automated Email Sequences / SMS Alerts,"Category Bundles, Volume Discounts, Referral Multipliers",Trigger automated cross-sell bundles based on preferred product categories.,💎 Handpicked upgrades for your setup + Member Bonus,Unlock Your Bundle,2025-10-23 21:10:24,2026-07-16 09:27:13,44,17
CUST-0444,Hibernating,Cluster 1,🟢 Low Churn Risk,85.2,14.8,39,3,3845.32,168,1281.77,Electronics & Audio,3,2,3,1,323,2.25,1.41,1809.48,633.32,-0.7169,-0.382,-0.2126,Low-cost reactivation or systematic email hygiene to protect sender reputation.,Automated Re-permission Email / Social Lookalike Exclusion,"Clearance Discounts, Re-Opt-in Incentives",Include in seasonal flash liquidation and clearance blasts.,💤 Should we say goodbye? Seasonal clearance inside,Stay Subscribed & Save,2026-03-05 09:36:42,2026-07-12 16:47:14,25,8
CUST-0272,At-Risk VIPs,Cluster 3,🔴 High Churn Risk,7.9,92.1,159,9,3831.76,402,425.75,Wearables & Fitness,2,3,3,3,233,2.75,0.16,66.7,23.34,0.4705,0.7174,-0.328,Immediate intervention to reignite brand affinity before permanent churn occurs.,High-Priority Win-Back Email / SMS / Direct Outreach,"High-Value Reactivation Voucher (20-25% off), Free Renewal",Send personalized executive outreach asking for direct feedback.,"⚠️ We miss you, {Customer_Name} — Here is 25% off your return",Reclaim Your 25% Discount,2025-07-14 18:26:15,2026-03-14 11:35:52,29,12
CUST-0028,Potential Growth,Cluster 1,🟡 Moderate Watch,61.5,38.5,24,6,3821.77,91,636.96,Electronics & Audio,4,2,3,1,423,2.5,2.64,1680.91,588.32,-0.4965,-1.0966,-0.4652,"Build habitual repurchase cadence, educate on full product ecosystem, and increase frequency.",Educational Email Drips / On-Site Personalization,"Next-Purchase Vouchers, Category Discovery Incentives",Enroll into multi-part ecosystem education workflows.,🚀 Take your experience further: $25 gift for your next order,Claim $25 Credit,2026-05-21 11:20:48,2026-07-27 19:20:57,16,8
CUST-0366,Loyalists,Cluster 3,🟢 Low Churn Risk,75.6,24.4,29,12,3802.49,279,316.87,Wearables & Fitness,4,4,3,2,443,3.25,2.65,839.12,293.69,0.563,-0.5498,0.1257,"Increase basket size, cross-sell complementary categories, and nurture into Champions.",Automated Email Sequences / SMS Alerts,"Category Bundles, Volume Discounts, Referral Multipliers",Trigger automated cross-sell bundles based on preferred product categories.,💎 Handpicked upgrades for your setup + Member Bonus,Unlock Your Bundle,2025-11-14 11:51:20,2026-07-21 21:33:58,46,17
CUST-0313,Hibernating,Cluster 1,🟡 Moderate Watch,71.2,28.8,34,5,3789.39,133,757.88,Smart Office & Furniture,3,2,3,1,323,2.25,2.06,1559.51,545.83,-0.469,-0.6652,-0.3439,Low-cost reactivation or systematic email hygiene to protect sender reputation.,Automated Re-permission Email / Social Lookalike Exclusion,"Clearance Discounts, Re-Opt-in Incentives",Include in seasonal flash liquidation and clearance blasts.,💤 Should we say goodbye? Seasonal clearance inside,Stay Subscribed & Save,2026-04-09 09:31:53,2026-07-17 15:44:41,18,6
CUST-0095,Loyalists,Cluster 3,🟢 Low Churn Risk,81.3,18.7,60,10,3757.61,595,375.76,Smart Office & Furniture,3,3,3,5,333,3.5,1.25,469.92,164.47,0.7464,0.3066,0.3386,"Increase basket size, cross-sell complementary categories, and nurture into Champions.",Automated Email Sequences / SMS Alerts,"Category Bundles, Volume Discounts, Referral Multipliers",Trigger automated cross-sell bundles based on preferred product categories.,💎 Handpicked upgrades for your setup + Member Bonus,Unlock Your Bundle,2025-01-02 14:32:47,2026-06-21 19:30:32,29,13
CUST-0268,Potential Growth,Cluster 3,🟢 Low Churn Risk,93.2,6.8,20,8,3754.56,645,469.32,Electronics & Audio,4,3,3,5,433,3.75,1.09,513.64,179.77,0.626,-0.2648,0.8688,"Build habitual repurchase cadence, educate on full product ecosystem, and increase frequency.",Educational Email Drips / On-Site Personalization,"Next-Purchase Vouchers, Category Discovery Incentives",Enroll into multi-part ecosystem education workflows.,🚀 Take your experience further: $25 gift for your next order,Claim $25 Credit,2024-11-13 15:38:39,2026-07-31 11:15:36,26,10
CUST-0051,Potential Growth,Cluster 3,🟢 Low Churn Risk,85.8,14.2,23,11,3737.22,317,339.75,Computer Accessories,4,3,3,2,433,3.0,2.5,848.61,297.02,0.5477,-0.6027,0.3189,"Build habitual repurchase cadence, educate on full product ecosystem, and increase frequency.",Educational Email Drips / On-Site Personalization,"Next-Purchase Vouchers, Category Discovery Incentives",Enroll into multi-part ecosystem education workflows.,🚀 Take your experience further: $25 gift for your next order,Claim $25 Credit,2025-10-06 21:44:14,2026-07-28 08:19:00,40,13
CUST-0420,Potential Growth,Cluster 3,🟢 Low Churn Risk,88.8,11.2,18,7,3736.85,212,533.84,Smart Office & Furniture,4,3,3,2,433,3.0,2.41,1285.57,449.95,0.0067,-0.8638,0.1973,"Build habitual repurchase cadence, educate on full product ecosystem, and increase frequency.",Educational Email Drips / On-Site Personalization,"Next-Purchase Vouchers, Category Discovery Incentives",Enroll into multi-part ecosystem education workflows.,🚀 Take your experience further: $25 gift for your next order,Claim $25 Credit,2026-01-20 10:19:28,2026-08-01 21:42:13,23,10
CUST-0405,At-Risk VIPs,Cluster 3,🔴 High Churn Risk,25.2,74.8,133,11,3697.41,540,336.13,Computer Accessories,2,4,3,4,243,3.25,0.46,154.95,54.23,0.7562,0.7249,-0.0652,Immediate intervention to reignite brand affinity before permanent churn occurs.,High-Priority Win-Back Email / SMS / Direct Outreach,"High-Value Reactivation Voucher (20-25% off), Free Renewal",Send personalized executive outreach asking for direct feedback.,"⚠️ We miss you, {Customer_Name} — Here is 25% off your return",Reclaim Your 25% Discount,2025-02-26 11:38:06,2026-04-09 08:54:19,44,15
CUST-0183,At-Risk VIPs,Cluster 3,🔴 High Churn Risk,7.7,92.3,137,12,3657.48,450,304.79,Electronics & Audio,2,4,3,3,243,3.0,0.18,54.86,19.2,0.7374,0.6354,-0.2016,Immediate intervention to reignite brand affinity before permanent churn occurs.,High-Priority Win-Back Email / SMS / Direct Outreach,"High-Value Reactivation Voucher (20-25% off), Free Renewal",Send personalized executive outreach asking for direct feedback.,"⚠️ We miss you, {Customer_Name} — Here is 25% off your return",Reclaim Your 25% Discount,2025-05-27 11:00:52,2026-04-05 18:30:54,29,14
CUST-0197,Loyalists,Cluster 3,🟢 Low Churn Risk,81.8,18.2,44,15,3643.34,652,242.89,Electronics & Audio,3,5,3,5,353,4.0,1.67,406.78,142.37,1.1131,0.0918,0.5013,"Increase basket size, cross-sell complementary categories, and nurture into Champions.",Automated Email Sequences / SMS Alerts,"Category Bundles, Volume Discounts, Referral Multipliers",Trigger automated cross-sell bundles based on preferred product categories.,💎 Handpicked upgrades for your setup + Member Bonus,Unlock Your Bundle,2024-11-05 22:01:41,2026-07-07 17:04:54,41,17
CUST-0318,At-Risk VIPs,Cluster 3,🔴 High Churn Risk,7.7,92.3,170,9,3626.72,428,402.97,Computer Accessories,2,3,3,3,233,2.75,0.15,58.51,20.48,0.4736,0.7985,-0.2966,Immediate intervention to reignite brand affinity before permanent churn occurs.,High-Priority Win-Back Email / SMS / Direct Outreach,"High-Value Reactivation Voucher (20-25% off), Free Renewal",Send personalized executive outreach asking for direct feedback.,"⚠️ We miss you, {Customer_Name} — Here is 25% off your return",Reclaim Your 25% Discount,2025-06-18 09:57:24,2026-03-03 08:52:36,42,14
CUST-0131,Loyalists,Cluster 3,🟡 Moderate Watch,64.3,35.7,54,11,3590.55,372,326.41,Computer Accessories,3,3,3,3,333,3.0,1.64,533.81,186.83,0.5878,-0.0061,0.0822,"Increase basket size, cross-sell complementary categories, and nurture into Champions.",Automated Email Sequences / SMS Alerts,"Category Bundles, Volume Discounts, Referral Multipliers",Trigger automated cross-sell bundles based on preferred product categories.,💎 Handpicked upgrades for your setup + Member Bonus,Unlock Your Bundle,2025-08-13 13:38:40,2026-06-26 22:48:03,32,15
CUST-0224,Loyalists,Cluster 3,🟢 Low Churn Risk,85.0,15.0,25,14,3572.23,412,255.16,Computer Accessories,4,4,3,3,443,3.5,2.46,628.91,220.12,0.8451,-0.4609,0.4489,"Increase basket size, cross-sell complementary categories, and nurture into Champions.",Automated Email Sequences / SMS Alerts,"Category Bundles, Volume Discounts, Referral Multipliers",Trigger automated cross-sell bundles based on preferred product categories.,💎 Handpicked upgrades for your setup + Member Bonus,Unlock Your Bundle,2025-07-04 14:01:28,2026-07-26 10:58:26,43,16
CUST-0250,Loyalists,Cluster 3,🟡 Moderate Watch,72.8,27.2,33,7,3566.19,180,509.46,Smart Office & Furniture,3,3,3,2,333,2.75,2.24,1140.12,399.04,-0.1009,-0.5817,-0.1426,"Increase basket size, cross-sell complementary categories, and nurture into Champions.",Automated Email Sequences / SMS Alerts,"Category Bundles, Volume Discounts, Referral Multipliers",Trigger automated cross-sell bundles based on preferred product categories.,💎 Handpicked upgrades for your setup + Member Bonus,Unlock Your Bundle,2026-02-21 10:10:52,2026-07-18 13:02:52,19,7
CUST-0290,Potential Growth,Cluster 3,🟢 Low Churn Risk,89.2,10.8,22,6,3513.52,239,585.59,Computer Accessories,4,3,3,2,433,3.0,1.93,1132.65,396.43,-0.0875,-0.648,0.2286,"Build habitual repurchase cadence, educate on full product ecosystem, and increase frequency.",Educational Email Drips / On-Site Personalization,"Next-Purchase Vouchers, Category Discovery Incentives",Enroll into multi-part ecosystem education workflows.,🚀 Take your experience further: $25 gift for your next order,Claim $25 Credit,2025-12-24 12:05:10,2026-07-29 08:05:46,19,7
CUST-0319,Loyalists,Cluster 1,🔴 High Churn Risk,3.8,96.2,34,7,3476.11,60,496.59,Electronics & Audio,3,3,3,1,333,2.5,0.23,115.84,40.54,-0.6175,-1.112,-0.8599,"Increase basket size, cross-sell complementary categories, and nurture into Champions.",Automated Email Sequences / SMS Alerts,"Category Bundles, Volume Discounts, Referral Multipliers",Trigger automated cross-sell bundles based on preferred product categories.,💎 Handpicked upgrades for your setup + Member Bonus,Unlock Your Bundle,2026-06-21 09:19:15,2026-07-17 17:37:35,20,8
CUST-0162,At-Risk VIPs,Cluster 2,🔴 High Churn Risk,5.1,94.9,259,4,3452.32,297,863.08,Electronics & Audio,2,2,3,2,223,2.25,0.07,57.35,20.07,-0.3401,1.0252,-0.6275,Immediate intervention to reignite brand affinity before permanent churn occurs.,High-Priority Win-Back Email / SMS / Direct Outreach,"High-Value Reactivation Voucher (20-25% off), Free Renewal",Send personalized executive outreach asking for direct feedback.,"⚠️ We miss you, {Customer_Name} — Here is 25% off your return",Reclaim Your 25% Discount,2025-10-27 19:38:01,2025-12-04 20:11:48,12,6
CUST-0373,At-Risk VIPs,Cluster 3,🔴 High Churn Risk,44.7,55.3,121,9,3373.32,520,374.81,Electronics & Audio,2,3,3,4,233,3.0,0.71,265.42,92.9,0.538,0.7011,0.0004,Immediate intervention to reignite brand affinity before permanent churn occurs.,High-Priority Win-Back Email / SMS / Direct Outreach,"High-Value Reactivation Voucher (20-25% off), Free Renewal",Send personalized executive outreach asking for direct feedback.,"⚠️ We miss you, {Customer_Name} — Here is 25% off your return",Reclaim Your 25% Discount,2025-03-18 17:40:30,2026-04-21 18:16:54,35,13
CUST-0199,Loyalists,Cluster 3,🟢 Low Churn Risk,79.0,21.0,40,6,3302.49,229,550.42,Electronics & Audio,3,3,3,2,333,2.75,1.77,974.62,341.12,-0.1461,-0.3049,-0.0256,"Increase basket size, cross-sell complementary categories, and nurture into Champions.",Automated Email Sequences / SMS Alerts,"Category Bundles, Volume Discounts, Referral Multipliers",Trigger automated cross-sell bundles based on preferred product categories.,💎 Handpicked upgrades for your setup + Member Bonus,Unlock Your Bundle,2026-01-03 08:34:14,2026-07-11 12:22:13,18,8
CUST-0161,Potential Growth,Cluster 3,🟢 Low Churn Risk,83.5,16.5,26,6,3265.04,181,544.17,Wearables & Fitness,4,3,3,2,433,3.0,2.24,1221.64,427.57,-0.2517,-0.6785,0.0036,"Build habitual repurchase cadence, educate on full product ecosystem, and increase frequency.",Educational Email Drips / On-Site Personalization,"Next-Purchase Vouchers, Category Discovery Incentives",Enroll into multi-part ecosystem education workflows.,🚀 Take your experience further: $25 gift for your next order,Claim $25 Credit,2026-02-19 22:30:31,2026-07-25 20:10:39,22,9
CUST-0222,Hibernating,Cluster 1,🟢 Low Churn Risk,83.9,16.1,43,3,3177.76,172,1059.25,Electronics & Audio,3,2,3,1,323,2.25,1.37,1447.8,506.73,-0.793,-0.2818,-0.1724,Low-cost reactivation or systematic email hygiene to protect sender reputation.,Automated Re-permission Email / Social Lookalike Exclusion,"Clearance Discounts, Re-Opt-in Incentives",Include in seasonal flash liquidation and clearance blasts.,💤 Should we say goodbye? Seasonal clearance inside,Stay Subscribed & Save,2026-03-01 14:54:34,2026-07-08 10:08:15,17,5
CUST-0103,At-Risk VIPs,Cluster 3,🔴 High Churn Risk,26.7,73.3,93,11,3155.51,385,286.86,Computer Accessories,2,3,3,3,233,2.75,0.66,188.99,66.15,0.5358,0.3606,-0.0804,Immediate intervention to reignite brand affinity before permanent churn occurs.,High-Priority Win-Back Email / SMS / Direct Outreach,"High-Value Reactivation Voucher (20-25% off), Free Renewal",Send personalized executive outreach asking for direct feedback.,"⚠️ We miss you, {Customer_Name} — Here is 25% off your return",Reclaim Your 25% Discount,2025-07-31 19:28:00,2026-05-19 08:13:33,44,15
CUST-0325,Potential Growth,Cluster 3,🟢 Low Churn Risk,92.7,7.3,20,8,3150.47,543,393.81,Smart Office & Furniture,4,3,3,4,433,3.5,1.27,501.34,175.47,0.468,-0.3246,0.8164,"Build habitual repurchase cadence, educate on full product ecosystem, and increase frequency.",Educational Email Drips / On-Site Personalization,"Next-Purchase Vouchers, Category Discovery Incentives",Enroll into multi-part ecosystem education workflows.,🚀 Take your experience further: $25 gift for your next order,Claim $25 Credit,2025-02-23 19:55:50,2026-07-31 16:02:25,33,12
CUST-0377,Potential Growth,Cluster 3,🟢 Low Churn Risk,88.6,11.4,32,10,3142.78,513,314.28,Computer Accessories,4,3,3,4,433,3.5,1.56,489.92,171.47,0.6099,-0.1179,0.566,"Build habitual repurchase cadence, educate on full product ecosystem, and increase frequency.",Educational Email Drips / On-Site Personalization,"Next-Purchase Vouchers, Category Discovery Incentives",Enroll into multi-part ecosystem education workflows.,🚀 Take your experience further: $25 gift for your next order,Claim $25 Credit,2025-03-25 12:04:29,2026-07-19 10:15:01,33,14
CUST-0247,At-Risk VIPs,Cluster 3,🔴 High Churn Risk,30.8,69.2,149,7,3141.65,430,448.81,Computer Accessories,2,3,3,3,233,2.75,0.46,207.89,72.76,0.2164,0.79,-0.1653,Immediate intervention to reignite brand affinity before permanent churn occurs.,High-Priority Win-Back Email / SMS / Direct Outreach,"High-Value Reactivation Voucher (20-25% off), Free Renewal",Send personalized executive outreach asking for direct feedback.,"⚠️ We miss you, {Customer_Name} — Here is 25% off your return",Reclaim Your 25% Discount,2025-06-16 08:45:21,2026-03-24 12:40:16,37,11
CUST-0390,At-Risk VIPs,Cluster 3,🔴 High Churn Risk,8.7,91.3,168,8,3124.58,389,390.57,Smart Office & Furniture,2,3,3,3,233,2.75,0.16,62.41,21.84,0.2697,0.7885,-0.2921,Immediate intervention to reignite brand affinity before permanent churn occurs.,High-Priority Win-Back Email / SMS / Direct Outreach,"High-Value Reactivation Voucher (20-25% off), Free Renewal",Send personalized executive outreach asking for direct feedback.,"⚠️ We miss you, {Customer_Name} — Here is 25% off your return",Reclaim Your 25% Discount,2025-07-27 08:29:18,2026-03-05 15:22:40,39,12
CUST-0406,Potential Growth,Cluster 1,🟡 Moderate Watch,61.8,38.2,31,5,3121.79,101,624.36,Smart Office & Furniture,4,2,3,1,423,2.5,2.14,1338.38,468.43,-0.6803,-0.8285,-0.4179,"Build habitual repurchase cadence, educate on full product ecosystem, and increase frequency.",Educational Email Drips / On-Site Personalization,"Next-Purchase Vouchers, Category Discovery Incentives",Enroll into multi-part ecosystem education workflows.,🚀 Take your experience further: $25 gift for your next order,Claim $25 Credit,2026-05-11 18:41:47,2026-07-20 20:18:10,21,8
CUST-0039,Loyalists,Cluster 3,🟢 Low Churn Risk,77.0,23.0,36,8,3006.48,249,375.81,Computer Accessories,3,3,3,2,333,2.75,2.06,775.22,271.33,0.0755,-0.3641,0.0798,"Increase basket size, cross-sell complementary categories, and nurture into Champions.",Automated Email Sequences / SMS Alerts,"Category Bundles, Volume Discounts, Referral Multipliers",Trigger automated cross-sell bundles based on preferred product categories.,💎 Handpicked upgrades for your setup + Member Bonus,Unlock Your Bundle,2025-12-14 12:13:27,2026-07-14 22:29:20,26,10
CUST-0065,At-Risk VIPs,Cluster 3,🔴 High Churn Risk,5.1,94.9,138,10,2971.86,354,297.19,Wearables & Fitness,2,3,3,2,233,2.5,0.12,36.84,12.89,0.3855,0.5861,-0.2733,Immediate intervention to reignite brand affinity before permanent churn occurs.,High-Priority Win-Back Email / SMS / Direct Outreach,"High-Value Reactivation Voucher (20-25% off), Free Renewal",Send personalized executive outreach asking for direct feedback.,"⚠️ We miss you, {Customer_Name} — Here is 25% off your return",Reclaim Your 25% Discount,2025-08-31 18:49:57,2026-04-04 13:12:39,27,14
CUST-0105,Hibernating,Cluster 1,🔴 High Churn Risk,27.1,72.9,37,6,2928.79,89,488.13,Computer Accessories,3,2,3,1,323,2.25,1.18,574.69,201.14,-0.6335,-0.8091,-0.5674,Low-cost reactivation or systematic email hygiene to protect sender reputation.,Automated Re-permission Email / Social Lookalike Exclusion,"Clearance Discounts, Re-Opt-in Incentives",Include in seasonal flash liquidation and clearance blasts.,💤 Should we say goodbye? Seasonal clearance inside,Stay Subscribed & Save,2026-05-23 14:11:38,2026-07-14 11:55:21,19,9
CUST-0063,Hibernating,Cluster 3,🟢 Low Churn Risk,75.4,24.6,44,5,2925.7,192,585.14,Smart Office & Furniture,3,2,3,2,323,2.5,1.67,977.12,341.99,-0.42,-0.2852,-0.1232,Low-cost reactivation or systematic email hygiene to protect sender reputation.,Automated Re-permission Email / Social Lookalike Exclusion,"Clearance Discounts, Re-Opt-in Incentives",Include in seasonal flash liquidation and clearance blasts.,💤 Should we say goodbye? Seasonal clearance inside,Stay Subscribed & Save,2026-02-09 09:50:37,2026-07-07 17:44:41,16,6
CUST-0345,At-Risk VIPs,Cluster 3,🟡 Moderate Watch,59.0,41.0,145,8,2917.11,682,364.64,Electronics & Audio,2,3,3,5,233,3.25,0.66,240.04,84.01,0.5019,0.9938,0.1618,Immediate intervention to reignite brand affinity before permanent churn occurs.,High-Priority Win-Back Email / SMS / Direct Outreach,"High-Value Reactivation Voucher (20-25% off), Free Renewal",Send personalized executive outreach asking for direct feedback.,"⚠️ We miss you, {Customer_Name} — Here is 25% off your return",Reclaim Your 25% Discount,2024-10-07 11:58:31,2026-03-28 13:14:51,37,13
CUST-0026,Potential Growth,Cluster 1,🔴 High Churn Risk,39.4,60.6,25,6,2904.66,70,484.11,Smart Office & Furniture,4,2,2,1,422,2.25,1.97,951.89,333.16,-0.7399,-1.1612,-0.5576,"Build habitual repurchase cadence, educate on full product ecosystem, and increase frequency.",Educational Email Drips / On-Site Personalization,"Next-Purchase Vouchers, Category Discovery Incentives",Enroll into multi-part ecosystem education workflows.,🚀 Take your experience further: $25 gift for your next order,Claim $25 Credit,2026-06-11 09:09:05,2026-07-26 20:18:32,16,7
CUST-0400,Hibernating,Cluster 1,🔴 High Churn Risk,38.8,61.2,43,5,2904.66,102,580.93,Electronics & Audio,3,2,2,1,322,2.0,1.34,775.84,271.54,-0.7141,-0.6167,-0.5231,Low-cost reactivation or systematic email hygiene to protect sender reputation.,Automated Re-permission Email / Social Lookalike Exclusion,"Clearance Discounts, Re-Opt-in Incentives",Include in seasonal flash liquidation and clearance blasts.,💤 Should we say goodbye? Seasonal clearance inside,Stay Subscribed & Save,2026-05-10 17:49:49,2026-07-08 17:02:24,13,5
CUST-0011,Loyalists,Cluster 3,🟢 Low Churn Risk,81.6,18.4,47,9,2885.73,429,320.64,Electronics & Audio,3,3,2,3,332,2.75,1.53,491.06,171.87,0.3973,0.0552,0.3275,"Increase basket size, cross-sell complementary categories, and nurture into Champions.",Automated Email Sequences / SMS Alerts,"Category Bundles, Volume Discounts, Referral Multipliers",Trigger automated cross-sell bundles based on preferred product categories.,💎 Handpicked upgrades for your setup + Member Bonus,Unlock Your Bundle,2025-06-17 08:43:33,2026-07-04 18:17:28,28,12
CUST-0427,Potential Growth,Cluster 1,🟢 Low Churn Risk,93.0,7.0,16,3,2827.36,207,942.45,Electronics & Audio,5,2,2,2,522,2.75,1.32,1240.5,434.18,-0.7413,-0.754,0.3958,"Build habitual repurchase cadence, educate on full product ecosystem, and increase frequency.",Educational Email Drips / On-Site Personalization,"Next-Purchase Vouchers, Category Discovery Incentives",Enroll into multi-part ecosystem education workflows.,🚀 Take your experience further: $25 gift for your next order,Claim $25 Credit,2026-01-25 11:43:38,2026-08-04 18:46:45,14,5
CUST-0252,Hibernating,Cluster 1,🔴 High Churn Risk,43.0,57.0,40,5,2786.89,100,557.38,Smart Office & Furniture,3,2,2,1,322,2.0,1.5,836.74,292.86,-0.7403,-0.6635,-0.4915,Low-cost reactivation or systematic email hygiene to protect sender reputation.,Automated Re-permission Email / Social Lookalike Exclusion,"Clearance Discounts, Re-Opt-in Incentives",Include in seasonal flash liquidation and clearance blasts.,💤 Should we say goodbye? Seasonal clearance inside,Stay Subscribed & Save,2026-05-12 16:48:21,2026-07-11 14:43:46,17,8
CUST-0147,Hibernating,Cluster 1,🟡 Moderate Watch,52.3,47.7,33,5,2731.23,93,546.25,Smart Office & Furniture,3,2,2,1,322,2.0,1.91,1041.06,364.37,-0.779,-0.8118,-0.4515,Low-cost reactivation or systematic email hygiene to protect sender reputation.,Automated Re-permission Email / Social Lookalike Exclusion,"Clearance Discounts, Re-Opt-in Incentives",Include in seasonal flash liquidation and clearance blasts.,💤 Should we say goodbye? Seasonal clearance inside,Stay Subscribed & Save,2026-05-19 21:21:06,2026-07-18 16:52:24,11,6
CUST-0169,Potential Growth,Cluster 3,🟢 Low Churn Risk,89.2,10.8,22,6,2695.28,237,449.21,Electronics & Audio,4,3,2,2,432,2.75,1.95,874.01,305.9,-0.2097,-0.6108,0.3142,"Build habitual repurchase cadence, educate on full product ecosystem, and increase frequency.",Educational Email Drips / On-Site Personalization,"Next-Purchase Vouchers, Category Discovery Incentives",Enroll into multi-part ecosystem education workflows.,🚀 Take your experience further: $25 gift for your next order,Claim $25 Credit,2025-12-26 11:02:23,2026-07-28 21:29:11,19,9
CUST-0357,Potential Growth,Cluster 1,🟢 Low Churn Risk,83.3,16.7,10,6,2674.15,69,445.69,Electronics & Audio,5,3,2,1,532,2.75,4.19,1865.45,652.91,-0.7667,-1.6838,-0.1702,"Build habitual repurchase cadence, educate on full product ecosystem, and increase frequency.",Educational Email Drips / On-Site Personalization,"Next-Purchase Vouchers, Category Discovery Incentives",Enroll into multi-part ecosystem education workflows.,🚀 Take your experience further: $25 gift for your next order,Claim $25 Credit,2026-06-12 15:23:48,2026-08-10 12:21:50,19,10
CUST-0385,At-Risk VIPs,Cluster 3,🔴 High Churn Risk,15.7,84.3,120,8,2670.15,318,333.77,Computer Accessories,2,3,2,2,232,2.25,0.34,114.93,40.22,0.1128,0.5058,-0.2269,Immediate intervention to reignite brand affinity before permanent churn occurs.,High-Priority Win-Back Email / SMS / Direct Outreach,"High-Value Reactivation Voucher (20-25% off), Free Renewal",Send personalized executive outreach asking for direct feedback.,"⚠️ We miss you, {Customer_Name} — Here is 25% off your return",Reclaim Your 25% Discount,2025-10-06 08:19:05,2026-04-22 14:45:45,20,10
CUST-0280,New Customers,Cluster 1,🟡 Moderate Watch,64.1,35.9,13,3,2636.42,29,878.81,Electronics & Audio,5,2,2,1,522,2.5,2.72,2392.18,837.26,-1.667,-1.8452,-0.7675,"Ensure exceptional first impression, guide product onboarding, and secure 2nd purchase.",Onboarding Welcome Series / SMS Tips,"Welcome Voucher, Setup Guides, Community Access",Send immediate order confirmation with step-by-step setup guides.,🌱 Welcome to the Family! Here is a gift for your journey,View Setup Guide & Claim $15,2026-07-22 11:15:06,2026-08-06 22:34:06,14,6
CUST-0210,Hibernating,Cluster 1,🟡 Moderate Watch,74.3,25.7,40,5,2618.05,169,523.61,Wearables & Fitness,3,2,2,1,322,2.0,1.81,947.38,331.58,-0.5266,-0.3895,-0.1284,Low-cost reactivation or systematic email hygiene to protect sender reputation.,Automated Re-permission Email / Social Lookalike Exclusion,"Clearance Discounts, Re-Opt-in Incentives",Include in seasonal flash liquidation and clearance blasts.,💤 Should we say goodbye? Seasonal clearance inside,Stay Subscribed & Save,2026-03-04 15:00:59,2026-07-10 22:52:01,20,7
CUST-0068,Loyalists,Cluster 3,🟡 Moderate Watch,65.5,34.5,50,8,2548.91,263,318.61,Wearables & Fitness,3,3,2,2,332,2.5,1.68,535.24,187.34,0.021,-0.1136,0.0349,"Increase basket size, cross-sell complementary categories, and nurture into Champions.",Automated Email Sequences / SMS Alerts,"Category Bundles, Volume Discounts, Referral Multipliers",Trigger automated cross-sell bundles based on preferred product categories.,💎 Handpicked upgrades for your setup + Member Bonus,Unlock Your Bundle,2025-11-30 20:37:51,2026-07-01 19:47:09,24,11
CUST-0043,Hibernating,Cluster 3,🟡 Moderate Watch,72.2,27.8,43,6,2523.75,202,420.62,Computer Accessories,3,2,2,2,322,2.25,1.79,751.53,263.04,-0.3254,-0.2829,-0.0453,Low-cost reactivation or systematic email hygiene to protect sender reputation.,Automated Re-permission Email / Social Lookalike Exclusion,"Clearance Discounts, Re-Opt-in Incentives",Include in seasonal flash liquidation and clearance blasts.,💤 Should we say goodbye? Seasonal clearance inside,Stay Subscribed & Save,2026-01-30 10:18:21,2026-07-08 17:05:16,25,10
CUST-0119,Loyalists,Cluster 3,🟢 Low Churn Risk,79.7,20.3,35,7,2510.4,236,358.63,Computer Accessories,3,3,2,2,332,2.5,1.99,712.78,249.47,-0.1336,-0.355,0.1305,"Increase basket size, cross-sell complementary categories, and nurture into Champions.",Automated Email Sequences / SMS Alerts,"Category Bundles, Volume Discounts, Referral Multipliers",Trigger automated cross-sell bundles based on preferred product categories.,💎 Handpicked upgrades for your setup + Member Bonus,Unlock Your Bundle,2025-12-27 11:46:14,2026-07-16 20:17:04,20,8
CUST-0329,Loyalists,Cluster 3,🟢 Low Churn Risk,75.2,24.8,60,8,2475.83,394,309.48,Computer Accessories,3,3,2,3,332,2.75,1.37,424.7,148.64,0.1915,0.2055,0.2326,"Increase basket size, cross-sell complementary categories, and nurture into Champions.",Automated Email Sequences / SMS Alerts,"Category Bundles, Volume Discounts, Referral Multipliers",Trigger automated cross-sell bundles based on preferred product categories.,💎 Handpicked upgrades for your setup + Member Bonus,Unlock Your Bundle,2025-07-22 17:25:12,2026-06-21 16:53:01,24,9
CUST-0061,Potential Growth,Cluster 3,🟢 Low Churn Risk,87.4,12.6,31,5,2440.75,240,488.15,Computer Accessories,4,2,2,2,422,2.5,1.63,793.96,277.89,-0.3912,-0.3536,0.2309,"Build habitual repurchase cadence, educate on full product ecosystem, and increase frequency.",Educational Email Drips / On-Site Personalization,"Next-Purchase Vouchers, Category Discovery Incentives",Enroll into multi-part ecosystem education workflows.,🚀 Take your experience further: $25 gift for your next order,Claim $25 Credit,2025-12-23 08:33:08,2026-07-20 18:56:23,20,8
CUST-0200,Potential Growth,Cluster 1,🟢 Low Churn Risk,92.8,7.2,8,3,2422.09,96,807.36,Electronics & Audio,5,1,2,1,512,2.25,2.25,1814.61,635.11,-1.1519,-1.5076,0.2208,"Build habitual repurchase cadence, educate on full product ecosystem, and increase frequency.",Educational Email Drips / On-Site Personalization,"Next-Purchase Vouchers, Category Discovery Incentives",Enroll into multi-part ecosystem education workflows.,🚀 Take your experience further: $25 gift for your next order,Claim $25 Credit,2026-05-16 15:43:47,2026-08-12 12:47:45,9,3
CUST-0148,Hibernating,Cluster 1,🟡 Moderate Watch,51.8,48.2,40,5,2396.28,112,479.26,Smart Office & Furniture,3,2,2,1,322,2.0,1.68,805.16,281.8,-0.7556,-0.5829,-0.3659,Low-cost reactivation or systematic email hygiene to protect sender reputation.,Automated Re-permission Email / Social Lookalike Exclusion,"Clearance Discounts, Re-Opt-in Incentives",Include in seasonal flash liquidation and clearance blasts.,💤 Should we say goodbye? Seasonal clearance inside,Stay Subscribed & Save,2026-04-30 14:05:28,2026-07-11 20:02:27,17,7
CUST-0230,New Customers,Cluster 1,🟡 Moderate Watch,48.5,51.5,17,3,2386.5,30,795.5,Electronics & Audio,5,2,2,1,522,2.5,2.04,1620.45,567.16,-1.7011,-1.6586,-0.8194,"Ensure exceptional first impression, guide product onboarding, and secure 2nd purchase.",Onboarding Welcome Series / SMS Tips,"Welcome Voucher, Setup Guides, Community Access",Send immediate order confirmation with step-by-step setup guides.,🌱 Welcome to the Family! Here is a gift for your journey,View Setup Guide & Claim $15,2026-07-21 12:07:18,2026-08-03 21:10:52,8,4
CUST-0381,Potential Growth,Cluster 3,🟢 Low Churn Risk,91.6,8.4,23,9,2373.0,516,263.67,Computer Accessories,4,3,2,4,432,3.25,1.46,384.79,134.67,0.4088,-0.2465,0.8125,"Build habitual repurchase cadence, educate on full product ecosystem, and increase frequency.",Educational Email Drips / On-Site Personalization,"Next-Purchase Vouchers, Category Discovery Incentives",Enroll into multi-part ecosystem education workflows.,🚀 Take your experience further: $25 gift for your next order,Claim $25 Credit,2025-03-22 16:43:49,2026-07-28 15:50:40,21,9
CUST-0181,Potential Growth,Cluster 1,🔴 High Churn Risk,10.7,89.3,32,6,2316.49,60,386.08,Smart Office & Furniture,4,3,2,1,432,2.5,0.58,223.43,78.2,-0.9158,-1.0565,-0.6815,"Build habitual repurchase cadence, educate on full product ecosystem, and increase frequency.",Educational Email Drips / On-Site Personalization,"Next-Purchase Vouchers, Category Discovery Incentives",Enroll into multi-part ecosystem education workflows.,🚀 Take your experience further: $25 gift for your next order,Claim $25 Credit,2026-06-21 20:13:59,2026-07-18 21:53:52,21,9
CUST-0266,Potential Growth,Cluster 1,🟢 Low Churn Risk,93.3,6.7,14,3,2300.72,206,766.91,Wearables & Fitness,5,2,2,2,522,2.75,1.33,1016.75,355.86,-0.833,-0.8011,0.5171,"Build habitual repurchase cadence, educate on full product ecosystem, and increase frequency.",Educational Email Drips / On-Site Personalization,"Next-Purchase Vouchers, Category Discovery Incentives",Enroll into multi-part ecosystem education workflows.,🚀 Take your experience further: $25 gift for your next order,Claim $25 Credit,2026-01-25 21:47:06,2026-08-06 18:22:46,7,3
CUST-0399,Potential Growth,Cluster 3,🟢 Low Churn Risk,82.7,17.3,30,8,2241.68,259,280.21,Apparel & Lifestyle,4,3,2,2,432,2.75,2.15,601.41,210.49,-0.0338,-0.407,0.2822,"Build habitual repurchase cadence, educate on full product ecosystem, and increase frequency.",Educational Email Drips / On-Site Personalization,"Next-Purchase Vouchers, Category Discovery Incentives",Enroll into multi-part ecosystem education workflows.,🚀 Take your experience further: $25 gift for your next order,Claim $25 Credit,2025-12-03 22:08:20,2026-07-21 17:38:07,24,10
CUST-0294,At-Risk VIPs,Cluster 3,🔴 High Churn Risk,25.6,74.4,129,7,2240.39,349,320.06,Wearables & Fitness,2,3,2,2,232,2.25,0.46,147.95,51.78,-0.0283,0.6493,-0.1244,Immediate intervention to reignite brand affinity before permanent churn occurs.,High-Priority Win-Back Email / SMS / Direct Outreach,"High-Value Reactivation Voucher (20-25% off), Free Renewal",Send personalized executive outreach asking for direct feedback.,"⚠️ We miss you, {Customer_Name} — Here is 25% off your return",Reclaim Your 25% Discount,2025-09-05 14:53:51,2026-04-13 20:35:14,22,8
CUST-0221,Loyalists,Cluster 3,🟢 Low Churn Risk,88.8,11.2,45,9,2172.7,667,241.41,Computer Accessories,3,3,2,5,332,3.25,1.12,270.65,94.73,0.4758,0.2969,0.7324,"Increase basket size, cross-sell complementary categories, and nurture into Champions.",Automated Email Sequences / SMS Alerts,"Category Bundles, Volume Discounts, Referral Multipliers",Trigger automated cross-sell bundles based on preferred product categories.,💎 Handpicked upgrades for your setup + Member Bonus,Unlock Your Bundle,2024-10-22 15:58:42,2026-07-06 17:12:44,21,11
CUST-0211,Potential Growth,Cluster 1,🟢 Low Churn Risk,92.2,7.8,9,6,2154.39,162,359.06,Electronics & Audio,5,3,2,1,532,2.75,2.69,966.08,338.13,-0.4692,-1.2795,0.4995,"Build habitual repurchase cadence, educate on full product ecosystem, and increase frequency.",Educational Email Drips / On-Site Personalization,"Next-Purchase Vouchers, Category Discovery Incentives",Enroll into multi-part ecosystem education workflows.,🚀 Take your experience further: $25 gift for your next order,Claim $25 Credit,2026-03-11 12:49:37,2026-08-11 12:42:52,12,7
CUST-0322,Hibernating,Cluster 2,🔴 High Churn Risk,4.2,95.8,423,4,2130.32,469,532.58,Electronics & Audio,1,2,2,3,122,2.0,0.04,19.68,6.89,-0.3535,1.6322,-0.372,Low-cost reactivation or systematic email hygiene to protect sender reputation.,Automated Re-permission Email / Social Lookalike Exclusion,"Clearance Discounts, Re-Opt-in Incentives",Include in seasonal flash liquidation and clearance blasts.,💤 Should we say goodbye? Seasonal clearance inside,Stay Subscribed & Save,2025-05-08 11:51:05,2025-06-23 13:09:26,7,4
CUST-0201,Potential Growth,Cluster 1,🟢 Low Churn Risk,92.0,8.0,17,3,2077.67,165,692.56,Smart Office & Furniture,5,1,2,1,512,2.25,1.55,1070.53,374.69,-0.9845,-0.7853,0.3293,"Build habitual repurchase cadence, educate on full product ecosystem, and increase frequency.",Educational Email Drips / On-Site Personalization,"Next-Purchase Vouchers, Category Discovery Incentives",Enroll into multi-part ecosystem education workflows.,🚀 Take your experience further: $25 gift for your next order,Claim $25 Credit,2026-03-08 12:03:56,2026-08-03 16:17:25,12,4
CUST-0309,New Customers,Cluster 1,🟡 Moderate Watch,65.1,34.9,22,3,2025.42,50,675.14,Smart Office & Furniture,4,2,2,1,422,2.25,2.24,1510.63,528.72,-1.5481,-1.2298,-0.5413,"Ensure exceptional first impression, guide product onboarding, and secure 2nd purchase.",Onboarding Welcome Series / SMS Tips,"Welcome Voucher, Setup Guides, Community Access",Send immediate order confirmation with step-by-step setup guides.,🌱 Welcome to the Family! Here is a gift for your journey,View Setup Guide & Claim $15,2026-07-01 14:22:18,2026-07-28 22:32:36,14,6
CUST-0414,Hibernating,Cluster 1,🟡 Moderate Watch,73.3,26.7,42,5,2018.28,173,403.66,Smart Office & Furniture,3,2,2,1,322,2.0,1.76,708.47,247.97,-0.6328,-0.3078,-0.044,Low-cost reactivation or systematic email hygiene to protect sender reputation.,Automated Re-permission Email / Social Lookalike Exclusion,"Clearance Discounts, Re-Opt-in Incentives",Include in seasonal flash liquidation and clearance blasts.,💤 Should we say goodbye? Seasonal clearance inside,Stay Subscribed & Save,2026-02-28 10:41:18,2026-07-09 17:29:46,16,7
CUST-0013,New Customers,Cluster 1,🔴 High Churn Risk,29.9,70.1,14,3,1958.46,16,652.82,Smart Office & Furniture,5,1,2,1,512,2.25,1.49,972.23,340.28,-2.0645,-2.0447,-1.0675,"Ensure exceptional first impression, guide product onboarding, and secure 2nd purchase.",Onboarding Welcome Series / SMS Tips,"Welcome Voucher, Setup Guides, Community Access",Send immediate order confirmation with step-by-step setup guides.,🌱 Welcome to the Family! Here is a gift for your journey,View Setup Guide & Claim $15,2026-08-04 17:12:49,2026-08-06 13:16:01,11,5
CUST-0359,Potential Growth,Cluster 1,🟢 Low Churn Risk,88.0,12.0,12,4,1925.56,81,481.39,Electronics & Audio,5,2,2,1,522,2.5,2.92,1406.1,492.13,-1.1414,-1.3784,0.0093,"Build habitual repurchase cadence, educate on full product ecosystem, and increase frequency.",Educational Email Drips / On-Site Personalization,"Next-Purchase Vouchers, Category Discovery Incentives",Enroll into multi-part ecosystem education workflows.,🚀 Take your experience further: $25 gift for your next order,Claim $25 Credit,2026-05-31 21:11:07,2026-08-08 11:38:27,11,4
CUST-0332,Hibernating,Cluster 2,🟡 Moderate Watch,53.9,46.1,245,4,1856.49,586,464.12,Electronics & Audio,2,2,2,4,222,2.5,0.39,181.29,63.45,-0.3013,1.4322,0.0543,Low-cost reactivation or systematic email hygiene to protect sender reputation.,Automated Re-permission Email / Social Lookalike Exclusion,"Clearance Discounts, Re-Opt-in Incentives",Include in seasonal flash liquidation and clearance blasts.,💤 Should we say goodbye? Seasonal clearance inside,Stay Subscribed & Save,2025-01-11 16:53:17,2025-12-18 17:39:49,9,5
CUST-0014,New Customers,Cluster 1,🟢 Low Churn Risk,92.8,7.2,4,2,1823.8,36,911.9,Electronics & Audio,5,1,2,1,512,2.25,2.78,2538.58,888.5,-1.9694,-2.2527,-0.033,"Ensure exceptional first impression, guide product onboarding, and secure 2nd purchase.",Onboarding Welcome Series / SMS Tips,"Welcome Voucher, Setup Guides, Community Access",Send immediate order confirmation with step-by-step setup guides.,🌱 Welcome to the Family! Here is a gift for your journey,View Setup Guide & Claim $15,2026-07-15 11:44:02,2026-08-15 22:09:18,7,3
CUST-0442,Potential Growth,Cluster 1,🟢 Low Churn Risk,84.8,15.2,22,4,1779.65,117,444.91,Wearables & Fitness,4,2,2,1,422,2.25,2.24,997.92,349.27,-1.0187,-0.831,0.0309,"Build habitual repurchase cadence, educate on full product ecosystem, and increase frequency.",Educational Email Drips / On-Site Personalization,"Next-Purchase Vouchers, Category Discovery Incentives",Enroll into multi-part ecosystem education workflows.,🚀 Take your experience further: $25 gift for your next order,Claim $25 Credit,2026-04-25 12:02:03,2026-07-29 14:11:09,15,5
CUST-0334,Potential Growth,Cluster 1,🟢 Low Churn Risk,83.0,17.0,31,5,1768.88,180,353.78,Smart Office & Furniture,4,2,2,2,422,2.5,1.93,682.96,239.03,-0.6677,-0.4486,0.1537,"Build habitual repurchase cadence, educate on full product ecosystem, and increase frequency.",Educational Email Drips / On-Site Personalization,"Next-Purchase Vouchers, Category Discovery Incentives",Enroll into multi-part ecosystem education workflows.,🚀 Take your experience further: $25 gift for your next order,Claim $25 Credit,2026-02-21 08:52:32,2026-07-20 15:26:27,16,8
CUST-0125,Potential Growth,Cluster 1,🟢 Low Churn Risk,88.3,11.7,12,4,1735.54,83,433.88,Electronics & Audio,5,2,2,1,522,2.5,2.89,1253.2,438.62,-1.1766,-1.35,0.0608,"Build habitual repurchase cadence, educate on full product ecosystem, and increase frequency.",Educational Email Drips / On-Site Personalization,"Next-Purchase Vouchers, Category Discovery Incentives",Enroll into multi-part ecosystem education workflows.,🚀 Take your experience further: $25 gift for your next order,Claim $25 Credit,2026-05-29 16:10:17,2026-08-08 18:07:21,14,5
CUST-0072,New Customers,Cluster 1,🟢 Low Churn Risk,93.8,6.2,3,2,1691.94,42,845.97,Electronics & Audio,5,1,2,1,512,2.25,2.65,2240.2,784.07,-1.9288,-2.3017,0.1869,"Ensure exceptional first impression, guide product onboarding, and secure 2nd purchase.",Onboarding Welcome Series / SMS Tips,"Welcome Voucher, Setup Guides, Community Access",Send immediate order confirmation with step-by-step setup guides.,🌱 Welcome to the Family! Here is a gift for your journey,View Setup Guide & Claim $15,2026-07-09 19:28:58,2026-08-17 18:04:08,8,3
CUST-0429,Potential Growth,Cluster 1,🟢 Low Churn Risk,92.9,7.1,14,3,1652.42,178,550.81,Electronics & Audio,5,2,2,2,522,2.75,1.48,812.93,284.52,-1.0481,-0.8232,0.5356,"Build habitual repurchase cadence, educate on full product ecosystem, and increase frequency.",Educational Email Drips / On-Site Personalization,"Next-Purchase Vouchers, Category Discovery Incentives",Enroll into multi-part ecosystem education workflows.,🚀 Take your experience further: $25 gift for your next order,Claim $25 Credit,2026-02-23 18:54:16,2026-08-06 12:02:28,8,4
CUST-0310,New Customers,Cluster 1,🔴 High Churn Risk,11.3,88.7,30,3,1646.36,32,548.79,Smart Office & Furniture,4,2,2,1,422,2.25,0.46,254.33,89.02,-1.8482,-1.2351,-0.8835,"Ensure exceptional first impression, guide product onboarding, and secure 2nd purchase.",Onboarding Welcome Series / SMS Tips,"Welcome Voucher, Setup Guides, Community Access",Send immediate order confirmation with step-by-step setup guides.,🌱 Welcome to the Family! Here is a gift for your journey,View Setup Guide & Claim $15,2026-07-19 09:17:42,2026-07-20 22:06:06,7,3
CUST-0384,Hibernating,Cluster 2,🔴 High Churn Risk,10.2,89.8,479,4,1633.16,629,408.29,Electronics & Audio,1,2,2,5,122,2.5,0.07,28.21,9.87,-0.3386,1.8986,-0.1415,Low-cost reactivation or systematic email hygiene to protect sender reputation.,Automated Re-permission Email / Social Lookalike Exclusion,"Clearance Discounts, Re-Opt-in Incentives",Include in seasonal flash liquidation and clearance blasts.,💤 Should we say goodbye? Seasonal clearance inside,Stay Subscribed & Save,2024-11-29 14:56:35,2025-04-28 15:08:13,9,5
CUST-0328,New Customers,Cluster 1,🟢 Low Churn Risk,76.9,23.1,6,3,1552.45,12,517.48,Wearables & Fitness,5,2,2,1,522,2.5,4.03,2087.91,730.77,-2.2779,-2.6126,-0.8373,"Ensure exceptional first impression, guide product onboarding, and secure 2nd purchase.",Onboarding Welcome Series / SMS Tips,"Welcome Voucher, Setup Guides, Community Access",Send immediate order confirmation with step-by-step setup guides.,🌱 Welcome to the Family! Here is a gift for your journey,View Setup Guide & Claim $15,2026-08-08 15:49:08,2026-08-13 22:01:44,12,6
CUST-0186,Hibernating,Cluster 2,🔴 High Churn Risk,2.8,97.2,249,4,1535.94,259,383.98,Electronics & Audio,2,2,2,2,222,2.0,0.04,15.92,5.57,-0.7639,1.0584,-0.4218,Low-cost reactivation or systematic email hygiene to protect sender reputation.,Automated Re-permission Email / Social Lookalike Exclusion,"Clearance Discounts, Re-Opt-in Incentives",Include in seasonal flash liquidation and clearance blasts.,💤 Should we say goodbye? Seasonal clearance inside,Stay Subscribed & Save,2025-12-04 08:58:47,2025-12-14 11:20:57,8,6
CUST-0391,Hibernating,Cluster 1,🔴 High Churn Risk,20.7,79.3,41,3,1528.67,51,509.56,Wearables & Fitness,3,2,2,1,322,2.0,0.71,359.75,125.91,-1.6762,-0.8061,-0.6896,Low-cost reactivation or systematic email hygiene to protect sender reputation.,Automated Re-permission Email / Social Lookalike Exclusion,"Clearance Discounts, Re-Opt-in Incentives",Include in seasonal flash liquidation and clearance blasts.,💤 Should we say goodbye? Seasonal clearance inside,Stay Subscribed & Save,2026-06-30 10:37:14,2026-07-10 15:23:53,10,4
CUST-0254,Potential Growth,Cluster 1,🔴 High Churn Risk,8.2,91.8,31,7,1526.15,63,218.02,Computer Accessories,4,3,2,1,432,2.5,0.49,107.54,37.64,-0.9607,-1.0141,-0.507,"Build habitual repurchase cadence, educate on full product ecosystem, and increase frequency.",Educational Email Drips / On-Site Personalization,"Next-Purchase Vouchers, Category Discovery Incentives",Enroll into multi-part ecosystem education workflows.,🚀 Take your experience further: $25 gift for your next order,Claim $25 Credit,2026-06-18 16:09:26,2026-07-20 17:11:04,14,8
CUST-0379,Loyalists,Cluster 1,🟢 Low Churn Risk,79.6,20.4,33,6,1524.81,193,254.14,Computer Accessories,3,3,2,2,332,2.5,2.04,517.82,181.24,-0.5662,-0.3856,0.2086,"Increase basket size, cross-sell complementary categories, and nurture into Champions.",Automated Email Sequences / SMS Alerts,"Category Bundles, Volume Discounts, Referral Multipliers",Trigger automated cross-sell bundles based on preferred product categories.,💎 Handpicked upgrades for your setup + Member Bonus,Unlock Your Bundle,2026-02-08 18:30:12,2026-07-18 16:21:30,14,6
CUST-0049,Potential Growth,Cluster 1,🟢 Low Churn Risk,82.3,17.7,25,5,1514.73,140,302.95,Electronics & Audio,4,2,2,1,422,2.25,2.3,695.49,243.42,-0.8487,-0.6787,0.1321,"Build habitual repurchase cadence, educate on full product ecosystem, and increase frequency.",Educational Email Drips / On-Site Personalization,"Next-Purchase Vouchers, Category Discovery Incentives",Enroll into multi-part ecosystem education workflows.,🚀 Take your experience further: $25 gift for your next order,Claim $25 Credit,2026-04-02 11:39:12,2026-07-26 15:25:12,18,7
CUST-0245,Potential Growth,Cluster 1,🟢 Low Churn Risk,93.9,6.1,9,3,1513.76,182,504.59,Wearables & Fitness,5,2,2,2,522,2.75,1.47,740.04,259.01,-1.0691,-1.0473,0.7538,"Build habitual repurchase cadence, educate on full product ecosystem, and increase frequency.",Educational Email Drips / On-Site Personalization,"Next-Purchase Vouchers, Category Discovery Incentives",Enroll into multi-part ecosystem education workflows.,🚀 Take your experience further: $25 gift for your next order,Claim $25 Credit,2026-02-19 15:36:39,2026-08-11 15:15:18,10,4
CUST-0088,Hibernating,Cluster 2,🔴 High Churn Risk,33.3,66.7,349,2,1440.23,378,720.12,Smart Office & Furniture,1,1,2,3,112,1.75,0.22,157.84,55.24,-1.0773,1.5744,-0.2444,Low-cost reactivation or systematic email hygiene to protect sender reputation.,Automated Re-permission Email / Social Lookalike Exclusion,"Clearance Discounts, Re-Opt-in Incentives",Include in seasonal flash liquidation and clearance blasts.,💤 Should we say goodbye? Seasonal clearance inside,Stay Subscribed & Save,2025-08-06 22:44:32,2025-09-05 20:25:54,5,3
CUST-0139,Hibernating,Cluster 2,🔴 High Churn Risk,31.9,68.1,324,4,1427.9,586,356.98,Electronics & Audio,1,2,2,4,122,2.25,0.23,82.42,28.85,-0.4237,1.6442,0.0253,Low-cost reactivation or systematic email hygiene to protect sender reputation.,Automated Re-permission Email / Social Lookalike Exclusion,"Clearance Discounts, Re-Opt-in Incentives",Include in seasonal flash liquidation and clearance blasts.,💤 Should we say goodbye? Seasonal clearance inside,Stay Subscribed & Save,2025-01-11 12:51:49,2025-09-30 16:14:55,7,5
CUST-0195,New Customers,Cluster 1,🟢 Low Churn Risk,87.5,12.5,4,3,1420.85,19,473.62,Smart Office & Furniture,5,1,2,1,512,2.25,4.19,1983.27,694.14,-2.111,-2.5868,-0.3802,"Ensure exceptional first impression, guide product onboarding, and secure 2nd purchase.",Onboarding Welcome Series / SMS Tips,"Welcome Voucher, Setup Guides, Community Access",Send immediate order confirmation with step-by-step setup guides.,🌱 Welcome to the Family! Here is a gift for your journey,View Setup Guide & Claim $15,2026-08-01 08:03:31,2026-08-16 17:15:23,10,5
CUST-0115,New Customers,Cluster 1,🟢 Low Churn Risk,80.6,19.4,13,2,1400.87,33,700.44,Wearables & Fitness,5,1,2,1,512,2.25,2.5,1748.3,611.91,-2.1461,-1.6221,-0.4387,"Ensure exceptional first impression, guide product onboarding, and secure 2nd purchase.",Onboarding Welcome Series / SMS Tips,"Welcome Voucher, Setup Guides, Community Access",Send immediate order confirmation with step-by-step setup guides.,🌱 Welcome to the Family! Here is a gift for your journey,View Setup Guide & Claim $15,2026-07-18 15:41:40,2026-08-07 13:47:32,7,3
CUST-0120,New Customers,Cluster 1,🟡 Moderate Watch,47.0,53.0,26,3,1374.8,45,458.27,Wearables & Fitness,4,1,2,1,412,2.0,1.69,775.45,271.41,-1.7719,-1.1232,-0.5444,"Ensure exceptional first impression, guide product onboarding, and secure 2nd purchase.",Onboarding Welcome Series / SMS Tips,"Welcome Voucher, Setup Guides, Community Access",Send immediate order confirmation with step-by-step setup guides.,🌱 Welcome to the Family! Here is a gift for your journey,View Setup Guide & Claim $15,2026-07-06 09:46:27,2026-07-25 15:23:00,10,5
CUST-0408,Hibernating,Cluster 2,🔴 High Churn Risk,11.4,88.6,430,3,1341.51,460,447.17,Smart Office & Furniture,1,2,2,3,122,2.0,0.08,37.15,13.0,-0.767,1.7519,-0.21,Low-cost reactivation or systematic email hygiene to protect sender reputation.,Automated Re-permission Email / Social Lookalike Exclusion,"Clearance Discounts, Re-Opt-in Incentives",Include in seasonal flash liquidation and clearance blasts.,💤 Should we say goodbye? Seasonal clearance inside,Stay Subscribed & Save,2025-05-17 16:52:50,2025-06-16 09:30:05,8,5
CUST-0091,Potential Growth,Cluster 1,🟢 Low Churn Risk,91.5,8.5,11,5,1301.79,145,260.36,Smart Office & Furniture,5,2,2,1,522,2.5,2.49,648.54,226.99,-0.8852,-1.1122,0.5381,"Build habitual repurchase cadence, educate on full product ecosystem, and increase frequency.",Educational Email Drips / On-Site Personalization,"Next-Purchase Vouchers, Category Discovery Incentives",Enroll into multi-part ecosystem education workflows.,🚀 Take your experience further: $25 gift for your next order,Claim $25 Credit,2026-03-28 09:55:53,2026-08-09 17:26:47,18,7
CUST-0034,Hibernating,Cluster 2,🔴 High Churn Risk,28.7,71.3,339,3,1241.92,468,413.97,Smart Office & Furniture,1,1,2,3,112,1.75,0.21,84.96,29.74,-0.7888,1.627,-0.0706,Low-cost reactivation or systematic email hygiene to protect sender reputation.,Automated Re-permission Email / Social Lookalike Exclusion,"Clearance Discounts, Re-Opt-in Incentives",Include in seasonal flash liquidation and clearance blasts.,💤 Should we say goodbye? Seasonal clearance inside,Stay Subscribed & Save,2025-05-09 10:31:25,2025-09-14 21:35:01,8,4
CUST-0394,Hibernating,Cluster 1,🟡 Moderate Watch,69.4,30.6,42,4,1232.67,131,308.17,Electronics & Audio,3,2,2,1,322,2.0,1.7,524.19,183.47,-1.1426,-0.3324,-0.0372,Low-cost reactivation or systematic email hygiene to protect sender reputation.,Automated Re-permission Email / Social Lookalike Exclusion,"Clearance Discounts, Re-Opt-in Incentives",Include in seasonal flash liquidation and clearance blasts.,💤 Should we say goodbye? Seasonal clearance inside,Stay Subscribed & Save,2026-04-11 12:34:54,2026-07-09 19:23:48,7,5
CUST-0237,Hibernating,Cluster 2,🟡 Moderate Watch,70.6,29.4,268,3,1213.31,682,404.44,Electronics & Audio,1,2,2,5,122,2.5,0.36,145.55,50.94,-0.6203,1.6776,0.2843,Low-cost reactivation or systematic email hygiene to protect sender reputation.,Automated Re-permission Email / Social Lookalike Exclusion,"Clearance Discounts, Re-Opt-in Incentives",Include in seasonal flash liquidation and clearance blasts.,💤 Should we say goodbye? Seasonal clearance inside,Stay Subscribed & Save,2024-10-07 13:38:09,2025-11-25 12:37:56,8,5
CUST-0302,New Customers,Cluster 1,🟡 Moderate Watch,73.3,26.7,14,3,1198.25,38,399.42,Wearables & Fitness,5,2,2,1,522,2.5,2.83,1129.46,395.31,-1.8984,-1.5465,-0.3538,"Ensure exceptional first impression, guide product onboarding, and secure 2nd purchase.",Onboarding Welcome Series / SMS Tips,"Welcome Voucher, Setup Guides, Community Access",Send immediate order confirmation with step-by-step setup guides.,🌱 Welcome to the Family! Here is a gift for your journey,View Setup Guide & Claim $15,2026-07-13 16:10:36,2026-08-06 09:41:18,9,5
CUST-0404,Potential Growth,Cluster 1,🟢 Low Churn Risk,91.9,8.1,22,3,1193.76,210,397.92,Smart Office & Furniture,4,2,2,2,422,2.5,1.29,512.19,179.27,-1.1251,-0.4264,0.5722,"Build habitual repurchase cadence, educate on full product ecosystem, and increase frequency.",Educational Email Drips / On-Site Personalization,"Next-Purchase Vouchers, Category Discovery Incentives",Enroll into multi-part ecosystem education workflows.,🚀 Take your experience further: $25 gift for your next order,Claim $25 Credit,2026-01-22 18:55:53,2026-07-29 09:27:01,7,3
CUST-0369,Hibernating,Cluster 2,🔴 High Churn Risk,40.2,59.8,383,3,1188.96,609,396.32,Smart Office & Furniture,1,2,2,5,122,2.5,0.23,90.08,31.53,-0.6887,1.842,0.0647,Low-cost reactivation or systematic email hygiene to protect sender reputation.,Automated Re-permission Email / Social Lookalike Exclusion,"Clearance Discounts, Re-Opt-in Incentives",Include in seasonal flash liquidation and clearance blasts.,💤 Should we say goodbye? Seasonal clearance inside,Stay Subscribed & Save,2024-12-19 20:34:43,2025-08-02 14:59:55,6,3
CUST-0434,Hibernating,Cluster 2,🟡 Moderate Watch,65.4,34.6,276,3,1178.34,631,392.78,Smart Office & Furniture,1,2,2,5,122,2.5,0.36,140.59,49.21,-0.6699,1.6608,0.2309,Low-cost reactivation or systematic email hygiene to protect sender reputation.,Automated Re-permission Email / Social Lookalike Exclusion,"Clearance Discounts, Re-Opt-in Incentives",Include in seasonal flash liquidation and clearance blasts.,💤 Should we say goodbye? Seasonal clearance inside,Stay Subscribed & Save,2024-11-27 08:23:32,2025-11-17 10:49:56,6,4
CUST-0430,Hibernating,Cluster 2,🔴 High Churn Risk,3.1,96.9,516,4,1176.18,546,294.04,Smart Office & Furniture,1,2,2,4,122,2.25,0.02,7.15,2.5,-0.5519,1.9238,-0.1531,Low-cost reactivation or systematic email hygiene to protect sender reputation.,Automated Re-permission Email / Social Lookalike Exclusion,"Clearance Discounts, Re-Opt-in Incentives",Include in seasonal flash liquidation and clearance blasts.,💤 Should we say goodbye? Seasonal clearance inside,Stay Subscribed & Save,2025-02-20 17:13:33,2025-03-22 15:17:09,8,5
CUST-0432,New Customers,Cluster 1,🔴 High Churn Risk,20.2,79.8,17,3,1172.89,21,390.96,Computer Accessories,5,2,2,1,522,2.5,0.94,369.25,129.24,-2.1771,-1.7218,-0.8002,"Ensure exceptional first impression, guide product onboarding, and secure 2nd purchase.",Onboarding Welcome Series / SMS Tips,"Welcome Voucher, Setup Guides, Community Access",Send immediate order confirmation with step-by-step setup guides.,🌱 Welcome to the Family! Here is a gift for your journey,View Setup Guide & Claim $15,2026-07-30 11:23:24,2026-08-03 12:27:40,11,5
CUST-0127,Hibernating,Cluster 2,🟡 Moderate Watch,59.9,40.1,461,1,1163.74,461,1163.74,Smart Office & Furniture,1,1,2,3,112,1.75,0.23,264.78,92.67,-1.4453,1.9644,-0.1188,Low-cost reactivation or systematic email hygiene to protect sender reputation.,Automated Re-permission Email / Social Lookalike Exclusion,"Clearance Discounts, Re-Opt-in Incentives",Include in seasonal flash liquidation and clearance blasts.,💤 Should we say goodbye? Seasonal clearance inside,Stay Subscribed & Save,2025-05-16 16:08:34,2025-05-16 19:44:52,6,3
CUST-0424,Hibernating,Cluster 2,🔴 High Churn Risk,22.4,77.6,503,3,1163.31,640,387.77,Electronics & Audio,1,2,2,5,122,2.5,0.12,46.85,16.4,-0.6806,2.0376,-0.0117,Low-cost reactivation or systematic email hygiene to protect sender reputation.,Automated Re-permission Email / Social Lookalike Exclusion,"Clearance Discounts, Re-Opt-in Incentives",Include in seasonal flash liquidation and clearance blasts.,💤 Should we say goodbye? Seasonal clearance inside,Stay Subscribed & Save,2024-11-18 11:55:53,2025-04-04 11:54:21,5,3
CUST-0137,Hibernating,Cluster 2,🔴 High Churn Risk,6.7,93.3,384,4,1150.33,464,287.58,Electronics & Audio,1,2,2,3,122,2.0,0.06,17.31,6.06,-0.6315,1.6638,-0.1258,Low-cost reactivation or systematic email hygiene to protect sender reputation.,Automated Re-permission Email / Social Lookalike Exclusion,"Clearance Discounts, Re-Opt-in Incentives",Include in seasonal flash liquidation and clearance blasts.,💤 Should we say goodbye? Seasonal clearance inside,Stay Subscribed & Save,2025-05-13 18:29:13,2025-08-01 13:19:33,9,7
CUST-0354,Potential Growth,Cluster 1,🟢 Low Churn Risk,94.1,5.9,6,5,1146.04,214,229.21,Apparel & Lifestyle,5,2,2,2,522,2.75,1.92,439.26,153.74,-0.752,-1.2268,1.0666,"Build habitual repurchase cadence, educate on full product ecosystem, and increase frequency.",Educational Email Drips / On-Site Personalization,"Next-Purchase Vouchers, Category Discovery Incentives",Enroll into multi-part ecosystem education workflows.,🚀 Take your experience further: $25 gift for your next order,Claim $25 Credit,2026-01-18 20:01:22,2026-08-14 16:52:37,19,7
CUST-0448,Hibernating,Cluster 1,🟢 Low Churn Risk,87.1,12.9,44,3,1116.45,218,372.15,Computer Accessories,3,2,2,2,322,2.25,1.18,440.76,154.26,-1.1506,0.0151,0.3322,Low-cost reactivation or systematic email hygiene to protect sender reputation.,Automated Re-permission Email / Social Lookalike Exclusion,"Clearance Discounts, Re-Opt-in Incentives",Include in seasonal flash liquidation and clearance blasts.,💤 Should we say goodbye? Seasonal clearance inside,Stay Subscribed & Save,2026-01-14 15:29:36,2026-07-07 16:48:01,13,4
CUST-0203,Hibernating,Cluster 2,🔴 High Churn Risk,38.2,61.8,260,4,1107.97,508,276.99,Smart Office & Furniture,2,2,2,4,222,2.5,0.31,87.22,30.53,-0.5988,1.4768,0.1128,Low-cost reactivation or systematic email hygiene to protect sender reputation.,Automated Re-permission Email / Social Lookalike Exclusion,"Clearance Discounts, Re-Opt-in Incentives",Include in seasonal flash liquidation and clearance blasts.,💤 Should we say goodbye? Seasonal clearance inside,Stay Subscribed & Save,2025-03-30 19:56:47,2025-12-03 16:54:09,8,5
CUST-0275,Hibernating,Cluster 2,🟡 Moderate Watch,59.9,40.1,412,1,1098.58,412,1098.58,Electronics & Audio,1,1,2,3,112,1.75,0.25,275.9,96.57,-1.5209,1.8476,-0.1246,Low-cost reactivation or systematic email hygiene to protect sender reputation.,Automated Re-permission Email / Social Lookalike Exclusion,"Clearance Discounts, Re-Opt-in Incentives",Include in seasonal flash liquidation and clearance blasts.,💤 Should we say goodbye? Seasonal clearance inside,Stay Subscribed & Save,2025-07-04 09:29:24,2025-07-04 13:38:06,4,2
CUST-0064,Hibernating,Cluster 2,🔴 High Churn Risk,3.2,96.8,510,4,1098.25,541,274.56,Electronics & Audio,1,2,2,4,122,2.25,0.02,6.84,2.39,-0.5865,1.9227,-0.1306,Low-cost reactivation or systematic email hygiene to protect sender reputation.,Automated Re-permission Email / Social Lookalike Exclusion,"Clearance Discounts, Re-Opt-in Incentives",Include in seasonal flash liquidation and clearance blasts.,💤 Should we say goodbye? Seasonal clearance inside,Stay Subscribed & Save,2025-02-25 15:02:40,2025-03-27 22:58:40,6,4
CUST-0344,Hibernating,Cluster 2,🔴 High Churn Risk,12.0,88.0,369,3,1081.37,399,360.46,Wearables & Fitness,1,2,2,3,122,2.0,0.1,35.57,12.45,-0.926,1.6198,-0.1637,Low-cost reactivation or systematic email hygiene to protect sender reputation.,Automated Re-permission Email / Social Lookalike Exclusion,"Clearance Discounts, Re-Opt-in Incentives",Include in seasonal flash liquidation and clearance blasts.,💤 Should we say goodbye? Seasonal clearance inside,Stay Subscribed & Save,2025-07-17 17:51:33,2025-08-16 18:26:49,10,7
CUST-0111,New Customers,Cluster 1,🟡 Moderate Watch,69.8,30.2,12,3,1074.7,30,358.23,Wearables & Fitness,5,1,2,1,512,2.25,2.93,1050.89,367.81,-2.0507,-1.7339,-0.4058,"Ensure exceptional first impression, guide product onboarding, and secure 2nd purchase.",Onboarding Welcome Series / SMS Tips,"Welcome Voucher, Setup Guides, Community Access",Send immediate order confirmation with step-by-step setup guides.,🌱 Welcome to the Family! Here is a gift for your journey,View Setup Guide & Claim $15,2026-07-21 09:58:08,2026-08-08 15:10:03,9,4
CUST-0393,Hibernating,Cluster 1,🟢 Low Churn Risk,84.2,15.8,33,5,1072.96,204,214.59,Apparel & Lifestyle,3,2,2,2,322,2.25,1.78,381.92,133.67,-0.834,-0.2701,0.3813,Low-cost reactivation or systematic email hygiene to protect sender reputation.,Automated Re-permission Email / Social Lookalike Exclusion,"Clearance Discounts, Re-Opt-in Incentives",Include in seasonal flash liquidation and clearance blasts.,💤 Should we say goodbye? Seasonal clearance inside,Stay Subscribed & Save,2026-01-27 21:58:35,2026-07-18 20:36:51,16,6
CUST-0058,Hibernating,Cluster 1,🔴 High Churn Risk,21.5,78.5,35,3,1067.97,44,355.99,Smart Office & Furniture,3,1,2,1,312,1.75,0.78,278.1,97.33,-1.9002,-0.9182,-0.5952,Low-cost reactivation or systematic email hygiene to protect sender reputation.,Automated Re-permission Email / Social Lookalike Exclusion,"Clearance Discounts, Re-Opt-in Incentives",Include in seasonal flash liquidation and clearance blasts.,💤 Should we say goodbye? Seasonal clearance inside,Stay Subscribed & Save,2026-07-07 11:43:20,2026-07-16 16:55:33,6,3
CUST-0443,Hibernating,Cluster 2,🟡 Moderate Watch,56.8,43.2,246,4,1042.33,614,260.58,Electronics & Audio,2,2,2,5,222,2.75,0.39,102.86,36.0,-0.5372,1.5485,0.2815,Low-cost reactivation or systematic email hygiene to protect sender reputation.,Automated Re-permission Email / Social Lookalike Exclusion,"Clearance Discounts, Re-Opt-in Incentives",Include in seasonal flash liquidation and clearance blasts.,💤 Should we say goodbye? Seasonal clearance inside,Stay Subscribed & Save,2024-12-14 14:35:23,2025-12-16 22:18:22,5,4
CUST-0330,Hibernating,Cluster 2,🔴 High Churn Risk,21.4,78.6,442,3,1029.44,555,343.15,Wearables & Fitness,1,2,2,4,122,2.25,0.13,45.15,15.8,-0.7987,1.9052,-0.0078,Low-cost reactivation or systematic email hygiene to protect sender reputation.,Automated Re-permission Email / Social Lookalike Exclusion,"Clearance Discounts, Re-Opt-in Incentives",Include in seasonal flash liquidation and clearance blasts.,💤 Should we say goodbye? Seasonal clearance inside,Stay Subscribed & Save,2025-02-11 11:32:08,2025-06-04 08:59:56,6,4
CUST-0194,Hibernating,Cluster 2,🔴 High Churn Risk,4.5,95.5,263,4,1011.82,295,252.96,Computer Accessories,1,2,2,2,122,1.75,0.06,14.9,5.22,-0.891,1.2228,-0.2166,Low-cost reactivation or systematic email hygiene to protect sender reputation.,Automated Re-permission Email / Social Lookalike Exclusion,"Clearance Discounts, Re-Opt-in Incentives",Include in seasonal flash liquidation and clearance blasts.,💤 Should we say goodbye? Seasonal clearance inside,Stay Subscribed & Save,2025-10-29 12:34:32,2025-11-29 21:34:57,8,6
CUST-0276,Hibernating,Cluster 2,🟡 Moderate Watch,59.9,40.1,241,1,1007.34,241,1007.34,Smart Office & Furniture,2,1,2,2,212,1.75,0.39,396.71,138.85,-1.7972,1.2616,-0.2166,Low-cost reactivation or systematic email hygiene to protect sender reputation.,Automated Re-permission Email / Social Lookalike Exclusion,"Clearance Discounts, Re-Opt-in Incentives",Include in seasonal flash liquidation and clearance blasts.,💤 Should we say goodbye? Seasonal clearance inside,Stay Subscribed & Save,2025-12-22 14:13:49,2025-12-22 15:28:18,4,2
CUST-0447,New Customers,Cluster 1,🟢 Low Churn Risk,90.2,9.8,10,2,979.39,51,489.7,Electronics & Audio,5,1,2,1,512,2.25,2.34,1145.61,400.96,-2.104,-1.4986,0.0664,"Ensure exceptional first impression, guide product onboarding, and secure 2nd purchase.",Onboarding Welcome Series / SMS Tips,"Welcome Voucher, Setup Guides, Community Access",Send immediate order confirmation with step-by-step setup guides.,🌱 Welcome to the Family! Here is a gift for your journey,View Setup Guide & Claim $15,2026-06-30 12:01:34,2026-08-10 14:04:27,5,2
CUST-0187,Hibernating,Cluster 2,🔴 High Churn Risk,2.8,97.2,458,4,977.94,476,244.48,Wearables & Fitness,1,2,2,4,122,2.25,0.02,6.0,2.1,-0.6955,1.8101,-0.1286,Low-cost reactivation or systematic email hygiene to protect sender reputation.,Automated Re-permission Email / Social Lookalike Exclusion,"Clearance Discounts, Re-Opt-in Incentives",Include in seasonal flash liquidation and clearance blasts.,💤 Should we say goodbye? Seasonal clearance inside,Stay Subscribed & Save,2025-05-01 12:23:36,2025-05-19 12:59:46,10,6
CUST-0445,Hibernating,Cluster 2,🔴 High Churn Risk,3.2,96.8,497,4,960.47,527,240.12,Electronics & Audio,1,2,2,4,122,2.25,0.03,6.11,2.14,-0.6579,1.9145,-0.0907,Low-cost reactivation or systematic email hygiene to protect sender reputation.,Automated Re-permission Email / Social Lookalike Exclusion,"Clearance Discounts, Re-Opt-in Incentives",Include in seasonal flash liquidation and clearance blasts.,💤 Should we say goodbye? Seasonal clearance inside,Stay Subscribed & Save,2025-03-11 10:48:29,2025-04-10 21:13:36,8,6
CUST-0041,Hibernating,Cluster 2,🔴 High Churn Risk,25.4,74.6,395,4,955.03,659,238.76,Smart Office & Furniture,1,2,2,5,122,2.5,0.17,39.52,13.83,-0.5525,1.8879,0.1558,Low-cost reactivation or systematic email hygiene to protect sender reputation.,Automated Re-permission Email / Social Lookalike Exclusion,"Clearance Discounts, Re-Opt-in Incentives",Include in seasonal flash liquidation and clearance blasts.,💤 Should we say goodbye? Seasonal clearance inside,Stay Subscribed & Save,2024-10-29 22:14:01,2025-07-21 14:47:33,7,5
CUST-0045,New Customers,Cluster 1,🟢 Low Churn Risk,90.1,9.9,7,3,952.64,48,317.55,Wearables & Fitness,5,1,2,1,512,2.25,3.15,1001.8,350.63,-1.8826,-1.7809,0.1439,"Ensure exceptional first impression, guide product onboarding, and secure 2nd purchase.",Onboarding Welcome Series / SMS Tips,"Welcome Voucher, Setup Guides, Community Access",Send immediate order confirmation with step-by-step setup guides.,🌱 Welcome to the Family! Here is a gift for your journey,View Setup Guide & Claim $15,2026-07-03 21:19:43,2026-08-13 17:27:15,7,3
CUST-0074,Hibernating,Cluster 2,🔴 High Churn Risk,33.5,66.5,350,2,943.79,380,471.9,Electronics & Audio,1,1,2,3,112,1.75,0.22,103.57,36.25,-1.2633,1.6448,-0.097,Low-cost reactivation or systematic email hygiene to protect sender reputation.,Automated Re-permission Email / Social Lookalike Exclusion,"Clearance Discounts, Re-Opt-in Incentives",Include in seasonal flash liquidation and clearance blasts.,💤 Should we say goodbye? Seasonal clearance inside,Stay Subscribed & Save,2025-08-05 14:53:39,2025-09-04 20:40:19,3,2
CUST-0173,Hibernating,Cluster 1,🔴 High Churn Risk,9.5,90.5,37,3,938.77,38,312.92,Wearables & Fitness,3,1,2,1,312,1.75,0.37,114.27,39.99,-2.0251,-0.9375,-0.668,Low-cost reactivation or systematic email hygiene to protect sender reputation.,Automated Re-permission Email / Social Lookalike Exclusion,"Clearance Discounts, Re-Opt-in Incentives",Include in seasonal flash liquidation and clearance blasts.,💤 Should we say goodbye? Seasonal clearance inside,Stay Subscribed & Save,2026-07-13 12:47:23,2026-07-14 09:11:35,6,3
CUST-0374,Hibernating,Cluster 2,🔴 High Churn Risk,19.7,80.3,296,3,938.3,363,312.77,Smart Office & Furniture,1,2,2,3,122,2.0,0.18,55.14,19.3,-1.0288,1.4591,-0.0827,Low-cost reactivation or systematic email hygiene to protect sender reputation.,Automated Re-permission Email / Social Lookalike Exclusion,"Clearance Discounts, Re-Opt-in Incentives",Include in seasonal flash liquidation and clearance blasts.,💤 Should we say goodbye? Seasonal clearance inside,Stay Subscribed & Save,2025-08-22 12:25:11,2025-10-28 21:04:07,12,6
CUST-0217,New Customers,Cluster 1,🔴 High Churn Risk,18.7,81.3,24,3,920.51,29,306.84,Electronics & Audio,4,1,2,1,412,2.0,0.79,243.83,85.34,-2.1475,-1.3247,-0.6541,"Ensure exceptional first impression, guide product onboarding, and secure 2nd purchase.",Onboarding Welcome Series / SMS Tips,"Welcome Voucher, Setup Guides, Community Access",Send immediate order confirmation with step-by-step setup guides.,🌱 Welcome to the Family! Here is a gift for your journey,View Setup Guide & Claim $15,2026-07-22 21:21:46,2026-07-27 15:53:32,6,3
CUST-0024,Hibernating,Cluster 2,🔴 High Churn Risk,26.2,73.8,299,4,916.4,504,229.1,Computer Accessories,1,2,2,4,122,2.25,0.22,49.86,17.45,-0.6898,1.588,0.1132,Low-cost reactivation or systematic email hygiene to protect sender reputation.,Automated Re-permission Email / Social Lookalike Exclusion,"Clearance Discounts, Re-Opt-in Incentives",Include in seasonal flash liquidation and clearance blasts.,💤 Should we say goodbye? Seasonal clearance inside,Stay Subscribed & Save,2025-04-03 11:29:13,2025-10-25 15:42:25,13,8
CUST-0333,New Customers,Cluster 1,🔴 High Churn Risk,44.0,56.0,15,3,885.63,25,295.21,Computer Accessories,5,2,1,1,521,2.25,1.96,578.02,202.31,-2.2225,-1.6654,-0.5436,"Ensure exceptional first impression, guide product onboarding, and secure 2nd purchase.",Onboarding Welcome Series / SMS Tips,"Welcome Voucher, Setup Guides, Community Access",Send immediate order confirmation with step-by-step setup guides.,🌱 Welcome to the Family! Here is a gift for your journey,View Setup Guide & Claim $15,2026-07-26 16:20:56,2026-08-04 22:47:58,6,4
CUST-0114,Potential Growth,Cluster 1,🟢 Low Churn Risk,87.0,13.0,16,4,882.93,99,220.73,Smart Office & Furniture,5,2,1,1,521,2.25,2.56,565.24,197.83,-1.4023,-0.9912,0.2926,"Build habitual repurchase cadence, educate on full product ecosystem, and increase frequency.",Educational Email Drips / On-Site Personalization,"Next-Purchase Vouchers, Category Discovery Incentives",Enroll into multi-part ecosystem education workflows.,🚀 Take your experience further: $25 gift for your next order,Claim $25 Credit,2026-05-12 21:32:58,2026-08-04 12:04:52,13,4
CUST-0326,Hibernating,Cluster 2,🔴 High Churn Risk,10.7,89.3,422,4,869.89,560,217.47,Computer Accessories,1,2,1,4,121,2.0,0.08,17.52,6.13,-0.6708,1.8605,0.053,Low-cost reactivation or systematic email hygiene to protect sender reputation.,Automated Re-permission Email / Social Lookalike Exclusion,"Clearance Discounts, Re-Opt-in Incentives",Include in seasonal flash liquidation and clearance blasts.,💤 Should we say goodbye? Seasonal clearance inside,Stay Subscribed & Save,2025-02-06 18:54:31,2025-06-24 09:44:40,7,5
CUST-0143,New Customers,Cluster 1,🟢 Low Churn Risk,92.7,7.3,4,3,858.39,47,286.13,Wearables & Fitness,5,1,1,1,511,2.0,3.27,936.95,327.93,-1.9296,-2.0637,0.3675,"Ensure exceptional first impression, guide product onboarding, and secure 2nd purchase.",Onboarding Welcome Series / SMS Tips,"Welcome Voucher, Setup Guides, Community Access",Send immediate order confirmation with step-by-step setup guides.,🌱 Welcome to the Family! Here is a gift for your journey,View Setup Guide & Claim $15,2026-07-04 09:24:32,2026-08-16 11:27:25,7,4
CUST-0175,New Customers,Cluster 1,🟢 Low Churn Risk,91.7,8.3,3,3,829.89,27,276.63,Electronics & Audio,5,1,1,1,511,2.0,3.98,1101.94,385.68,-2.1904,-2.4691,0.1209,"Ensure exceptional first impression, guide product onboarding, and secure 2nd purchase.",Onboarding Welcome Series / SMS Tips,"Welcome Voucher, Setup Guides, Community Access",Send immediate order confirmation with step-by-step setup guides.,🌱 Welcome to the Family! Here is a gift for your journey,View Setup Guide & Claim $15,2026-07-24 17:30:16,2026-08-17 17:57:39,11,4
CUST-0099,Hibernating,Cluster 2,🟡 Moderate Watch,62.8,37.2,246,3,827.4,536,275.8,Wearables & Fitness,2,1,1,4,211,2.0,0.4,109.77,38.42,-0.9009,1.5629,0.2946,Low-cost reactivation or systematic email hygiene to protect sender reputation.,Automated Re-permission Email / Social Lookalike Exclusion,"Clearance Discounts, Re-Opt-in Incentives",Include in seasonal flash liquidation and clearance blasts.,💤 Should we say goodbye? Seasonal clearance inside,Stay Subscribed & Save,2025-03-02 18:01:51,2025-12-17 11:58:11,4,3
CUST-0053,New Customers,Cluster 1,🟢 Low Churn Risk,90.8,9.2,7,3,806.82,53,268.94,Electronics & Audio,5,1,1,1,511,2.0,3.04,816.67,285.84,-1.9116,-1.7056,0.2648,"Ensure exceptional first impression, guide product onboarding, and secure 2nd purchase.",Onboarding Welcome Series / SMS Tips,"Welcome Voucher, Setup Guides, Community Access",Send immediate order confirmation with step-by-step setup guides.,🌱 Welcome to the Family! Here is a gift for your journey,View Setup Guide & Claim $15,2026-06-28 08:51:01,2026-08-13 15:36:19,5,3
CUST-0291,Hibernating,Cluster 2,🔴 High Churn Risk,2.5,97.5,414,4,799.94,423,199.98,Wearables & Fitness,1,2,1,3,121,1.75,0.02,4.88,1.71,-0.8377,1.7197,-0.0937,Low-cost reactivation or systematic email hygiene to protect sender reputation.,Automated Re-permission Email / Social Lookalike Exclusion,"Clearance Discounts, Re-Opt-in Incentives",Include in seasonal flash liquidation and clearance blasts.,💤 Should we say goodbye? Seasonal clearance inside,Stay Subscribed & Save,2025-06-23 10:16:11,2025-07-02 12:10:04,12,7
CUST-0052,Hibernating,Cluster 2,🟡 Moderate Watch,62.0,38.0,232,3,789.69,499,263.23,Computer Accessories,2,1,1,4,211,2.0,0.42,110.35,38.62,-0.9537,1.4981,0.2888,Low-cost reactivation or systematic email hygiene to protect sender reputation.,Automated Re-permission Email / Social Lookalike Exclusion,"Clearance Discounts, Re-Opt-in Incentives",Include in seasonal flash liquidation and clearance blasts.,💤 Should we say goodbye? Seasonal clearance inside,Stay Subscribed & Save,2025-04-08 09:06:23,2025-12-30 22:15:34,5,4
CUST-0288,New Customers,Cluster 1,🟡 Moderate Watch,46.2,53.8,26,2,778.3,33,389.15,Wearables & Fitness,4,1,1,1,411,1.75,1.43,556.99,194.95,-2.4209,-1.1269,-0.518,"Ensure exceptional first impression, guide product onboarding, and secure 2nd purchase.",Onboarding Welcome Series / SMS Tips,"Welcome Voucher, Setup Guides, Community Access",Send immediate order confirmation with step-by-step setup guides.,🌱 Welcome to the Family! Here is a gift for your journey,View Setup Guide & Claim $15,2026-07-18 15:19:03,2026-07-25 13:11:50,9,4
CUST-0380,New Customers,Cluster 1,🟡 Moderate Watch,59.9,40.1,11,1,755.22,11,755.22,Wearables & Fitness,5,1,1,1,511,2.0,1.67,1260.9,441.31,-3.2613,-2.0631,-0.8024,"Ensure exceptional first impression, guide product onboarding, and secure 2nd purchase.",Onboarding Welcome Series / SMS Tips,"Welcome Voucher, Setup Guides, Community Access",Send immediate order confirmation with step-by-step setup guides.,🌱 Welcome to the Family! Here is a gift for your journey,View Setup Guide & Claim $15,2026-08-09 11:42:25,2026-08-09 11:42:25,3,1
CUST-0080,New Customers,Cluster 1,🟢 Low Churn Risk,89.6,10.4,4,2,754.52,19,377.26,Smart Office & Furniture,5,1,1,1,511,2.0,3.27,1232.85,431.5,-2.6483,-2.4271,-0.1334,"Ensure exceptional first impression, guide product onboarding, and secure 2nd purchase.",Onboarding Welcome Series / SMS Tips,"Welcome Voucher, Setup Guides, Community Access",Send immediate order confirmation with step-by-step setup guides.,🌱 Welcome to the Family! Here is a gift for your journey,View Setup Guide & Claim $15,2026-08-01 14:37:44,2026-08-16 17:16:12,6,3
CUST-0422,Hibernating,Cluster 2,🟡 Moderate Watch,61.2,38.8,402,2,742.62,632,371.31,Wearables & Fitness,1,1,1,5,111,2.0,0.25,94.57,33.1,-1.1373,2.0247,0.2594,Low-cost reactivation or systematic email hygiene to protect sender reputation.,Automated Re-permission Email / Social Lookalike Exclusion,"Clearance Discounts, Re-Opt-in Incentives",Include in seasonal flash liquidation and clearance blasts.,💤 Should we say goodbye? Seasonal clearance inside,Stay Subscribed & Save,2024-11-26 11:01:38,2025-07-14 17:41:37,4,3
CUST-0415,New Customers,Cluster 1,🟡 Moderate Watch,51.2,48.8,31,2,740.55,42,370.28,Wearables & Fitness,4,1,1,1,411,1.75,1.45,535.19,187.32,-2.3374,-0.8956,-0.4195,"Ensure exceptional first impression, guide product onboarding, and secure 2nd purchase.",Onboarding Welcome Series / SMS Tips,"Welcome Voucher, Setup Guides, Community Access",Send immediate order confirmation with step-by-step setup guides.,🌱 Welcome to the Family! Here is a gift for your journey,View Setup Guide & Claim $15,2026-07-09 11:21:08,2026-07-20 10:00:58,5,2
CUST-0236,Hibernating,Cluster 2,🟡 Moderate Watch,50.6,49.4,383,3,736.68,695,245.56,Wearables & Fitness,1,2,1,5,121,2.25,0.25,62.21,21.77,-0.8409,1.9837,0.3157,Low-cost reactivation or systematic email hygiene to protect sender reputation.,Automated Re-permission Email / Social Lookalike Exclusion,"Clearance Discounts, Re-Opt-in Incentives",Include in seasonal flash liquidation and clearance blasts.,💤 Should we say goodbye? Seasonal clearance inside,Stay Subscribed & Save,2024-09-24 09:03:43,2025-08-02 08:24:22,7,5
CUST-0004,New Customers,Cluster 1,🟡 Moderate Watch,48.0,52.0,11,3,736.12,15,245.37,Computer Accessories,5,1,1,1,511,2.0,2.42,593.61,207.76,-2.5247,-2.0597,-0.6755,"Ensure exceptional first impression, guide product onboarding, and secure 2nd purchase.",Onboarding Welcome Series / SMS Tips,"Welcome Voucher, Setup Guides, Community Access",Send immediate order confirmation with step-by-step setup guides.,🌱 Welcome to the Family! Here is a gift for your journey,View Setup Guide & Claim $15,2026-08-05 08:58:51,2026-08-09 16:54:04,5,3
CUST-0300,Hibernating,Cluster 2,🟢 Low Churn Risk,76.3,23.7,232,2,716.17,507,358.08,Electronics & Audio,2,1,1,4,211,2.0,0.39,138.79,48.58,-1.245,1.5823,0.3621,Low-cost reactivation or systematic email hygiene to protect sender reputation.,Automated Re-permission Email / Social Lookalike Exclusion,"Clearance Discounts, Re-Opt-in Incentives",Include in seasonal flash liquidation and clearance blasts.,💤 Should we say goodbye? Seasonal clearance inside,Stay Subscribed & Save,2025-03-31 19:45:07,2025-12-31 12:44:58,7,5
CUST-0286,Hibernating,Cluster 2,🔴 High Churn Risk,31.4,68.6,390,3,715.44,557,238.48,Electronics & Audio,1,2,1,4,121,2.0,0.19,45.89,16.06,-0.9568,1.8872,0.1731,Low-cost reactivation or systematic email hygiene to protect sender reputation.,Automated Re-permission Email / Social Lookalike Exclusion,"Clearance Discounts, Re-Opt-in Incentives",Include in seasonal flash liquidation and clearance blasts.,💤 Should we say goodbye? Seasonal clearance inside,Stay Subscribed & Save,2025-02-09 15:10:38,2025-07-26 08:15:28,6,3
CUST-0185,Potential Growth,Cluster 1,🟢 Low Churn Risk,87.4,12.6,21,3,711.25,107,237.08,Wearables & Fitness,4,1,1,1,411,1.75,1.98,469.21,164.22,-1.6658,-0.7128,0.3297,"Build habitual repurchase cadence, educate on full product ecosystem, and increase frequency.",Educational Email Drips / On-Site Personalization,"Next-Purchase Vouchers, Category Discovery Incentives",Enroll into multi-part ecosystem education workflows.,🚀 Take your experience further: $25 gift for your next order,Claim $25 Credit,2026-05-05 11:38:17,2026-07-30 18:30:09,4,3
CUST-0283,Hibernating,Cluster 2,🔴 High Churn Risk,13.0,87.0,297,3,672.45,327,224.15,Smart Office & Furniture,1,2,1,2,121,1.5,0.13,28.37,9.93,-1.2257,1.4603,-0.038,Low-cost reactivation or systematic email hygiene to protect sender reputation.,Automated Re-permission Email / Social Lookalike Exclusion,"Clearance Discounts, Re-Opt-in Incentives",Include in seasonal flash liquidation and clearance blasts.,💤 Should we say goodbye? Seasonal clearance inside,Stay Subscribed & Save,2025-09-27 08:27:37,2025-10-27 17:12:51,6,4
CUST-0029,Hibernating,Cluster 2,🟡 Moderate Watch,56.8,43.2,271,3,665.88,537,221.96,Smart Office & Furniture,1,1,1,4,111,1.75,0.36,79.87,27.95,-0.9987,1.657,0.3292,Low-cost reactivation or systematic email hygiene to protect sender reputation.,Automated Re-permission Email / Social Lookalike Exclusion,"Clearance Discounts, Re-Opt-in Incentives",Include in seasonal flash liquidation and clearance blasts.,💤 Should we say goodbye? Seasonal clearance inside,Stay Subscribed & Save,2025-03-01 14:32:35,2025-11-21 21:58:53,9,5
CUST-0347,Hibernating,Cluster 1,🔴 High Churn Risk,11.0,89.0,49,3,660.3,52,220.1,Wearables & Fitness,3,2,1,1,321,1.75,0.37,81.88,28.66,-2.045,-0.5583,-0.4633,Low-cost reactivation or systematic email hygiene to protect sender reputation.,Automated Re-permission Email / Social Lookalike Exclusion,"Clearance Discounts, Re-Opt-in Incentives",Include in seasonal flash liquidation and clearance blasts.,💤 Should we say goodbye? Seasonal clearance inside,Stay Subscribed & Save,2026-06-29 20:04:18,2026-07-02 19:13:19,6,3
CUST-0401,Hibernating,Cluster 2,🔴 High Churn Risk,10.9,89.1,513,3,638.67,543,212.89,Wearables & Fitness,1,2,1,4,121,2.0,0.07,14.54,5.09,-1.0244,2.06,0.0783,Low-cost reactivation or systematic email hygiene to protect sender reputation.,Automated Re-permission Email / Social Lookalike Exclusion,"Clearance Discounts, Re-Opt-in Incentives",Include in seasonal flash liquidation and clearance blasts.,💤 Should we say goodbye? Seasonal clearance inside,Stay Subscribed & Save,2025-02-23 16:24:56,2025-03-25 08:05:02,5,4
CUST-0299,Hibernating,Cluster 2,🔴 High Churn Risk,8.9,91.1,472,3,634.84,479,211.61,Wearables & Fitness,1,2,1,4,121,2.0,0.06,13.27,4.64,-1.0836,1.9463,0.0338,Low-cost reactivation or systematic email hygiene to protect sender reputation.,Automated Re-permission Email / Social Lookalike Exclusion,"Clearance Discounts, Re-Opt-in Incentives",Include in seasonal flash liquidation and clearance blasts.,💤 Should we say goodbye? Seasonal clearance inside,Stay Subscribed & Save,2025-04-28 13:47:53,2025-05-05 08:40:23,5,3
CUST-0235,Hibernating,Cluster 2,🔴 High Churn Risk,30.1,69.9,405,3,632.36,569,210.79,Wearables & Fitness,1,2,1,4,121,2.0,0.18,38.1,13.34,-1.0027,1.9403,0.2133,Low-cost reactivation or systematic email hygiene to protect sender reputation.,Automated Re-permission Email / Social Lookalike Exclusion,"Clearance Discounts, Re-Opt-in Incentives",Include in seasonal flash liquidation and clearance blasts.,💤 Should we say goodbye? Seasonal clearance inside,Stay Subscribed & Save,2025-01-28 19:34:44,2025-07-11 08:45:59,6,3
CUST-0036,Hibernating,Cluster 2,🔴 High Churn Risk,3.2,96.8,482,4,629.62,512,157.4,Smart Office & Furniture,1,2,1,4,121,2.0,0.03,4.15,1.45,-0.859,1.947,0.0486,Low-cost reactivation or systematic email hygiene to protect sender reputation.,Automated Re-permission Email / Social Lookalike Exclusion,"Clearance Discounts, Re-Opt-in Incentives",Include in seasonal flash liquidation and clearance blasts.,💤 Should we say goodbye? Seasonal clearance inside,Stay Subscribed & Save,2025-03-26 19:08:58,2025-04-25 12:51:16,7,4
CUST-0167,Hibernating,Cluster 2,🔴 High Churn Risk,11.9,88.1,426,3,607.67,460,202.56,Computer Accessories,1,1,1,3,111,1.5,0.09,17.54,6.14,-1.1198,1.8698,0.0661,Low-cost reactivation or systematic email hygiene to protect sender reputation.,Automated Re-permission Email / Social Lookalike Exclusion,"Clearance Discounts, Re-Opt-in Incentives",Include in seasonal flash liquidation and clearance blasts.,💤 Should we say goodbye? Seasonal clearance inside,Stay Subscribed & Save,2025-05-17 10:31:25,2025-06-20 20:47:15,11,6
CUST-0327,Hibernating,Cluster 1,🟢 Low Churn Risk,79.9,20.1,37,5,600.61,187,120.12,Wearables & Fitness,3,2,1,2,321,2.0,1.8,216.71,75.85,-1.135,-0.1551,0.4762,Low-cost reactivation or systematic email hygiene to protect sender reputation.,Automated Re-permission Email / Social Lookalike Exclusion,"Clearance Discounts, Re-Opt-in Incentives",Include in seasonal flash liquidation and clearance blasts.,💤 Should we say goodbye? Seasonal clearance inside,Stay Subscribed & Save,2026-02-14 14:09:33,2026-07-14 08:27:59,8,5
CUST-0177,New Customers,Cluster 1,🟡 Moderate Watch,59.9,40.1,17,1,597.56,17,597.56,Electronics & Audio,5,1,1,1,511,2.0,1.54,919.93,321.98,-3.1854,-1.5718,-0.6296,"Ensure exceptional first impression, guide product onboarding, and secure 2nd purchase.",Onboarding Welcome Series / SMS Tips,"Welcome Voucher, Setup Guides, Community Access",Send immediate order confirmation with step-by-step setup guides.,🌱 Welcome to the Family! Here is a gift for your journey,View Setup Guide & Claim $15,2026-08-03 18:20:38,2026-08-03 18:20:38,2,1
CUST-0372,Hibernating,Cluster 2,🟡 Moderate Watch,59.9,40.1,389,1,593.36,389,593.36,Smart Office & Furniture,1,1,1,3,111,1.5,0.26,156.65,54.83,-1.8209,1.8795,0.074,Low-cost reactivation or systematic email hygiene to protect sender reputation.,Automated Re-permission Email / Social Lookalike Exclusion,"Clearance Discounts, Re-Opt-in Incentives",Include in seasonal flash liquidation and clearance blasts.,💤 Should we say goodbye? Seasonal clearance inside,Stay Subscribed & Save,2025-07-27 11:13:54,2025-07-27 20:57:25,4,2
CUST-0149,Hibernating,Cluster 2,🟡 Moderate Watch,55.7,44.3,280,2,590.42,404,295.21,Smart Office & Furniture,1,1,1,3,111,1.5,0.35,102.0,35.7,-1.4398,1.6124,0.1995,Low-cost reactivation or systematic email hygiene to protect sender reputation.,Automated Re-permission Email / Social Lookalike Exclusion,"Clearance Discounts, Re-Opt-in Incentives",Include in seasonal flash liquidation and clearance blasts.,💤 Should we say goodbye? Seasonal clearance inside,Stay Subscribed & Save,2025-07-12 18:44:35,2025-11-13 17:10:19,4,2
CUST-0378,New Customers,Cluster 1,🟡 Moderate Watch,48.2,51.8,29,3,580.23,51,193.41,Smart Office & Furniture,4,2,1,1,421,2.0,1.64,317.7,111.2,-2.1016,-0.8615,-0.2127,"Ensure exceptional first impression, guide product onboarding, and secure 2nd purchase.",Onboarding Welcome Series / SMS Tips,"Welcome Voucher, Setup Guides, Community Access",Send immediate order confirmation with step-by-step setup guides.,🌱 Welcome to the Family! Here is a gift for your journey,View Setup Guide & Claim $15,2026-06-30 10:43:14,2026-07-22 20:38:57,7,3
CUST-0048,New Customers,Cluster 1,🟢 Low Churn Risk,86.5,13.5,11,3,577.02,52,192.34,Computer Accessories,5,1,1,1,511,2.0,2.92,561.53,196.54,-2.0775,-1.4138,0.194,"Ensure exceptional first impression, guide product onboarding, and secure 2nd purchase.",Onboarding Welcome Series / SMS Tips,"Welcome Voucher, Setup Guides, Community Access",Send immediate order confirmation with step-by-step setup guides.,🌱 Welcome to the Family! Here is a gift for your journey,View Setup Guide & Claim $15,2026-06-29 13:04:39,2026-08-09 11:42:44,10,5
CUST-0361,Hibernating,Cluster 2,🟡 Moderate Watch,48.6,51.4,466,2,544.48,610,272.24,Electronics & Audio,1,1,1,5,111,2.0,0.21,56.88,19.91,-1.2949,2.1457,0.2796,Low-cost reactivation or systematic email hygiene to protect sender reputation.,Automated Re-permission Email / Social Lookalike Exclusion,"Clearance Discounts, Re-Opt-in Incentives",Include in seasonal flash liquidation and clearance blasts.,💤 Should we say goodbye? Seasonal clearance inside,Stay Subscribed & Save,2024-12-18 18:32:27,2025-05-11 10:03:15,2,2
CUST-0419,Hibernating,Cluster 2,🟡 Moderate Watch,59.9,40.1,357,1,537.7,357,537.7,Smart Office & Furniture,1,1,1,2,111,1.25,0.28,152.85,53.5,-1.9029,1.7989,0.0883,Low-cost reactivation or systematic email hygiene to protect sender reputation.,Automated Re-permission Email / Social Lookalike Exclusion,"Clearance Discounts, Re-Opt-in Incentives",Include in seasonal flash liquidation and clearance blasts.,💤 Should we say goodbye? Seasonal clearance inside,Stay Subscribed & Save,2025-08-28 18:02:45,2025-08-28 18:02:45,2,1
CUST-0136,Hibernating,Cluster 2,🟡 Moderate Watch,49.1,50.9,388,2,522.28,511,261.14,Wearables & Fitness,1,1,1,4,111,1.75,0.25,64.63,22.62,-1.3919,1.9503,0.2562,Low-cost reactivation or systematic email hygiene to protect sender reputation.,Automated Re-permission Email / Social Lookalike Exclusion,"Clearance Discounts, Re-Opt-in Incentives",Include in seasonal flash liquidation and clearance blasts.,💤 Should we say goodbye? Seasonal clearance inside,Stay Subscribed & Save,2025-03-27 08:03:55,2025-07-28 20:42:42,5,4
CUST-0138,Hibernating,Cluster 2,🔴 High Churn Risk,32.1,67.9,452,2,490.12,482,245.06,Computer Accessories,1,1,1,4,111,1.75,0.17,41.75,14.61,-1.4502,2.0241,0.1745,Low-cost reactivation or systematic email hygiene to protect sender reputation.,Automated Re-permission Email / Social Lookalike Exclusion,"Clearance Discounts, Re-Opt-in Incentives",Include in seasonal flash liquidation and clearance blasts.,💤 Should we say goodbye? Seasonal clearance inside,Stay Subscribed & Save,2025-04-25 08:02:06,2025-05-25 16:00:19,5,4
CUST-0303,New Customers,Cluster 1,🟢 Low Churn Risk,90.3,9.7,10,2,477.28,52,238.64,Smart Office & Furniture,5,1,1,1,511,2.0,2.32,554.11,193.94,-2.4155,-1.3768,0.3257,"Ensure exceptional first impression, guide product onboarding, and secure 2nd purchase.",Onboarding Welcome Series / SMS Tips,"Welcome Voucher, Setup Guides, Community Access",Send immediate order confirmation with step-by-step setup guides.,🌱 Welcome to the Family! Here is a gift for your journey,View Setup Guide & Claim $15,2026-06-29 11:56:52,2026-08-10 20:55:33,6,3
CUST-0117,Hibernating,Cluster 2,🟡 Moderate Watch,49.6,50.4,358,3,470.36,641,156.79,Wearables & Fitness,1,1,1,5,111,2.0,0.27,41.94,14.68,-1.0769,1.9713,0.4456,Low-cost reactivation or systematic email hygiene to protect sender reputation.,Automated Re-permission Email / Social Lookalike Exclusion,"Clearance Discounts, Re-Opt-in Incentives",Include in seasonal flash liquidation and clearance blasts.,💤 Should we say goodbye? Seasonal clearance inside,Stay Subscribed & Save,2024-11-17 12:24:52,2025-08-27 17:48:00,7,4
CUST-0317,Hibernating,Cluster 2,🔴 High Churn Risk,28.1,71.9,504,3,461.1,691,153.7,Electronics & Audio,1,2,1,5,121,2.25,0.14,21.75,7.61,-1.0576,2.2221,0.3556,Low-cost reactivation or systematic email hygiene to protect sender reputation.,Automated Re-permission Email / Social Lookalike Exclusion,"Clearance Discounts, Re-Opt-in Incentives",Include in seasonal flash liquidation and clearance blasts.,💤 Should we say goodbye? Seasonal clearance inside,Stay Subscribed & Save,2024-09-28 08:27:04,2025-04-03 09:18:28,5,4
CUST-0135,Hibernating,Cluster 2,🔴 High Churn Risk,29.8,70.2,444,3,459.82,622,153.27,Wearables & Fitness,1,1,1,5,111,2.0,0.17,25.35,8.87,-1.1051,2.0915,0.3418,Low-cost reactivation or systematic email hygiene to protect sender reputation.,Automated Re-permission Email / Social Lookalike Exclusion,"Clearance Discounts, Re-Opt-in Incentives",Include in seasonal flash liquidation and clearance blasts.,💤 Should we say goodbye? Seasonal clearance inside,Stay Subscribed & Save,2024-12-06 10:06:59,2025-06-02 16:49:39,10,6
CUST-0413,Hibernating,Cluster 2,🟡 Moderate Watch,59.9,40.1,314,1,431.49,314,431.49,Smart Office & Furniture,1,1,1,2,111,1.25,0.32,136.76,47.87,-2.0578,1.6896,0.1346,Low-cost reactivation or systematic email hygiene to protect sender reputation.,Automated Re-permission Email / Social Lookalike Exclusion,"Clearance Discounts, Re-Opt-in Incentives",Include in seasonal flash liquidation and clearance blasts.,💤 Should we say goodbye? Seasonal clearance inside,Stay Subscribed & Save,2025-10-10 17:52:27,2025-10-10 18:35:12,2,2
CUST-0389,New Customers,Cluster 1,🟡 Moderate Watch,59.9,40.1,22,1,426.84,22,426.84,Wearables & Fitness,4,1,1,1,411,1.75,1.45,617.04,215.97,-3.2263,-1.2443,-0.4582,"Ensure exceptional first impression, guide product onboarding, and secure 2nd purchase.",Onboarding Welcome Series / SMS Tips,"Welcome Voucher, Setup Guides, Community Access",Send immediate order confirmation with step-by-step setup guides.,🌱 Welcome to the Family! Here is a gift for your journey,View Setup Guide & Claim $15,2026-07-29 09:48:28,2026-07-29 17:18:00,3,2
CUST-0113,New Customers,Cluster 1,🟡 Moderate Watch,69.0,31.0,5,1,420.15,5,420.15,Computer Accessories,5,1,1,1,511,2.0,2.1,883.06,309.07,-3.8308,-2.7492,-0.7591,"Ensure exceptional first impression, guide product onboarding, and secure 2nd purchase.",Onboarding Welcome Series / SMS Tips,"Welcome Voucher, Setup Guides, Community Access",Send immediate order confirmation with step-by-step setup guides.,🌱 Welcome to the Family! Here is a gift for your journey,View Setup Guide & Claim $15,2026-08-15 12:27:39,2026-08-15 17:57:32,4,2
CUST-0208,Hibernating,Cluster 1,🔴 High Churn Risk,35.4,64.6,45,4,410.01,85,102.5,Computer Accessories,3,2,1,1,321,1.75,1.14,117.23,41.03,-1.8332,-0.3367,0.0308,Low-cost reactivation or systematic email hygiene to protect sender reputation.,Automated Re-permission Email / Social Lookalike Exclusion,"Clearance Discounts, Re-Opt-in Incentives",Include in seasonal flash liquidation and clearance blasts.,💤 Should we say goodbye? Seasonal clearance inside,Stay Subscribed & Save,2026-05-27 11:50:37,2026-07-06 19:07:02,5,4
CUST-0214,Potential Growth,Cluster 1,🟢 Low Churn Risk,90.3,9.7,19,3,409.77,134,136.59,Wearables & Fitness,4,1,1,1,411,1.75,1.76,240.4,84.14,-1.8061,-0.5721,0.7063,"Build habitual repurchase cadence, educate on full product ecosystem, and increase frequency.",Educational Email Drips / On-Site Personalization,"Next-Purchase Vouchers, Category Discovery Incentives",Enroll into multi-part ecosystem education workflows.,🚀 Take your experience further: $25 gift for your next order,Claim $25 Credit,2026-04-08 11:10:17,2026-08-01 12:34:29,6,3
CUST-0108,Hibernating,Cluster 2,🔴 High Churn Risk,20.3,79.7,500,3,408.82,618,136.27,Apparel & Lifestyle,1,1,1,5,111,2.0,0.11,15.41,5.39,-1.1627,2.1794,0.3271,Low-cost reactivation or systematic email hygiene to protect sender reputation.,Automated Re-permission Email / Social Lookalike Exclusion,"Clearance Discounts, Re-Opt-in Incentives",Include in seasonal flash liquidation and clearance blasts.,💤 Should we say goodbye? Seasonal clearance inside,Stay Subscribed & Save,2024-12-09 21:53:39,2025-04-07 12:37:47,6,3
CUST-0141,New Customers,Cluster 1,🟡 Moderate Watch,64.6,35.4,6,1,388.24,6,388.24,Electronics & Audio,5,1,1,1,511,2.0,1.94,752.01,263.2,-3.7974,-2.564,-0.6969,"Ensure exceptional first impression, guide product onboarding, and secure 2nd purchase.",Onboarding Welcome Series / SMS Tips,"Welcome Voucher, Setup Guides, Community Access",Send immediate order confirmation with step-by-step setup guides.,🌱 Welcome to the Family! Here is a gift for your journey,View Setup Guide & Claim $15,2026-08-14 16:21:39,2026-08-14 16:21:39,2,1
CUST-0126,New Customers,Cluster 1,🟡 Moderate Watch,51.1,48.9,17,2,383.07,23,191.54,Computer Accessories,5,1,1,1,511,2.0,1.77,339.53,118.84,-2.8904,-1.4421,-0.3295,"Ensure exceptional first impression, guide product onboarding, and secure 2nd purchase.",Onboarding Welcome Series / SMS Tips,"Welcome Voucher, Setup Guides, Community Access",Send immediate order confirmation with step-by-step setup guides.,🌱 Welcome to the Family! Here is a gift for your journey,View Setup Guide & Claim $15,2026-07-28 20:29:53,2026-08-03 17:42:25,6,3
CUST-0435,New Customers,Cluster 1,🟢 Low Churn Risk,91.1,8.9,4,3,382.48,32,127.49,Computer Accessories,5,2,1,1,521,2.25,3.74,477.16,167.01,-2.4636,-2.1278,0.3992,"Ensure exceptional first impression, guide product onboarding, and secure 2nd purchase.",Onboarding Welcome Series / SMS Tips,"Welcome Voucher, Setup Guides, Community Access",Send immediate order confirmation with step-by-step setup guides.,🌱 Welcome to the Family! Here is a gift for your journey,View Setup Guide & Claim $15,2026-07-19 13:13:33,2026-08-16 14:03:41,7,3
CUST-0358,New Customers,Cluster 1,🟡 Moderate Watch,67.1,32.9,16,2,373.66,28,186.83,Computer Accessories,5,1,1,1,511,2.0,2.2,410.49,143.67,-2.8126,-1.3773,-0.1723,"Ensure exceptional first impression, guide product onboarding, and secure 2nd purchase.",Onboarding Welcome Series / SMS Tips,"Welcome Voucher, Setup Guides, Community Access",Send immediate order confirmation with step-by-step setup guides.,🌱 Welcome to the Family! Here is a gift for your journey,View Setup Guide & Claim $15,2026-07-22 22:56:43,2026-08-04 12:26:10,4,2
CUST-0360,New Customers,Cluster 1,🟡 Moderate Watch,73.1,26.9,4,1,369.64,4,369.64,Electronics & Audio,5,1,1,1,511,2.0,2.26,836.02,292.61,-3.9689,-2.9337,-0.7567,"Ensure exceptional first impression, guide product onboarding, and secure 2nd purchase.",Onboarding Welcome Series / SMS Tips,"Welcome Voucher, Setup Guides, Community Access",Send immediate order confirmation with step-by-step setup guides.,🌱 Welcome to the Family! Here is a gift for your journey,View Setup Guide & Claim $15,2026-08-16 10:46:07,2026-08-16 10:46:07,2,1
CUST-0112,New Customers,Cluster 1,🔴 High Churn Risk,36.1,63.9,25,2,342.14,28,171.07,Computer Accessories,4,1,1,1,411,1.75,1.18,202.06,70.72,-2.86,-1.1026,-0.324,"Ensure exceptional first impression, guide product onboarding, and secure 2nd purchase.",Onboarding Welcome Series / SMS Tips,"Welcome Voucher, Setup Guides, Community Access",Send immediate order confirmation with step-by-step setup guides.,🌱 Welcome to the Family! Here is a gift for your journey,View Setup Guide & Claim $15,2026-07-23 14:12:50,2026-07-26 14:08:49,7,3
CUST-0102,New Customers,Cluster 1,🟡 Moderate Watch,59.9,40.1,25,1,302.85,25,302.85,Electronics & Audio,4,1,1,1,411,1.75,1.39,422.35,147.82,-3.3245,-1.0533,-0.3125,"Ensure exceptional first impression, guide product onboarding, and secure 2nd purchase.",Onboarding Welcome Series / SMS Tips,"Welcome Voucher, Setup Guides, Community Access",Send immediate order confirmation with step-by-step setup guides.,🌱 Welcome to the Family! Here is a gift for your journey,View Setup Guide & Claim $15,2026-07-26 19:12:41,2026-07-26 19:12:41,1,1
CUST-0441,Hibernating,Cluster 1,🔴 High Churn Risk,8.3,91.7,39,3,295.61,39,98.54,Apparel & Lifestyle,3,2,1,1,321,1.75,0.32,31.29,10.95,-2.5291,-0.7129,-0.2766,Low-cost reactivation or systematic email hygiene to protect sender reputation.,Automated Re-permission Email / Social Lookalike Exclusion,"Clearance Discounts, Re-Opt-in Incentives",Include in seasonal flash liquidation and clearance blasts.,💤 Should we say goodbye? Seasonal clearance inside,Stay Subscribed & Save,2026-07-12 09:15:48,2026-07-12 14:33:08,4,3
CUST-0367,Hibernating,Cluster 1,🔴 High Churn Risk,12.2,87.8,35,3,289.46,38,96.49,Computer Accessories,3,2,1,1,321,1.75,0.47,45.4,15.89,-2.5481,-0.7872,-0.2409,Low-cost reactivation or systematic email hygiene to protect sender reputation.,Automated Re-permission Email / Social Lookalike Exclusion,"Clearance Discounts, Re-Opt-in Incentives",Include in seasonal flash liquidation and clearance blasts.,💤 Should we say goodbye? Seasonal clearance inside,Stay Subscribed & Save,2026-07-13 18:15:49,2026-07-16 08:52:28,6,3
CUST-0118,Hibernating,Cluster 2,🟡 Moderate Watch,59.9,40.1,510,1,289.12,510,289.12,Electronics & Audio,1,1,1,4,111,1.75,0.21,60.13,21.04,-2.0209,2.2947,0.3823,Low-cost reactivation or systematic email hygiene to protect sender reputation.,Automated Re-permission Email / Social Lookalike Exclusion,"Clearance Discounts, Re-Opt-in Incentives",Include in seasonal flash liquidation and clearance blasts.,💤 Should we say goodbye? Seasonal clearance inside,Stay Subscribed & Save,2025-03-28 12:43:39,2025-03-28 12:43:39,1,1
CUST-0416,New Customers,Cluster 1,🟡 Moderate Watch,71.1,28.9,21,2,274.4,40,137.2,Specialty Gourmet,4,1,1,1,411,1.75,2.05,280.92,98.32,-2.7943,-0.9951,0.0504,"Ensure exceptional first impression, guide product onboarding, and secure 2nd purchase.",Onboarding Welcome Series / SMS Tips,"Welcome Voucher, Setup Guides, Community Access",Send immediate order confirmation with step-by-step setup guides.,🌱 Welcome to the Family! Here is a gift for your journey,View Setup Guide & Claim $15,2026-07-11 11:49:59,2026-07-30 08:50:45,8,3
CUST-0215,New Customers,Cluster 1,🟡 Moderate Watch,59.9,40.1,23,1,262.72,23,262.72,Smart Office & Furniture,4,1,1,1,411,1.75,1.43,375.22,131.33,-3.4233,-1.121,-0.2821,"Ensure exceptional first impression, guide product onboarding, and secure 2nd purchase.",Onboarding Welcome Series / SMS Tips,"Welcome Voucher, Setup Guides, Community Access",Send immediate order confirmation with step-by-step setup guides.,🌱 Welcome to the Family! Here is a gift for your journey,View Setup Guide & Claim $15,2026-07-28 09:44:34,2026-07-28 20:38:07,5,3
CUST-0337,Hibernating,Cluster 2,🟡 Moderate Watch,55.5,44.5,430,2,260.94,619,130.47,Computer Accessories,1,1,1,5,111,2.0,0.24,30.72,10.75,-1.614,2.2186,0.5759,Low-cost reactivation or systematic email hygiene to protect sender reputation.,Automated Re-permission Email / Social Lookalike Exclusion,"Clearance Discounts, Re-Opt-in Incentives",Include in seasonal flash liquidation and clearance blasts.,💤 Should we say goodbye? Seasonal clearance inside,Stay Subscribed & Save,2024-12-09 12:45:50,2025-06-16 19:49:23,4,3
CUST-0184,New Customers,Cluster 1,🟡 Moderate Watch,64.6,35.4,6,1,258.78,6,258.78,Apparel & Lifestyle,5,1,1,1,511,2.0,1.94,501.25,175.44,-3.9779,-2.5008,-0.5578,"Ensure exceptional first impression, guide product onboarding, and secure 2nd purchase.",Onboarding Welcome Series / SMS Tips,"Welcome Voucher, Setup Guides, Community Access",Send immediate order confirmation with step-by-step setup guides.,🌱 Welcome to the Family! Here is a gift for your journey,View Setup Guide & Claim $15,2026-08-14 17:52:10,2026-08-14 17:52:10,3,1
CUST-0438,Hibernating,Cluster 1,🟡 Moderate Watch,59.9,40.1,34,1,257.23,34,257.23,Wearables & Fitness,3,1,1,1,311,1.5,1.26,324.38,113.53,-3.2649,-0.6945,-0.1888,Low-cost reactivation or systematic email hygiene to protect sender reputation.,Automated Re-permission Email / Social Lookalike Exclusion,"Clearance Discounts, Re-Opt-in Incentives",Include in seasonal flash liquidation and clearance blasts.,💤 Should we say goodbye? Seasonal clearance inside,Stay Subscribed & Save,2026-07-17 12:17:44,2026-07-17 12:17:44,1,1
CUST-0233,Hibernating,Cluster 2,🔴 High Churn Risk,31.8,68.2,472,2,241.25,502,120.62,Electronics & Audio,1,1,1,4,111,1.75,0.16,19.68,6.89,-1.7477,2.1817,0.4257,Low-cost reactivation or systematic email hygiene to protect sender reputation.,Automated Re-permission Email / Social Lookalike Exclusion,"Clearance Discounts, Re-Opt-in Incentives",Include in seasonal flash liquidation and clearance blasts.,💤 Should we say goodbye? Seasonal clearance inside,Stay Subscribed & Save,2025-04-05 12:23:21,2025-05-05 13:56:53,3,2
CUST-0296,Hibernating,Cluster 2,🟡 Moderate Watch,59.9,40.1,433,1,215.5,433,215.5,Apparel & Lifestyle,1,1,1,3,111,1.5,0.24,51.82,18.14,-2.2241,2.1573,0.4457,Low-cost reactivation or systematic email hygiene to protect sender reputation.,Automated Re-permission Email / Social Lookalike Exclusion,"Clearance Discounts, Re-Opt-in Incentives",Include in seasonal flash liquidation and clearance blasts.,💤 Should we say goodbye? Seasonal clearance inside,Stay Subscribed & Save,2025-06-13 14:45:13,2025-06-13 18:37:44,3,2
CUST-0426,Hibernating,Cluster 2,🔴 High Churn Risk,5.3,94.7,428,4,214.43,495,53.61,Computer Accessories,1,2,1,4,121,2.0,0.04,2.4,0.84,-1.3517,2.025,0.4467,Low-cost reactivation or systematic email hygiene to protect sender reputation.,Automated Re-permission Email / Social Lookalike Exclusion,"Clearance Discounts, Re-Opt-in Incentives",Include in seasonal flash liquidation and clearance blasts.,💤 Should we say goodbye? Seasonal clearance inside,Stay Subscribed & Save,2025-04-12 15:52:40,2025-06-18 15:10:00,4,4
CUST-0190,Hibernating,Cluster 2,🟡 Moderate Watch,53.3,46.7,235,2,213.8,328,106.9,Computer Accessories,2,1,1,2,211,1.5,0.4,42.33,14.82,-1.9849,1.558,0.4862,Low-cost reactivation or systematic email hygiene to protect sender reputation.,Automated Re-permission Email / Social Lookalike Exclusion,"Clearance Discounts, Re-Opt-in Incentives",Include in seasonal flash liquidation and clearance blasts.,💤 Should we say goodbye? Seasonal clearance inside,Stay Subscribed & Save,2025-09-25 22:21:01,2025-12-28 13:38:44,4,2
CUST-0220,Hibernating,Cluster 2,🟡 Moderate Watch,59.9,40.1,441,1,187.01,441,187.01,Computer Accessories,1,1,1,3,111,1.5,0.24,44.25,15.49,-2.279,2.1998,0.4984,Low-cost reactivation or systematic email hygiene to protect sender reputation.,Automated Re-permission Email / Social Lookalike Exclusion,"Clearance Discounts, Re-Opt-in Incentives",Include in seasonal flash liquidation and clearance blasts.,💤 Should we say goodbye? Seasonal clearance inside,Stay Subscribed & Save,2025-06-05 08:21:39,2025-06-05 09:32:17,3,2
CUST-0450,Hibernating,Cluster 2,🔴 High Churn Risk,30.7,69.3,289,2,185.63,303,92.82,Smart Office & Furniture,1,1,1,2,111,1.25,0.24,22.59,7.91,-2.0882,1.6664,0.3945,Low-cost reactivation or systematic email hygiene to protect sender reputation.,Automated Re-permission Email / Social Lookalike Exclusion,"Clearance Discounts, Re-Opt-in Incentives",Include in seasonal flash liquidation and clearance blasts.,💤 Should we say goodbye? Seasonal clearance inside,Stay Subscribed & Save,2025-10-21 11:12:46,2025-11-04 17:07:15,4,3
CUST-0151,Hibernating,Cluster 2,🟡 Moderate Watch,59.9,40.1,417,1,182.54,417,182.54,Electronics & Audio,1,1,1,3,111,1.5,0.25,45.36,15.88,-2.3145,2.141,0.494,Low-cost reactivation or systematic email hygiene to protect sender reputation.,Automated Re-permission Email / Social Lookalike Exclusion,"Clearance Discounts, Re-Opt-in Incentives",Include in seasonal flash liquidation and clearance blasts.,💤 Should we say goodbye? Seasonal clearance inside,Stay Subscribed & Save,2025-06-29 14:40:57,2025-06-29 14:40:57,1,1
CUST-0037,Hibernating,Cluster 2,🟡 Moderate Watch,53.2,46.8,499,2,178.79,695,89.4,Computer Accessories,1,1,1,5,111,2.0,0.2,18.14,6.35,-1.7311,2.4273,0.7176,Low-cost reactivation or systematic email hygiene to protect sender reputation.,Automated Re-permission Email / Social Lookalike Exclusion,"Clearance Discounts, Re-Opt-in Incentives",Include in seasonal flash liquidation and clearance blasts.,💤 Should we say goodbye? Seasonal clearance inside,Stay Subscribed & Save,2024-09-24 11:07:55,2025-04-08 20:24:51,2,2
CUST-0206,Hibernating,Cluster 2,🟡 Moderate Watch,59.9,40.1,253,1,167.6,253,167.6,Apparel & Lifestyle,2,1,1,2,211,1.5,0.38,63.47,22.22,-2.5739,1.5954,0.4096,Low-cost reactivation or systematic email hygiene to protect sender reputation.,Automated Re-permission Email / Social Lookalike Exclusion,"Clearance Discounts, Re-Opt-in Incentives",Include in seasonal flash liquidation and clearance blasts.,💤 Should we say goodbye? Seasonal clearance inside,Stay Subscribed & Save,2025-12-10 15:39:10,2025-12-10 15:39:10,2,1
CUST-0396,Hibernating,Cluster 2,🔴 High Churn Risk,9.2,90.8,285,3,167.47,291,55.82,Apparel & Lifestyle,1,2,1,2,121,1.5,0.1,5.53,1.94,-1.8973,1.5926,0.38,Low-cost reactivation or systematic email hygiene to protect sender reputation.,Automated Re-permission Email / Social Lookalike Exclusion,"Clearance Discounts, Re-Opt-in Incentives",Include in seasonal flash liquidation and clearance blasts.,💤 Should we say goodbye? Seasonal clearance inside,Stay Subscribed & Save,2025-11-02 13:45:29,2025-11-08 21:15:56,5,3
CUST-0182,Hibernating,Cluster 2,🟡 Moderate Watch,59.9,40.1,236,1,164.56,236,164.56,Apparel & Lifestyle,2,1,1,2,211,1.5,0.4,65.9,23.07,-2.6129,1.5206,0.4001,Low-cost reactivation or systematic email hygiene to protect sender reputation.,Automated Re-permission Email / Social Lookalike Exclusion,"Clearance Discounts, Re-Opt-in Incentives",Include in seasonal flash liquidation and clearance blasts.,💤 Should we say goodbye? Seasonal clearance inside,Stay Subscribed & Save,2025-12-27 16:36:08,2025-12-27 16:36:08,2,1
CUST-0341,Hibernating,Cluster 2,🔴 High Churn Risk,37.7,62.3,421,2,155.36,481,77.68,Specialty Gourmet,1,1,1,4,111,1.75,0.2,15.6,5.46,-1.9606,2.1584,0.5972,Low-cost reactivation or systematic email hygiene to protect sender reputation.,Automated Re-permission Email / Social Lookalike Exclusion,"Clearance Discounts, Re-Opt-in Incentives",Include in seasonal flash liquidation and clearance blasts.,💤 Should we say goodbye? Seasonal clearance inside,Stay Subscribed & Save,2025-04-26 18:48:02,2025-06-25 16:22:14,4,3
CUST-0082,New Customers,Cluster 1,🟡 Moderate Watch,59.9,40.1,7,1,153.96,7,153.96,Computer Accessories,5,1,1,1,511,2.0,1.77,272.39,95.34,-4.1491,-2.2702,-0.3496,"Ensure exceptional first impression, guide product onboarding, and secure 2nd purchase.",Onboarding Welcome Series / SMS Tips,"Welcome Voucher, Setup Guides, Community Access",Send immediate order confirmation with step-by-step setup guides.,🌱 Welcome to the Family! Here is a gift for your journey,View Setup Guide & Claim $15,2026-08-13 13:45:16,2026-08-13 13:45:16,1,1
CUST-0339,Hibernating,Cluster 2,🟡 Moderate Watch,59.9,40.1,213,1,132.38,213,132.38,Apparel & Lifestyle,2,1,1,2,211,1.5,0.43,57.48,20.12,-2.7547,1.4398,0.4512,Low-cost reactivation or systematic email hygiene to protect sender reputation.,Automated Re-permission Email / Social Lookalike Exclusion,"Clearance Discounts, Re-Opt-in Incentives",Include in seasonal flash liquidation and clearance blasts.,💤 Should we say goodbye? Seasonal clearance inside,Stay Subscribed & Save,2026-01-19 17:24:24,2026-01-19 20:33:04,4,2
CUST-0084,Hibernating,Cluster 2,🟡 Moderate Watch,59.9,40.1,349,1,123.88,349,123.88,Computer Accessories,1,1,1,2,111,1.25,0.29,35.9,12.57,-2.5654,2.002,0.5859,Low-cost reactivation or systematic email hygiene to protect sender reputation.,Automated Re-permission Email / Social Lookalike Exclusion,"Clearance Discounts, Re-Opt-in Incentives",Include in seasonal flash liquidation and clearance blasts.,💤 Should we say goodbye? Seasonal clearance inside,Stay Subscribed & Save,2025-09-05 09:54:03,2025-09-05 15:28:49,3,2
CUST-0259,New Customers,Cluster 1,🟢 Low Churn Risk,89.5,10.5,3,2,104.19,14,52.1,Apparel & Lifestyle,5,1,1,1,511,2.0,3.48,181.48,63.52,-3.6575,-2.402,0.4516,"Ensure exceptional first impression, guide product onboarding, and secure 2nd purchase.",Onboarding Welcome Series / SMS Tips,"Welcome Voucher, Setup Guides, Community Access",Send immediate order confirmation with step-by-step setup guides.,🌱 Welcome to the Family! Here is a gift for your journey,View Setup Guide & Claim $15,2026-08-06 14:33:01,2026-08-17 18:56:14,3,2
CUST-0016,New Customers,Cluster 1,🟡 Moderate Watch,59.9,40.1,20,1,100.8,20,100.8,Specialty Gourmet,4,1,1,1,411,1.75,1.48,149.36,52.28,-3.9075,-1.122,0.0149,"Ensure exceptional first impression, guide product onboarding, and secure 2nd purchase.",Onboarding Welcome Series / SMS Tips,"Welcome Voucher, Setup Guides, Community Access",Send immediate order confirmation with step-by-step setup guides.,🌱 Welcome to the Family! Here is a gift for your journey,View Setup Guide & Claim $15,2026-07-31 09:01:38,2026-07-31 09:01:38,3,1
CUST-0017,New Customers,Cluster 1,🟡 Moderate Watch,59.9,40.1,23,1,81.0,23,81.0,Computer Accessories,4,1,1,1,411,1.75,1.43,115.68,40.49,-3.9447,-0.9384,0.1197,"Ensure exceptional first impression, guide product onboarding, and secure 2nd purchase.",Onboarding Welcome Series / SMS Tips,"Welcome Voucher, Setup Guides, Community Access",Send immediate order confirmation with step-by-step setup guides.,🌱 Welcome to the Family! Here is a gift for your journey,View Setup Guide & Claim $15,2026-07-27 21:51:59,2026-07-27 21:51:59,1,1
CUST-0350,Hibernating,Cluster 2,🟡 Moderate Watch,59.9,40.1,255,1,78.86,255,78.86,Apparel & Lifestyle,2,1,1,2,211,1.5,0.38,29.68,10.39,-2.904,1.721,0.6684,Low-cost reactivation or systematic email hygiene to protect sender reputation.,Automated Re-permission Email / Social Lookalike Exclusion,"Clearance Discounts, Re-Opt-in Incentives",Include in seasonal flash liquidation and clearance blasts.,💤 Should we say goodbye? Seasonal clearance inside,Stay Subscribed & Save,2025-12-07 22:41:02,2025-12-07 22:41:02,1,1
CUST-0312,Hibernating,Cluster 2,🟡 Moderate Watch,59.9,40.1,301,1,78.14,301,78.14,Computer Accessories,1,1,1,2,111,1.25,0.33,25.66,8.98,-2.8345,1.9078,0.7092,Low-cost reactivation or systematic email hygiene to protect sender reputation.,Automated Re-permission Email / Social Lookalike Exclusion,"Clearance Discounts, Re-Opt-in Incentives",Include in seasonal flash liquidation and clearance blasts.,💤 Should we say goodbye? Seasonal clearance inside,Stay Subscribed & Save,2025-10-22 22:16:39,2025-10-22 22:16:39,1,1
CUST-0274,Hibernating,Cluster 2,🟡 Moderate Watch,59.9,40.1,346,1,77.12,346,77.12,Computer Accessories,1,1,1,2,111,1.25,0.29,22.52,7.88,-2.7786,2.0656,0.7453,Low-cost reactivation or systematic email hygiene to protect sender reputation.,Automated Re-permission Email / Social Lookalike Exclusion,"Clearance Discounts, Re-Opt-in Incentives",Include in seasonal flash liquidation and clearance blasts.,💤 Should we say goodbye? Seasonal clearance inside,Stay Subscribed & Save,2025-09-08 11:58:58,2025-09-08 11:58:58,1,1
CUST-0050,New Customers,Cluster 1,🟡 Moderate Watch,59.9,40.1,21,1,66.93,21,66.93,Computer Accessories,4,1,1,1,411,1.75,1.46,97.95,34.28,-4.0674,-1.0066,0.1647,"Ensure exceptional first impression, guide product onboarding, and secure 2nd purchase.",Onboarding Welcome Series / SMS Tips,"Welcome Voucher, Setup Guides, Community Access",Send immediate order confirmation with step-by-step setup guides.,🌱 Welcome to the Family! Here is a gift for your journey,View Setup Guide & Claim $15,2026-07-30 13:25:15,2026-07-30 13:25:15,1,1
CUST-0071,Hibernating,Cluster 2,🟡 Moderate Watch,59.9,40.1,299,1,63.68,299,63.68,Specialty Gourmet,1,1,1,2,111,1.25,0.33,21.03,7.36,-2.9275,1.9319,0.7771,Low-cost reactivation or systematic email hygiene to protect sender reputation.,Automated Re-permission Email / Social Lookalike Exclusion,"Clearance Discounts, Re-Opt-in Incentives",Include in seasonal flash liquidation and clearance blasts.,💤 Should we say goodbye? Seasonal clearance inside,Stay Subscribed & Save,2025-10-25 13:37:58,2025-10-25 13:37:58,2,1
CUST-0205,Hibernating,Cluster 2,🟡 Moderate Watch,59.9,40.1,453,1,60.02,453,60.02,Specialty Gourmet,1,1,1,3,111,1.5,0.23,13.87,4.85,-2.7693,2.4058,0.8916,Low-cost reactivation or systematic email hygiene to protect sender reputation.,Automated Re-permission Email / Social Lookalike Exclusion,"Clearance Discounts, Re-Opt-in Incentives",Include in seasonal flash liquidation and clearance blasts.,💤 Should we say goodbye? Seasonal clearance inside,Stay Subscribed & Save,2025-05-24 10:12:21,2025-05-24 10:12:21,2,1
CUST-0346,Hibernating,Cluster 2,🟡 Moderate Watch,59.9,40.1,274,1,59.92,274,59.92,Specialty Gourmet,1,1,1,2,111,1.25,0.35,21.27,7.44,-2.9929,1.8437,0.7779,Low-cost reactivation or systematic email hygiene to protect sender reputation.,Automated Re-permission Email / Social Lookalike Exclusion,"Clearance Discounts, Re-Opt-in Incentives",Include in seasonal flash liquidation and clearance blasts.,💤 Should we say goodbye? Seasonal clearance inside,Stay Subscribed & Save,2025-11-19 20:28:24,2025-11-19 20:28:24,2,1
CUST-0109,Hibernating,Cluster 2,🟡 Moderate Watch,59.9,40.1,370,1,49.09,370,49.09,Smart Office & Furniture,1,1,1,3,111,1.5,0.28,13.53,4.74,-2.9472,2.2101,0.9135,Low-cost reactivation or systematic email hygiene to protect sender reputation.,Automated Re-permission Email / Social Lookalike Exclusion,"Clearance Discounts, Re-Opt-in Incentives",Include in seasonal flash liquidation and clearance blasts.,💤 Should we say goodbye? Seasonal clearance inside,Stay Subscribed & Save,2025-08-15 11:48:54,2025-08-15 11:48:54,1,1
CUST-0023,Hibernating,Cluster 2,🟡 Moderate Watch,59.9,40.1,481,1,48.4,481,48.4,Smart Office & Furniture,1,1,1,4,111,1.75,0.22,10.61,3.71,-2.837,2.5059,0.9779,Low-cost reactivation or systematic email hygiene to protect sender reputation.,Automated Re-permission Email / Social Lookalike Exclusion,"Clearance Discounts, Re-Opt-in Incentives",Include in seasonal flash liquidation and clearance blasts.,💤 Should we say goodbye? Seasonal clearance inside,Stay Subscribed & Save,2025-04-26 08:38:56,2025-04-26 08:38:56,1,1
CUST-0256,Hibernating,Cluster 2,🟡 Moderate Watch,59.9,40.1,491,1,29.94,491,29.94,Specialty Gourmet,1,1,1,4,111,1.75,0.22,6.44,2.25,-3.0367,2.6021,1.1435,Low-cost reactivation or systematic email hygiene to protect sender reputation.,Automated Re-permission Email / Social Lookalike Exclusion,"Clearance Discounts, Re-Opt-in Incentives",Include in seasonal flash liquidation and clearance blasts.,💤 Should we say goodbye? Seasonal clearance inside,Stay Subscribed & Save,2025-04-15 21:59:13,2025-04-15 21:59:13,1,1
