InvoiceNo,CustomerID,PurchaseDate,ProductCategory,Product,Quantity,UnitPrice,TotalSpend
INV-103310,CUST-0323,2024-09-02 10:29:20,Computer Accessories,Premium Aluminum Monitor Arm,3,80.16,240.48
INV-103310,CUST-0323,2024-09-02 20:03:29,Computer Accessories,Ergonomic Multi-Device Wireless Mouse,5,96.64,483.2
INV-103309,CUST-0323,2024-09-02 20:51:22,Electronics & Audio,4K Curved Ultra-Wide Gaming Monitor,3,579.86,1739.58
INV-103327,CUST-0002,2024-09-07 19:58:09,Wearables & Fitness,Titanium GPS Smart Fitness Watch,4,305.1,1220.4
INV-103062,CUST-0123,2024-09-09 17:56:23,Specialty Gourmet,Single-Origin Espresso Bean Subscription (1kg),2,33.04,66.08
INV-103062,CUST-0123,2024-09-09 21:15:48,Computer Accessories,Custom Mechanical RGB Keyboard,5,157.03,785.15
INV-102661,CUST-0142,2024-09-14 18:06:25,Specialty Gourmet,Single-Origin Espresso Bean Subscription (1kg),2,32.97,65.94
INV-103100,CUST-0010,2024-09-16 13:43:50,Electronics & Audio,4K Curved Ultra-Wide Gaming Monitor,4,516.5,2066.0
INV-102535,CUST-0018,2024-09-16 20:49:53,Electronics & Audio,Noise-Cancelling Studio Pro Headphones,5,325.07,1625.35
INV-102662,CUST-0142,2024-09-17 09:14:50,Electronics & Audio,4K Curved Ultra-Wide Gaming Monitor,3,540.35,1621.05
INV-103447,CUST-0392,2024-09-19 22:06:23,Smart Office & Furniture,Smart LED Desk Bar Lamp,5,59.92,299.6
INV-103448,CUST-0392,2024-09-20 08:30:52,Smart Office & Furniture,Ergonomic Lumbar Executive Chair,2,335.93,671.86
INV-103052,CUST-0030,2024-09-22 08:12:20,Smart Office & Furniture,Ergonomic Lumbar Executive Chair,3,296.32,888.96
INV-102621,CUST-0311,2024-09-22 13:46:35,Specialty Gourmet,Single-Origin Espresso Bean Subscription (1kg),1,34.77,34.77
INV-103880,CUST-0236,2024-09-24 09:03:43,Computer Accessories,Custom Mechanical RGB Keyboard,1,145.49,145.49
INV-103785,CUST-0037,2024-09-24 11:07:55,Computer Accessories,Custom Mechanical RGB Keyboard,1,143.79,143.79
INV-103880,CUST-0236,2024-09-24 17:49:35,Wearables & Fitness,Titanium GPS Smart Fitness Watch,1,241.74,241.74
INV-103880,CUST-0236,2024-09-24 22:52:37,Wearables & Fitness,Heart Rate Performance Sensor Band,2,86.05,172.1
INV-100929,CUST-0340,2024-09-25 09:02:08,Apparel & Lifestyle,Full-Grain Leather Briefcase Sleeve,4,95.75,383.0
INV-100929,CUST-0340,2024-09-25 10:05:35,Electronics & Audio,Noise-Cancelling Studio Pro Headphones,5,322.23,1611.15
INV-103311,CUST-0323,2024-09-26 16:28:00,Computer Accessories,Custom Mechanical RGB Keyboard,6,186.05,1116.3
INV-103311,CUST-0323,2024-09-26 17:40:37,Electronics & Audio,Noise-Cancelling Studio Pro Headphones,5,353.24,1766.2
INV-103856,CUST-0317,2024-09-28 08:27:04,Specialty Gourmet,Single-Origin Espresso Bean Subscription (1kg),2,29.95,59.9
INV-103856,CUST-0317,2024-09-28 15:46:57,Electronics & Audio,Noise-Cancelling Studio Pro Headphones,1,287.9,287.9
INV-103449,CUST-0392,2024-09-29 16:37:23,Computer Accessories,Ergonomic Multi-Device Wireless Mouse,3,95.3,285.9
INV-103588,CUST-0410,2024-09-30 21:41:48,Specialty Gourmet,Single-Origin Espresso Bean Subscription (1kg),6,40.3,241.8
INV-101059,CUST-0097,2024-10-03 22:07:12,Electronics & Audio,Noise-Cancelling Studio Pro Headphones,5,336.37,1681.85
INV-100790,CUST-0202,2024-10-05 15:38:21,Wearables & Fitness,Heart Rate Performance Sensor Band,3,96.66,289.98
INV-103601,CUST-0412,2024-10-06 12:05:49,Smart Office & Furniture,Motorized Standing Desk Frame,5,450.91,2254.55
INV-102797,CUST-0345,2024-10-07 11:58:31,Smart Office & Furniture,Smart LED Desk Bar Lamp,5,51.93,259.65
INV-103768,CUST-0237,2024-10-07 13:38:09,Computer Accessories,Custom Mechanical RGB Keyboard,2,139.81,279.62
INV-103137,CUST-0001,2024-10-07 14:02:07,Smart Office & Furniture,Smart LED Desk Bar Lamp,3,53.39,160.17
INV-103137,CUST-0001,2024-10-07 15:22:39,Specialty Gourmet,Single-Origin Espresso Bean Subscription (1kg),1,32.81,32.81
INV-103137,CUST-0001,2024-10-07 17:52:24,Computer Accessories,Custom Mechanical RGB Keyboard,4,151.51,606.04
INV-103184,CUST-0192,2024-10-07 18:48:30,Wearables & Fitness,Heart Rate Performance Sensor Band,2,96.01,192.02
INV-103768,CUST-0237,2024-10-07 20:36:18,Apparel & Lifestyle,Thermal Double-Wall Stainless Flask,1,34.77,34.77
INV-102797,CUST-0345,2024-10-07 21:09:38,Computer Accessories,Ergonomic Multi-Device Wireless Mouse,1,81.1,81.1
INV-103038,CUST-0124,2024-10-08 13:11:58,Computer Accessories,Premium Aluminum Monitor Arm,4,67.0,268.0
INV-103038,CUST-0124,2024-10-08 20:21:41,Apparel & Lifestyle,Full-Grain Leather Briefcase Sleeve,5,92.7,463.5
INV-100013,CUST-0042,2024-10-12 16:23:04,Smart Office & Furniture,Motorized Standing Desk Frame,6,423.63,2541.78
INV-100052,CUST-0180,2024-10-13 08:02:08,Apparel & Lifestyle,Thermal Double-Wall Stainless Flask,4,39.6,158.4
INV-101060,CUST-0097,2024-10-13 10:13:55,Smart Office & Furniture,Smart LED Desk Bar Lamp,5,55.04,275.2
INV-100052,CUST-0180,2024-10-13 11:38:32,Computer Accessories,Premium Aluminum Monitor Arm,3,72.4,217.2
INV-100014,CUST-0042,2024-10-13 12:47:01,Apparel & Lifestyle,Thermal Double-Wall Stainless Flask,4,41.12,164.48
INV-100014,CUST-0042,2024-10-13 13:15:46,Smart Office & Furniture,Smart LED Desk Bar Lamp,3,56.26,168.78
INV-100014,CUST-0042,2024-10-13 15:02:40,Smart Office & Furniture,Smart LED Desk Bar Lamp,1,54.51,54.51
INV-100052,CUST-0180,2024-10-13 15:33:29,Computer Accessories,Premium Aluminum Monitor Arm,6,70.0,420.0
INV-101310,CUST-0437,2024-10-13 15:48:15,Apparel & Lifestyle,Full-Grain Leather Briefcase Sleeve,4,87.71,350.84
INV-101798,CUST-0248,2024-10-13 18:38:28,Apparel & Lifestyle,Full-Grain Leather Briefcase Sleeve,4,86.93,347.72
INV-100725,CUST-0152,2024-10-13 21:15:33,Specialty Gourmet,Single-Origin Espresso Bean Subscription (1kg),6,36.9,221.4
INV-101702,CUST-0232,2024-10-15 11:39:07,Wearables & Fitness,Heart Rate Performance Sensor Band,1,87.87,87.87
INV-101702,CUST-0232,2024-10-15 19:17:34,Specialty Gourmet,Single-Origin Espresso Bean Subscription (1kg),2,31.31,62.62
INV-101702,CUST-0232,2024-10-15 20:38:34,Specialty Gourmet,Single-Origin Espresso Bean Subscription (1kg),1,33.29,33.29
INV-103185,CUST-0192,2024-10-16 14:47:53,Electronics & Audio,Noise-Cancelling Studio Pro Headphones,3,317.01,951.03
INV-103185,CUST-0192,2024-10-16 20:31:57,Computer Accessories,Custom Mechanical RGB Keyboard,4,155.39,621.56
INV-101369,CUST-0069,2024-10-19 15:57:57,Smart Office & Furniture,Ergonomic Lumbar Executive Chair,1,270.85,270.85
INV-101369,CUST-0069,2024-10-19 17:51:40,Electronics & Audio,Thunderbolt 4 Docking Station,4,183.96,735.84
INV-101369,CUST-0069,2024-10-19 18:34:23,Specialty Gourmet,Single-Origin Espresso Bean Subscription (1kg),3,31.53,94.59
INV-101078,CUST-0176,2024-10-21 12:04:16,Specialty Gourmet,Single-Origin Espresso Bean Subscription (1kg),1,34.64,34.64
INV-103063,CUST-0123,2024-10-21 12:05:05,Apparel & Lifestyle,Full-Grain Leather Briefcase Sleeve,4,92.14,368.56
INV-100376,CUST-0160,2024-10-21 12:15:18,Apparel & Lifestyle,Full-Grain Leather Briefcase Sleeve,1,95.0,95.0
INV-100376,CUST-0160,2024-10-21 13:33:34,Computer Accessories,Custom Mechanical RGB Keyboard,3,163.83,491.49
INV-103063,CUST-0123,2024-10-21 16:20:09,Apparel & Lifestyle,Thermal Double-Wall Stainless Flask,1,36.81,36.81
INV-101078,CUST-0176,2024-10-21 20:51:24,Apparel & Lifestyle,Thermal Double-Wall Stainless Flask,3,40.2,120.6
INV-101078,CUST-0176,2024-10-21 22:08:37,Computer Accessories,Ergonomic Multi-Device Wireless Mouse,3,89.29,267.87
INV-101481,CUST-0221,2024-10-22 15:58:42,Smart Office & Furniture,Smart LED Desk Bar Lamp,3,48.32,144.96
INV-103312,CUST-0323,2024-10-23 11:25:47,Computer Accessories,Custom Mechanical RGB Keyboard,6,174.32,1045.92
INV-102102,CUST-0371,2024-10-23 14:31:57,Smart Office & Furniture,Smart LED Desk Bar Lamp,2,48.29,96.58
INV-101703,CUST-0232,2024-10-26 15:52:13,Apparel & Lifestyle,Full-Grain Leather Briefcase Sleeve,1,87.9,87.9
INV-100015,CUST-0042,2024-10-28 13:08:02,Electronics & Audio,Thunderbolt 4 Docking Station,5,212.37,1061.85
INV-103867,CUST-0041,2024-10-29 22:14:01,Apparel & Lifestyle,Thermal Double-Wall Stainless Flask,1,34.91,34.91
INV-103328,CUST-0002,2024-10-30 11:50:47,Smart Office & Furniture,Smart LED Desk Bar Lamp,3,62.05,186.15
INV-101079,CUST-0176,2024-10-31 22:54:57,Electronics & Audio,Thunderbolt 4 Docking Station,2,212.67,425.34
INV-100957,CUST-0046,2024-11-02 11:30:42,Apparel & Lifestyle,Full-Grain Leather Briefcase Sleeve,1,90.96,90.96
INV-101370,CUST-0069,2024-11-03 09:47:06,Electronics & Audio,4K Curved Ultra-Wide Gaming Monitor,2,488.04,976.08
INV-103329,CUST-0002,2024-11-03 15:42:51,Apparel & Lifestyle,Thermal Double-Wall Stainless Flask,6,42.0,252.0
INV-101370,CUST-0069,2024-11-03 16:08:51,Wearables & Fitness,Heart Rate Performance Sensor Band,2,86.34,172.68
INV-101370,CUST-0069,2024-11-03 17:06:15,Smart Office & Furniture,Smart LED Desk Bar Lamp,4,49.12,196.48
INV-103329,CUST-0002,2024-11-03 18:15:53,Apparel & Lifestyle,Thermal Double-Wall Stainless Flask,5,44.44,222.2
INV-101061,CUST-0097,2024-11-04 11:05:46,Specialty Gourmet,Single-Origin Espresso Bean Subscription (1kg),1,35.26,35.26
INV-103064,CUST-0123,2024-11-04 13:56:41,Computer Accessories,Premium Aluminum Monitor Arm,2,66.37,132.74
INV-103602,CUST-0412,2024-11-05 17:17:31,Computer Accessories,Custom Mechanical RGB Keyboard,2,179.22,358.44
INV-101771,CUST-0197,2024-11-05 22:01:41,Wearables & Fitness,Heart Rate Performance Sensor Band,4,90.88,363.52
INV-100958,CUST-0046,2024-11-07 09:50:01,Smart Office & Furniture,Smart LED Desk Bar Lamp,4,53.37,213.48
INV-100958,CUST-0046,2024-11-07 13:48:48,Electronics & Audio,Thunderbolt 4 Docking Station,6,212.02,1272.12
INV-100958,CUST-0046,2024-11-07 22:47:53,Smart Office & Furniture,Smart LED Desk Bar Lamp,4,55.0,220.0
INV-102870,CUST-0368,2024-11-09 13:54:55,Electronics & Audio,Thunderbolt 4 Docking Station,4,199.29,797.16
INV-103039,CUST-0124,2024-11-10 08:40:43,Wearables & Fitness,Heart Rate Performance Sensor Band,4,92.93,371.72
INV-102536,CUST-0018,2024-11-11 08:38:10,Electronics & Audio,Noise-Cancelling Studio Pro Headphones,5,316.46,1582.3
INV-103040,CUST-0124,2024-11-11 08:54:36,Wearables & Fitness,Heart Rate Performance Sensor Band,1,91.66,91.66
INV-100208,CUST-0174,2024-11-11 09:17:24,Smart Office & Furniture,Smart LED Desk Bar Lamp,5,54.9,274.5
INV-103040,CUST-0124,2024-11-11 19:15:52,Electronics & Audio,Noise-Cancelling Studio Pro Headphones,1,304.16,304.16
INV-101958,CUST-0268,2024-11-13 15:38:39,Smart Office & Furniture,Smart LED Desk Bar Lamp,3,50.74,152.22
INV-103065,CUST-0123,2024-11-14 13:14:02,Computer Accessories,Custom Mechanical RGB Keyboard,1,163.19,163.19
INV-103834,CUST-0117,2024-11-17 12:24:52,Wearables & Fitness,Heart Rate Performance Sensor Band,2,87.47,174.94
INV-102663,CUST-0142,2024-11-18 08:45:37,Apparel & Lifestyle,Thermal Double-Wall Stainless Flask,4,38.4,153.6
INV-103450,CUST-0392,2024-11-18 09:05:02,Smart Office & Furniture,Ergonomic Lumbar Executive Chair,2,325.45,650.9
INV-102663,CUST-0142,2024-11-18 11:44:31,Wearables & Fitness,Heart Rate Performance Sensor Band,3,95.82,287.46
INV-103771,CUST-0424,2024-11-18 11:55:53,Wearables & Fitness,Heart Rate Performance Sensor Band,1,84.67,84.67
INV-103450,CUST-0392,2024-11-18 12:26:05,Wearables & Fitness,Titanium GPS Smart Fitness Watch,3,302.34,907.02
INV-101658,CUST-0218,2024-11-18 12:42:16,Electronics & Audio,Noise-Cancelling Studio Pro Headphones,3,292.05,876.15
INV-101658,CUST-0218,2024-11-18 14:13:46,Electronics & Audio,Thunderbolt 4 Docking Station,4,184.37,737.48
INV-100416,CUST-0012,2024-11-18 19:30:44,Computer Accessories,Ergonomic Multi-Device Wireless Mouse,1,88.46,88.46
INV-101658,CUST-0218,2024-11-18 20:59:18,Apparel & Lifestyle,Full-Grain Leather Briefcase Sleeve,2,84.06,168.12
INV-100377,CUST-0160,2024-11-18 22:11:30,Wearables & Fitness,Heart Rate Performance Sensor Band,3,94.58,283.74
INV-100755,CUST-0060,2024-11-19 10:44:25,Electronics & Audio,Noise-Cancelling Studio Pro Headphones,5,332.9,1664.5
INV-101080,CUST-0176,2024-11-19 11:36:30,Smart Office & Furniture,Ergonomic Lumbar Executive Chair,1,303.03,303.03
INV-103196,CUST-0397,2024-11-19 15:48:15,Smart Office & Furniture,Ergonomic Lumbar Executive Chair,2,318.26,636.52
INV-103196,CUST-0397,2024-11-19 16:38:26,Wearables & Fitness,Heart Rate Performance Sensor Band,4,103.58,414.32
INV-100755,CUST-0060,2024-11-19 22:34:39,Computer Accessories,Ergonomic Multi-Device Wireless Mouse,4,88.9,355.6
INV-103018,CUST-0044,2024-11-21 08:54:08,Smart Office & Furniture,Ergonomic Lumbar Executive Chair,4,280.07,1120.28
INV-101704,CUST-0232,2024-11-21 12:00:27,Specialty Gourmet,Single-Origin Espresso Bean Subscription (1kg),2,33.6,67.2
INV-101704,CUST-0232,2024-11-21 20:28:35,Electronics & Audio,Thunderbolt 4 Docking Station,3,196.09,588.27
INV-103018,CUST-0044,2024-11-21 22:21:51,Smart Office & Furniture,Motorized Standing Desk Frame,5,401.8,2009.0
INV-100917,CUST-0264,2024-11-23 10:01:35,Apparel & Lifestyle,Full-Grain Leather Briefcase Sleeve,6,96.58,579.48
INV-100917,CUST-0264,2024-11-23 18:30:22,Computer Accessories,Ergonomic Multi-Device Wireless Mouse,4,86.75,347.0
INV-103041,CUST-0124,2024-11-24 09:05:38,Specialty Gourmet,Single-Origin Espresso Bean Subscription (1kg),3,35.01,105.03
INV-101275,CUST-0239,2024-11-24 13:07:50,Apparel & Lifestyle,Thermal Double-Wall Stainless Flask,3,36.99,110.97
INV-101275,CUST-0239,2024-11-24 20:30:45,Electronics & Audio,Thunderbolt 4 Docking Station,4,189.53,758.12
INV-103792,CUST-0422,2024-11-26 11:01:38,Wearables & Fitness,Titanium GPS Smart Fitness Watch,2,234.3,468.6
INV-103792,CUST-0422,2024-11-26 13:54:25,Wearables & Fitness,Titanium GPS Smart Fitness Watch,1,244.31,244.31
INV-103554,CUST-0198,2024-11-26 15:12:25,Smart Office & Furniture,Smart LED Desk Bar Lamp,3,60.22,180.66
INV-103747,CUST-0434,2024-11-27 08:23:32,Smart Office & Furniture,Motorized Standing Desk Frame,1,366.04,366.04
INV-101772,CUST-0197,2024-11-28 19:14:33,Apparel & Lifestyle,Full-Grain Leather Briefcase Sleeve,3,85.42,256.26
INV-103688,CUST-0384,2024-11-29 14:56:35,Apparel & Lifestyle,Full-Grain Leather Briefcase Sleeve,1,79.26,79.26
INV-100930,CUST-0340,2024-11-29 16:19:23,Apparel & Lifestyle,Full-Grain Leather Briefcase Sleeve,1,97.09,97.09
INV-102103,CUST-0371,2024-11-29 18:24:43,Electronics & Audio,4K Curved Ultra-Wide Gaming Monitor,2,484.3,968.6
INV-103688,CUST-0384,2024-11-29 20:12:19,Computer Accessories,Premium Aluminum Monitor Arm,2,60.96,121.92
INV-100188,CUST-0418,2024-11-30 15:23:24,Wearables & Fitness,Heart Rate Performance Sensor Band,1,95.9,95.9
INV-100188,CUST-0418,2024-11-30 16:00:02,Specialty Gourmet,Single-Origin Espresso Bean Subscription (1kg),1,34.97,34.97
INV-103503,CUST-0129,2024-12-01 09:23:50,Smart Office & Furniture,Motorized Standing Desk Frame,6,457.37,2744.22
INV-101659,CUST-0218,2024-12-02 10:55:07,Smart Office & Furniture,Smart LED Desk Bar Lamp,1,48.3,48.3
INV-102162,CUST-0297,2024-12-03 08:26:05,Computer Accessories,Custom Mechanical RGB Keyboard,3,150.8,452.4
INV-101467,CUST-0281,2024-12-03 10:10:26,Electronics & Audio,Thunderbolt 4 Docking Station,2,195.58,391.16
INV-103074,CUST-0158,2024-12-03 10:26:52,Apparel & Lifestyle,Thermal Double-Wall Stainless Flask,1,37.51,37.51
INV-100417,CUST-0012,2024-12-03 15:05:43,Computer Accessories,Premium Aluminum Monitor Arm,1,69.52,69.52
INV-101824,CUST-0304,2024-12-04 08:05:53,Computer Accessories,Custom Mechanical RGB Keyboard,2,147.22,294.44
INV-102871,CUST-0368,2024-12-04 11:04:53,Smart Office & Furniture,Ergonomic Lumbar Executive Chair,3,298.25,894.75
INV-101824,CUST-0304,2024-12-04 19:21:37,Wearables & Fitness,Titanium GPS Smart Fitness Watch,2,249.43,498.86
INV-102871,CUST-0368,2024-12-04 21:00:55,Computer Accessories,Ergonomic Multi-Device Wireless Mouse,3,85.7,257.1
INV-102786,CUST-0096,2024-12-05 10:14:00,Computer Accessories,Ergonomic Multi-Device Wireless Mouse,5,85.99,429.95
INV-102786,CUST-0096,2024-12-05 11:05:24,Wearables & Fitness,Titanium GPS Smart Fitness Watch,2,253.85,507.7
INV-102786,CUST-0096,2024-12-05 13:46:51,Apparel & Lifestyle,Full-Grain Leather Briefcase Sleeve,3,91.35,274.05
INV-101371,CUST-0069,2024-12-05 15:42:37,Computer Accessories,Custom Mechanical RGB Keyboard,3,147.93,443.79
INV-103042,CUST-0124,2024-12-06 09:05:35,Wearables & Fitness,Titanium GPS Smart Fitness Watch,4,268.43,1073.72
INV-103101,CUST-0010,2024-12-06 09:43:04,Computer Accessories,Custom Mechanical RGB Keyboard,4,163.35,653.4
INV-103699,CUST-0135,2024-12-06 10:06:59,Apparel & Lifestyle,Thermal Double-Wall Stainless Flask,2,32.96,65.92
INV-103042,CUST-0124,2024-12-06 13:32:13,Wearables & Fitness,Titanium GPS Smart Fitness Watch,1,265.27,265.27
INV-101324,CUST-0388,2024-12-06 15:05:30,Wearables & Fitness,Heart Rate Performance Sensor Band,2,88.85,177.7
INV-103101,CUST-0010,2024-12-06 15:17:34,Wearables & Fitness,Titanium GPS Smart Fitness Watch,5,265.63,1328.15
INV-103699,CUST-0135,2024-12-06 16:09:44,Wearables & Fitness,Heart Rate Performance Sensor Band,2,85.17,170.34
INV-102014,CUST-0165,2024-12-07 14:02:32,Electronics & Audio,Thunderbolt 4 Docking Station,1,195.23,195.23
INV-101117,CUST-0316,2024-12-08 08:09:38,Specialty Gourmet,Single-Origin Espresso Bean Subscription (1kg),2,31.5,63.0
INV-103555,CUST-0198,2024-12-08 08:16:44,Apparel & Lifestyle,Thermal Double-Wall Stainless Flask,3,43.31,129.93
INV-102764,CUST-0231,2024-12-08 08:34:48,Apparel & Lifestyle,Thermal Double-Wall Stainless Flask,3,38.4,115.2
INV-101117,CUST-0316,2024-12-08 11:13:06,Apparel & Lifestyle,Thermal Double-Wall Stainless Flask,1,36.06,36.06
INV-101081,CUST-0176,2024-12-08 15:14:05,Specialty Gourmet,Single-Origin Espresso Bean Subscription (1kg),3,36.53,109.59
INV-103555,CUST-0198,2024-12-08 15:23:33,Computer Accessories,Custom Mechanical RGB Keyboard,3,178.71,536.13
INV-103186,CUST-0192,2024-12-08 16:05:22,Apparel & Lifestyle,Thermal Double-Wall Stainless Flask,2,38.84,77.68
INV-103186,CUST-0192,2024-12-08 19:55:28,Computer Accessories,Premium Aluminum Monitor Arm,1,68.19,68.19
INV-103186,CUST-0192,2024-12-08 22:34:54,Specialty Gourmet,Single-Origin Espresso Bean Subscription (1kg),3,34.24,102.72
INV-102764,CUST-0231,2024-12-08 22:47:00,Wearables & Fitness,Titanium GPS Smart Fitness Watch,3,254.89,764.67
INV-102726,CUST-0031,2024-12-09 09:56:39,Smart Office & Furniture,Smart LED Desk Bar Lamp,1,53.53,53.53
INV-103728,CUST-0337,2024-12-09 12:45:50,Apparel & Lifestyle,Thermal Double-Wall Stainless Flask,2,33.2,66.4
INV-103728,CUST-0337,2024-12-09 20:16:48,Smart Office & Furniture,Smart LED Desk Bar Lamp,1,47.42,47.42
INV-103801,CUST-0108,2024-12-09 21:53:39,Smart Office & Furniture,Smart LED Desk Bar Lamp,2,48.36,96.72
INV-102015,CUST-0165,2024-12-10 16:19:40,Specialty Gourmet,Single-Origin Espresso Bean Subscription (1kg),3,31.37,94.11
INV-101825,CUST-0304,2024-12-11 15:06:20,Computer Accessories,Premium Aluminum Monitor Arm,1,63.6,63.6
INV-100209,CUST-0174,2024-12-11 20:34:50,Computer Accessories,Custom Mechanical RGB Keyboard,5,161.68,808.4
INV-100959,CUST-0046,2024-12-13 11:03:43,Computer Accessories,Premium Aluminum Monitor Arm,1,72.47,72.47
INV-101759,CUST-0073,2024-12-13 21:01:02,Electronics & Audio,4K Curved Ultra-Wide Gaming Monitor,2,496.07,992.14
INV-103708,CUST-0443,2024-12-14 14:35:23,Electronics & Audio,4K Curved Ultra-Wide Gaming Monitor,1,482.27,482.27
INV-103769,CUST-0237,2024-12-15 09:43:55,Specialty Gourmet,Single-Origin Espresso Bean Subscription (1kg),2,31.63,63.26
INV-102765,CUST-0231,2024-12-15 13:57:09,Wearables & Fitness,Titanium GPS Smart Fitness Watch,1,265.41,265.41
INV-103769,CUST-0237,2024-12-15 15:27:02,Electronics & Audio,4K Curved Ultra-Wide Gaming Monitor,1,461.88,461.88
INV-102765,CUST-0231,2024-12-15 16:27:00,Smart Office & Furniture,Motorized Standing Desk Frame,5,402.44,2012.2
INV-102016,CUST-0165,2024-12-16 13:56:39,Electronics & Audio,4K Curved Ultra-Wide Gaming Monitor,2,518.58,1037.16
INV-100210,CUST-0174,2024-12-16 16:50:31,Computer Accessories,Premium Aluminum Monitor Arm,6,70.15,420.9
INV-100849,CUST-0078,2024-12-16 19:50:19,Specialty Gourmet,Single-Origin Espresso Bean Subscription (1kg),3,36.32,108.96
INV-102090,CUST-0159,2024-12-18 10:22:35,Electronics & Audio,Thunderbolt 4 Docking Station,3,185.77,557.31
INV-103846,CUST-0361,2024-12-18 18:32:27,Electronics & Audio,Noise-Cancelling Studio Pro Headphones,1,275.59,275.59
INV-102798,CUST-0345,2024-12-19 11:29:53,Electronics & Audio,Noise-Cancelling Studio Pro Headphones,1,326.05,326.05
INV-102017,CUST-0165,2024-12-19 20:15:58,Computer Accessories,Custom Mechanical RGB Keyboard,3,148.14,444.42
INV-103781,CUST-0369,2024-12-19 20:34:43,Electronics & Audio,Noise-Cancelling Studio Pro Headphones,2,285.62,571.24
INV-103689,CUST-0384,2024-12-20 08:07:25,Wearables & Fitness,Heart Rate Performance Sensor Band,2,84.44,168.88
INV-103476,CUST-0006,2024-12-20 15:48:18,Computer Accessories,Ergonomic Multi-Device Wireless Mouse,6,94.02,564.12
INV-103504,CUST-0129,2024-12-20 18:29:14,Wearables & Fitness,Heart Rate Performance Sensor Band,4,105.94,423.76
INV-101826,CUST-0304,2024-12-20 21:33:06,Computer Accessories,Custom Mechanical RGB Keyboard,4,149.7,598.8
INV-101826,CUST-0304,2024-12-20 22:13:52,Computer Accessories,Custom Mechanical RGB Keyboard,2,148.38,296.76
INV-101615,CUST-0216,2024-12-22 12:22:52,Computer Accessories,Ergonomic Multi-Device Wireless Mouse,4,77.2,308.8
INV-101615,CUST-0216,2024-12-22 22:24:56,Specialty Gourmet,Single-Origin Espresso Bean Subscription (1kg),1,32.11,32.11
INV-103053,CUST-0030,2024-12-23 19:55:43,Computer Accessories,Ergonomic Multi-Device Wireless Mouse,1,86.78,86.78
INV-103330,CUST-0002,2024-12-25 09:59:15,Smart Office & Furniture,Ergonomic Lumbar Executive Chair,2,323.68,647.36
INV-100756,CUST-0060,2024-12-26 11:56:19,Wearables & Fitness,Heart Rate Performance Sensor Band,6,97.15,582.9
INV-100756,CUST-0060,2024-12-26 13:24:46,Apparel & Lifestyle,Full-Grain Leather Briefcase Sleeve,1,90.04,90.04
INV-102679,CUST-0320,2024-12-26 16:29:37,Computer Accessories,Ergonomic Multi-Device Wireless Mouse,5,83.61,418.05
INV-100053,CUST-0180,2024-12-27 17:20:10,Specialty Gourmet,Single-Origin Espresso Bean Subscription (1kg),2,35.26,70.52
INV-103589,CUST-0410,2024-12-27 19:42:30,Apparel & Lifestyle,Full-Grain Leather Briefcase Sleeve,3,101.98,305.94
INV-102727,CUST-0031,2024-12-28 21:49:12,Computer Accessories,Ergonomic Multi-Device Wireless Mouse,2,81.36,162.72
INV-102027,CUST-0015,2024-12-29 18:21:59,Electronics & Audio,Thunderbolt 4 Docking Station,1,186.19,186.19
INV-100378,CUST-0160,2024-12-29 19:43:59,Computer Accessories,Custom Mechanical RGB Keyboard,5,161.94,809.7
INV-103690,CUST-0384,2024-12-29 21:43:18,Computer Accessories,Custom Mechanical RGB Keyboard,2,145.29,290.58
INV-102897,CUST-0238,2024-12-30 16:20:15,Smart Office & Furniture,Motorized Standing Desk Frame,4,409.53,1638.12
INV-101773,CUST-0197,2024-12-31 22:33:08,Computer Accessories,Ergonomic Multi-Device Wireless Mouse,3,80.86,242.58
INV-103114,CUST-0251,2025-01-01 10:45:33,Apparel & Lifestyle,Thermal Double-Wall Stainless Flask,1,38.1,38.1
INV-100644,CUST-0241,2025-01-01 11:18:10,Smart Office & Furniture,Smart LED Desk Bar Lamp,5,53.74,268.7
INV-103114,CUST-0251,2025-01-01 13:47:02,Wearables & Fitness,Titanium GPS Smart Fitness Watch,2,267.79,535.58
INV-100644,CUST-0241,2025-01-01 17:48:00,Wearables & Fitness,Titanium GPS Smart Fitness Watch,1,265.12,265.12
INV-103114,CUST-0251,2025-01-01 19:40:59,Computer Accessories,Ergonomic Multi-Device Wireless Mouse,3,83.28,249.84
INV-101637,CUST-0213,2025-01-01 20:44:32,Wearables & Fitness,Titanium GPS Smart Fitness Watch,3,242.18,726.54
INV-102557,CUST-0433,2025-01-01 22:53:54,Wearables & Fitness,Heart Rate Performance Sensor Band,5,91.29,456.45
INV-100726,CUST-0152,2025-01-02 08:32:06,Wearables & Fitness,Titanium GPS Smart Fitness Watch,5,264.62,1323.1
INV-100323,CUST-0144,2025-01-02 09:13:34,Apparel & Lifestyle,Thermal Double-Wall Stainless Flask,6,39.36,236.16
INV-101215,CUST-0095,2025-01-02 14:32:47,Specialty Gourmet,Single-Origin Espresso Bean Subscription (1kg),3,33.24,99.72
INV-101215,CUST-0095,2025-01-02 20:25:12,Smart Office & Furniture,Smart LED Desk Bar Lamp,1,50.93,50.93
INV-101760,CUST-0073,2025-01-03 11:06:11,Specialty Gourmet,Single-Origin Espresso Bean Subscription (1kg),3,33.64,100.92
INV-102028,CUST-0015,2025-01-03 17:55:11,Computer Accessories,Ergonomic Multi-Device Wireless Mouse,4,78.77,315.08
INV-101760,CUST-0073,2025-01-03 18:29:04,Electronics & Audio,Noise-Cancelling Studio Pro Headphones,1,297.26,297.26
INV-101977,CUST-0140,2025-01-03 18:42:41,Smart Office & Furniture,Motorized Standing Desk Frame,1,379.16,379.16
INV-102028,CUST-0015,2025-01-03 19:37:49,Apparel & Lifestyle,Thermal Double-Wall Stainless Flask,1,35.05,35.05
INV-101760,CUST-0073,2025-01-03 22:38:05,Apparel & Lifestyle,Thermal Double-Wall Stainless Flask,3,35.68,107.04
INV-103331,CUST-0002,2025-01-05 15:58:38,Computer Accessories,Custom Mechanical RGB Keyboard,2,185.67,371.34
INV-102995,CUST-0439,2025-01-05 18:40:39,Computer Accessories,Ergonomic Multi-Device Wireless Mouse,3,87.18,261.54
INV-102787,CUST-0096,2025-01-06 12:21:24,Smart Office & Furniture,Ergonomic Lumbar Executive Chair,5,294.95,1474.75
INV-100727,CUST-0152,2025-01-06 17:52:16,Smart Office & Furniture,Motorized Standing Desk Frame,4,423.38,1693.52
INV-103019,CUST-0044,2025-01-06 21:45:31,Specialty Gourmet,Single-Origin Espresso Bean Subscription (1kg),2,34.23,68.46
INV-103281,CUST-0092,2025-01-07 17:50:10,Computer Accessories,Premium Aluminum Monitor Arm,6,77.28,463.68
INV-103429,CUST-0362,2025-01-08 10:36:58,Wearables & Fitness,Heart Rate Performance Sensor Band,2,108.86,217.72
INV-103490,CUST-0284,2025-01-08 10:52:39,Computer Accessories,Ergonomic Multi-Device Wireless Mouse,3,98.49,295.47
INV-102622,CUST-0311,2025-01-08 14:53:30,Wearables & Fitness,Titanium GPS Smart Fitness Watch,3,254.46,763.38
INV-100324,CUST-0144,2025-01-09 09:47:43,Specialty Gourmet,Single-Origin Espresso Bean Subscription (1kg),4,36.17,144.68
INV-102558,CUST-0433,2025-01-09 10:38:50,Computer Accessories,Ergonomic Multi-Device Wireless Mouse,4,81.59,326.36
INV-102664,CUST-0142,2025-01-09 18:40:15,Apparel & Lifestyle,Full-Grain Leather Briefcase Sleeve,5,88.57,442.85
INV-103802,CUST-0108,2025-01-09 18:51:21,Computer Accessories,Ergonomic Multi-Device Wireless Mouse,2,75.22,150.44
INV-100324,CUST-0144,2025-01-09 19:21:02,Apparel & Lifestyle,Full-Grain Leather Briefcase Sleeve,2,89.94,179.88
INV-102664,CUST-0142,2025-01-09 19:55:08,Computer Accessories,Ergonomic Multi-Device Wireless Mouse,2,84.51,169.02
INV-100418,CUST-0012,2025-01-10 13:41:09,Specialty Gourmet,Single-Origin Espresso Bean Subscription (1kg),6,34.49,206.94
INV-103223,CUST-0285,2025-01-10 19:22:08,Apparel & Lifestyle,Thermal Double-Wall Stainless Flask,3,43.37,130.11
INV-103282,CUST-0092,2025-01-11 08:08:23,Computer Accessories,Ergonomic Multi-Device Wireless Mouse,3,94.06,282.18
INV-103282,CUST-0092,2025-01-11 08:54:06,Electronics & Audio,Thunderbolt 4 Docking Station,5,230.55,1152.75
INV-101601,CUST-0209,2025-01-11 10:54:27,Wearables & Fitness,Titanium GPS Smart Fitness Watch,4,242.01,968.04
INV-103763,CUST-0139,2025-01-11 12:51:49,Apparel & Lifestyle,Full-Grain Leather Briefcase Sleeve,1,82.02,82.02
INV-101038,CUST-0364,2025-01-11 15:26:26,Apparel & Lifestyle,Thermal Double-Wall Stainless Flask,6,39.6,237.6
INV-103787,CUST-0332,2025-01-11 16:53:17,Electronics & Audio,4K Curved Ultra-Wide Gaming Monitor,2,483.38,966.76
INV-101601,CUST-0209,2025-01-11 16:59:16,Computer Accessories,Custom Mechanical RGB Keyboard,1,146.99,146.99
INV-100645,CUST-0241,2025-01-11 19:37:11,Specialty Gourmet,Single-Origin Espresso Bean Subscription (1kg),6,35.68,214.08
INV-103787,CUST-0332,2025-01-11 22:02:35,Smart Office & Furniture,Smart LED Desk Bar Lamp,2,49.37,98.74
INV-100645,CUST-0241,2025-01-11 22:32:54,Smart Office & Furniture,Smart LED Desk Bar Lamp,1,56.86,56.86
INV-102029,CUST-0015,2025-01-12 21:15:26,Computer Accessories,Custom Mechanical RGB Keyboard,1,146.76,146.76
INV-103138,CUST-0001,2025-01-13 15:47:02,Wearables & Fitness,Heart Rate Performance Sensor Band,1,95.38,95.38
INV-103531,CUST-0240,2025-01-14 09:09:01,Computer Accessories,Ergonomic Multi-Device Wireless Mouse,3,92.93,278.79
INV-103673,CUST-0261,2025-01-14 21:52:06,Wearables & Fitness,Heart Rate Performance Sensor Band,6,108.52,651.12
INV-100918,CUST-0264,2025-01-15 10:20:48,Smart Office & Furniture,Smart LED Desk Bar Lamp,5,54.52,272.6
INV-100918,CUST-0264,2025-01-15 22:12:44,Computer Accessories,Premium Aluminum Monitor Arm,3,69.71,209.13
INV-100757,CUST-0060,2025-01-17 09:32:35,Specialty Gourmet,Single-Origin Espresso Bean Subscription (1kg),5,35.13,175.65
INV-103066,CUST-0123,2025-01-17 15:34:05,Apparel & Lifestyle,Thermal Double-Wall Stainless Flask,3,36.32,108.96
INV-101098,CUST-0314,2025-01-17 17:47:44,Electronics & Audio,Noise-Cancelling Studio Pro Headphones,4,317.61,1270.44
INV-101098,CUST-0314,2025-01-17 18:09:22,Apparel & Lifestyle,Full-Grain Leather Briefcase Sleeve,4,96.16,384.64
INV-101216,CUST-0095,2025-01-17 18:36:30,Computer Accessories,Ergonomic Multi-Device Wireless Mouse,2,77.34,154.68
INV-100757,CUST-0060,2025-01-17 20:40:10,Smart Office & Furniture,Smart LED Desk Bar Lamp,3,55.08,165.24
INV-101276,CUST-0239,2025-01-18 09:09:00,Smart Office & Furniture,Motorized Standing Desk Frame,4,391.26,1565.04
INV-101988,CUST-0336,2025-01-18 10:08:54,Smart Office & Furniture,Smart LED Desk Bar Lamp,1,51.37,51.37
INV-101978,CUST-0140,2025-01-18 20:37:27,Wearables & Fitness,Titanium GPS Smart Fitness Watch,3,239.65,718.95
INV-101082,CUST-0176,2025-01-19 21:55:15,Computer Accessories,Ergonomic Multi-Device Wireless Mouse,1,86.86,86.86
INV-103313,CUST-0323,2025-01-20 09:00:53,Wearables & Fitness,Titanium GPS Smart Fitness Watch,5,309.88,1549.4
INV-103313,CUST-0323,2025-01-20 09:44:41,Apparel & Lifestyle,Thermal Double-Wall Stainless Flask,5,42.68,213.4
INV-103313,CUST-0323,2025-01-20 10:27:48,Electronics & Audio,4K Curved Ultra-Wide Gaming Monitor,5,575.66,2878.3
INV-100758,CUST-0060,2025-01-20 11:53:49,Specialty Gourmet,Single-Origin Espresso Bean Subscription (1kg),5,36.01,180.05
INV-101311,CUST-0437,2025-01-20 19:16:36,Computer Accessories,Premium Aluminum Monitor Arm,3,65.98,197.94
INV-101311,CUST-0437,2025-01-20 20:08:09,Wearables & Fitness,Heart Rate Performance Sensor Band,3,89.67,269.01
INV-101372,CUST-0069,2025-01-21 10:20:27,Wearables & Fitness,Titanium GPS Smart Fitness Watch,3,254.18,762.54
INV-101705,CUST-0232,2025-01-22 08:46:11,Electronics & Audio,4K Curved Ultra-Wide Gaming Monitor,2,488.39,976.78
INV-101705,CUST-0232,2025-01-22 11:11:52,Electronics & Audio,Noise-Cancelling Studio Pro Headphones,1,304.01,304.01
INV-100919,CUST-0264,2025-01-22 15:18:57,Electronics & Audio,Noise-Cancelling Studio Pro Headphones,2,328.45,656.9
INV-101217,CUST-0095,2025-01-22 16:17:30,Smart Office & Furniture,Motorized Standing Desk Frame,2,394.19,788.38
INV-100919,CUST-0264,2025-01-22 18:10:36,Apparel & Lifestyle,Thermal Double-Wall Stainless Flask,6,38.98,233.88
INV-100931,CUST-0340,2025-01-23 15:08:36,Specialty Gourmet,Single-Origin Espresso Bean Subscription (1kg),3,36.21,108.63
INV-100931,CUST-0340,2025-01-23 16:57:50,Computer Accessories,Custom Mechanical RGB Keyboard,2,162.36,324.72
INV-100931,CUST-0340,2025-01-23 16:58:22,Wearables & Fitness,Heart Rate Performance Sensor Band,4,99.43,397.72
INV-103556,CUST-0198,2025-01-23 19:30:45,Smart Office & Furniture,Motorized Standing Desk Frame,4,456.63,1826.52
INV-103224,CUST-0285,2025-01-24 08:53:17,Apparel & Lifestyle,Full-Grain Leather Briefcase Sleeve,6,101.59,609.54
INV-102996,CUST-0439,2025-01-24 09:42:57,Specialty Gourmet,Single-Origin Espresso Bean Subscription (1kg),2,33.81,67.62
INV-102751,CUST-0133,2025-01-24 10:35:09,Computer Accessories,Custom Mechanical RGB Keyboard,5,153.06,765.3
INV-103430,CUST-0362,2025-01-24 21:21:14,Wearables & Fitness,Heart Rate Performance Sensor Band,3,103.49,310.47
INV-100189,CUST-0418,2025-01-25 09:32:43,Electronics & Audio,Noise-Cancelling Studio Pro Headphones,1,331.88,331.88
INV-100850,CUST-0078,2025-01-25 10:57:39,Apparel & Lifestyle,Thermal Double-Wall Stainless Flask,2,39.33,78.66
INV-103700,CUST-0135,2025-01-25 11:31:39,Specialty Gourmet,Single-Origin Espresso Bean Subscription (1kg),1,30.2,30.2
INV-102018,CUST-0165,2025-01-25 14:04:02,Wearables & Fitness,Titanium GPS Smart Fitness Watch,2,239.95,479.9
INV-100189,CUST-0418,2025-01-25 14:14:20,Computer Accessories,Custom Mechanical RGB Keyboard,6,168.17,1009.02
INV-101761,CUST-0073,2025-01-25 15:40:54,Computer Accessories,Premium Aluminum Monitor Arm,4,64.87,259.48
INV-101799,CUST-0248,2025-01-25 16:15:56,Smart Office & Furniture,Motorized Standing Desk Frame,2,391.39,782.78
INV-101761,CUST-0073,2025-01-25 16:35:11,Computer Accessories,Ergonomic Multi-Device Wireless Mouse,1,81.93,81.93
INV-100189,CUST-0418,2025-01-25 19:20:17,Specialty Gourmet,Single-Origin Espresso Bean Subscription (1kg),2,35.51,71.02
INV-103115,CUST-0251,2025-01-25 19:56:54,Electronics & Audio,4K Curved Ultra-Wide Gaming Monitor,3,543.64,1630.92
INV-101039,CUST-0364,2025-01-25 20:21:07,Apparel & Lifestyle,Thermal Double-Wall Stainless Flask,4,39.67,158.68
INV-102857,CUST-0398,2025-01-26 12:36:25,Computer Accessories,Premium Aluminum Monitor Arm,5,66.03,330.15
INV-103491,CUST-0284,2025-01-26 19:48:55,Apparel & Lifestyle,Thermal Double-Wall Stainless Flask,5,41.79,208.95
INV-101689,CUST-0246,2025-01-26 20:56:53,Electronics & Audio,Noise-Cancelling Studio Pro Headphones,4,291.8,1167.2
INV-102857,CUST-0398,2025-01-26 21:16:24,Specialty Gourmet,Single-Origin Espresso Bean Subscription (1kg),4,34.32,137.28
INV-101325,CUST-0388,2025-01-27 12:36:00,Smart Office & Furniture,Smart LED Desk Bar Lamp,2,50.38,100.76
INV-101040,CUST-0364,2025-01-27 14:18:54,Smart Office & Furniture,Ergonomic Lumbar Executive Chair,2,303.53,607.06
INV-101040,CUST-0364,2025-01-27 14:40:18,Computer Accessories,Premium Aluminum Monitor Arm,6,72.02,432.12
INV-103575,CUST-0306,2025-01-27 15:13:17,Specialty Gourmet,Single-Origin Espresso Bean Subscription (1kg),2,39.46,78.92
INV-101040,CUST-0364,2025-01-27 22:57:54,Smart Office & Furniture,Smart LED Desk Bar Lamp,6,55.52,333.12
INV-101400,CUST-0207,2025-01-28 11:17:28,Wearables & Fitness,Heart Rate Performance Sensor Band,3,92.37,277.11
INV-103717,CUST-0235,2025-01-28 19:34:44,Wearables & Fitness,Titanium GPS Smart Fitness Watch,2,233.98,467.96
INV-100759,CUST-0060,2025-01-29 08:53:23,Smart Office & Furniture,Motorized Standing Desk Frame,5,404.97,2024.85
INV-101762,CUST-0073,2025-01-29 16:53:16,Apparel & Lifestyle,Full-Grain Leather Briefcase Sleeve,2,85.82,171.64
INV-102537,CUST-0018,2025-01-29 17:05:34,Wearables & Fitness,Heart Rate Performance Sensor Band,1,94.19,94.19
INV-103868,CUST-0041,2025-01-29 19:20:05,Computer Accessories,Premium Aluminum Monitor Arm,2,62.42,124.84
INV-101373,CUST-0069,2025-01-29 20:24:40,Electronics & Audio,Thunderbolt 4 Docking Station,1,193.26,193.26
INV-103451,CUST-0392,2025-01-30 10:00:23,Electronics & Audio,Noise-Cancelling Studio Pro Headphones,4,346.4,1385.6
INV-101099,CUST-0314,2025-01-30 12:56:40,Computer Accessories,Premium Aluminum Monitor Arm,4,71.74,286.96
INV-103576,CUST-0306,2025-01-30 13:37:11,Wearables & Fitness,Titanium GPS Smart Fitness Watch,4,303.51,1214.04
INV-100646,CUST-0241,2025-01-30 14:27:13,Specialty Gourmet,Single-Origin Espresso Bean Subscription (1kg),2,36.71,73.42
INV-103451,CUST-0392,2025-01-30 15:35:47,Wearables & Fitness,Titanium GPS Smart Fitness Watch,2,306.34,612.68
INV-103451,CUST-0392,2025-01-30 18:18:36,Wearables & Fitness,Heart Rate Performance Sensor Band,2,103.8,207.6
INV-100932,CUST-0340,2025-01-30 21:02:15,Smart Office & Furniture,Smart LED Desk Bar Lamp,6,53.22,319.32
INV-101099,CUST-0314,2025-01-30 22:28:56,Apparel & Lifestyle,Full-Grain Leather Briefcase Sleeve,6,93.84,563.04
INV-101099,CUST-0314,2025-01-30 22:43:22,Computer Accessories,Custom Mechanical RGB Keyboard,5,160.7,803.5
INV-100356,CUST-0035,2025-01-31 09:30:42,Computer Accessories,Custom Mechanical RGB Keyboard,5,168.32,841.6
INV-101062,CUST-0097,2025-01-31 13:45:35,Electronics & Audio,Thunderbolt 4 Docking Station,2,216.01,432.02
INV-103314,CUST-0323,2025-01-31 18:53:02,Computer Accessories,Premium Aluminum Monitor Arm,5,75.8,379.0
INV-101062,CUST-0097,2025-01-31 19:51:31,Computer Accessories,Ergonomic Multi-Device Wireless Mouse,6,86.44,518.64
INV-101118,CUST-0316,2025-01-31 22:07:19,Apparel & Lifestyle,Thermal Double-Wall Stainless Flask,4,35.69,142.76
INV-103197,CUST-0397,2025-01-31 22:41:58,Wearables & Fitness,Heart Rate Performance Sensor Band,2,106.0,212.0
INV-100356,CUST-0035,2025-01-31 22:50:34,Wearables & Fitness,Titanium GPS Smart Fitness Watch,5,276.09,1380.45
INV-101730,CUST-0075,2025-02-01 08:17:51,Specialty Gourmet,Single-Origin Espresso Bean Subscription (1kg),2,31.53,63.06
INV-102872,CUST-0368,2025-02-01 17:27:31,Specialty Gourmet,Single-Origin Espresso Bean Subscription (1kg),2,32.78,65.56
INV-102872,CUST-0368,2025-02-01 18:49:47,Electronics & Audio,4K Curved Ultra-Wide Gaming Monitor,5,542.68,2713.4
INV-103577,CUST-0306,2025-02-02 16:14:52,Wearables & Fitness,Heart Rate Performance Sensor Band,5,108.61,543.05
INV-100016,CUST-0042,2025-02-02 20:43:29,Computer Accessories,Premium Aluminum Monitor Arm,6,69.11,414.66
INV-101083,CUST-0176,2025-02-03 09:31:03,Apparel & Lifestyle,Full-Grain Leather Briefcase Sleeve,2,94.96,189.92
INV-100190,CUST-0418,2025-02-03 09:56:29,Computer Accessories,Custom Mechanical RGB Keyboard,1,170.98,170.98
INV-100190,CUST-0418,2025-02-03 12:20:05,Apparel & Lifestyle,Thermal Double-Wall Stainless Flask,3,40.47,121.41
INV-103857,CUST-0317,2025-02-03 16:37:29,Apparel & Lifestyle,Full-Grain Leather Briefcase Sleeve,1,78.22,78.22
INV-101312,CUST-0437,2025-02-04 19:18:19,Electronics & Audio,Noise-Cancelling Studio Pro Headphones,3,301.51,904.53
INV-101084,CUST-0176,2025-02-05 11:31:06,Wearables & Fitness,Heart Rate Performance Sensor Band,4,100.39,401.56
INV-100706,CUST-0157,2025-02-05 14:42:23,Smart Office & Furniture,Smart LED Desk Bar Lamp,4,54.12,216.48
INV-100310,CUST-0243,2025-02-05 16:02:22,Wearables & Fitness,Heart Rate Performance Sensor Band,3,95.58,286.74
INV-100310,CUST-0243,2025-02-05 19:41:35,Electronics & Audio,4K Curved Ultra-Wide Gaming Monitor,5,564.92,2824.6
INV-100310,CUST-0243,2025-02-05 21:43:47,Electronics & Audio,Thunderbolt 4 Docking Station,4,201.82,807.28
INV-101326,CUST-0388,2025-02-06 15:49:41,Apparel & Lifestyle,Thermal Double-Wall Stainless Flask,1,36.63,36.63
INV-102680,CUST-0320,2025-02-06 17:20:18,Computer Accessories,Custom Mechanical RGB Keyboard,1,154.84,154.84
INV-102680,CUST-0320,2025-02-06 18:27:27,Electronics & Audio,Thunderbolt 4 Docking Station,2,198.03,396.06
INV-103812,CUST-0326,2025-02-06 18:54:31,Computer Accessories,Custom Mechanical RGB Keyboard,2,145.77,291.54
INV-101660,CUST-0218,2025-02-07 09:48:28,Electronics & Audio,Noise-Cancelling Studio Pro Headphones,3,311.15,933.45
INV-102997,CUST-0439,2025-02-07 10:02:40,Wearables & Fitness,Heart Rate Performance Sensor Band,5,94.15,470.75
INV-102728,CUST-0031,2025-02-07 12:56:09,Specialty Gourmet,Single-Origin Espresso Bean Subscription (1kg),3,33.59,100.77
INV-102997,CUST-0439,2025-02-07 17:17:11,Electronics & Audio,4K Curved Ultra-Wide Gaming Monitor,3,519.06,1557.18
INV-100791,CUST-0202,2025-02-07 17:30:00,Wearables & Fitness,Heart Rate Performance Sensor Band,6,101.21,607.26
INV-101660,CUST-0218,2025-02-07 20:53:49,Computer Accessories,Ergonomic Multi-Device Wireless Mouse,3,77.48,232.44
INV-101384,CUST-0156,2025-02-08 12:03:25,Apparel & Lifestyle,Full-Grain Leather Briefcase Sleeve,4,87.44,349.76
INV-103075,CUST-0158,2025-02-08 15:22:59,Electronics & Audio,Thunderbolt 4 Docking Station,1,201.09,201.09
INV-101384,CUST-0156,2025-02-08 16:26:57,Electronics & Audio,Thunderbolt 4 Docking Station,3,187.83,563.49
INV-101468,CUST-0281,2025-02-08 16:40:30,Specialty Gourmet,Single-Origin Espresso Bean Subscription (1kg),4,31.61,126.44
INV-103758,CUST-0286,2025-02-09 15:10:38,Electronics & Audio,Noise-Cancelling Studio Pro Headphones,2,279.09,558.18
INV-102799,CUST-0345,2025-02-10 17:58:44,Specialty Gourmet,Single-Origin Espresso Bean Subscription (1kg),5,34.81,174.05
INV-103720,CUST-0330,2025-02-11 11:32:08,Wearables & Fitness,Titanium GPS Smart Fitness Watch,2,245.59,491.18
INV-103720,CUST-0330,2025-02-11 12:13:29,Electronics & Audio,Thunderbolt 4 Docking Station,1,180.01,180.01
INV-103139,CUST-0001,2025-02-11 13:20:43,Apparel & Lifestyle,Thermal Double-Wall Stainless Flask,2,39.14,78.28
INV-103139,CUST-0001,2025-02-11 14:44:38,Smart Office & Furniture,Ergonomic Lumbar Executive Chair,1,288.49,288.49
INV-100054,CUST-0180,2025-02-11 16:53:32,Wearables & Fitness,Titanium GPS Smart Fitness Watch,3,275.95,827.85
INV-103383,CUST-0387,2025-02-11 18:28:40,Apparel & Lifestyle,Thermal Double-Wall Stainless Flask,3,44.87,134.61
INV-103139,CUST-0001,2025-02-11 19:09:07,Computer Accessories,Ergonomic Multi-Device Wireless Mouse,1,83.21,83.21
INV-103357,CUST-0081,2025-02-12 08:13:09,Specialty Gourmet,Single-Origin Espresso Bean Subscription (1kg),5,38.67,193.35
INV-103674,CUST-0261,2025-02-12 13:01:22,Apparel & Lifestyle,Full-Grain Leather Briefcase Sleeve,2,105.81,211.62
INV-101616,CUST-0216,2025-02-12 13:12:19,Smart Office & Furniture,Ergonomic Lumbar Executive Chair,4,265.49,1061.96
INV-102019,CUST-0165,2025-02-12 14:36:27,Specialty Gourmet,Single-Origin Espresso Bean Subscription (1kg),1,32.87,32.87
INV-103674,CUST-0261,2025-02-12 14:55:35,Specialty Gourmet,Single-Origin Espresso Bean Subscription (1kg),2,39.22,78.44
INV-103102,CUST-0010,2025-02-13 13:48:07,Computer Accessories,Ergonomic Multi-Device Wireless Mouse,2,83.42,166.84
INV-103102,CUST-0010,2025-02-13 17:31:27,Smart Office & Furniture,Smart LED Desk Bar Lamp,1,53.71,53.71
INV-100760,CUST-0060,2025-02-13 18:07:28,Smart Office & Furniture,Smart LED Desk Bar Lamp,1,53.0,53.0
INV-103431,CUST-0362,2025-02-14 08:55:03,Electronics & Audio,4K Curved Ultra-Wide Gaming Monitor,3,618.9,1856.7
INV-100647,CUST-0241,2025-02-14 09:33:08,Computer Accessories,Premium Aluminum Monitor Arm,3,68.81,206.43
INV-101839,CUST-0255,2025-02-14 12:54:33,Computer Accessories,Custom Mechanical RGB Keyboard,1,147.4,147.4
INV-101706,CUST-0232,2025-02-15 08:42:28,Computer Accessories,Custom Mechanical RGB Keyboard,2,147.53,295.06
INV-100325,CUST-0144,2025-02-15 17:52:14,Electronics & Audio,Noise-Cancelling Studio Pro Headphones,3,331.52,994.56
INV-101571,CUST-0440,2025-02-16 10:54:32,Computer Accessories,Custom Mechanical RGB Keyboard,1,145.74,145.74
INV-101571,CUST-0440,2025-02-16 11:06:11,Apparel & Lifestyle,Thermal Double-Wall Stainless Flask,4,35.94,143.76
INV-103225,CUST-0285,2025-02-16 16:10:37,Apparel & Lifestyle,Thermal Double-Wall Stainless Flask,5,43.5,217.5
INV-101571,CUST-0440,2025-02-16 18:34:54,Apparel & Lifestyle,Thermal Double-Wall Stainless Flask,4,36.15,144.6
INV-102559,CUST-0433,2025-02-16 19:26:24,Electronics & Audio,Thunderbolt 4 Docking Station,4,191.85,767.4
INV-100191,CUST-0418,2025-02-16 20:19:47,Electronics & Audio,Noise-Cancelling Studio Pro Headphones,2,324.49,648.98
INV-102559,CUST-0433,2025-02-16 20:26:06,Smart Office & Furniture,Smart LED Desk Bar Lamp,1,51.38,51.38
INV-100357,CUST-0035,2025-02-16 20:43:41,Wearables & Fitness,Titanium GPS Smart Fitness Watch,1,282.6,282.6
INV-101041,CUST-0364,2025-02-17 08:39:59,Electronics & Audio,4K Curved Ultra-Wide Gaming Monitor,1,530.88,530.88
INV-101602,CUST-0209,2025-02-17 10:33:04,Specialty Gourmet,Single-Origin Espresso Bean Subscription (1kg),2,32.26,64.52
INV-100379,CUST-0160,2025-02-17 12:13:14,Smart Office & Furniture,Smart LED Desk Bar Lamp,6,53.85,323.1
INV-100379,CUST-0160,2025-02-17 21:39:22,Computer Accessories,Custom Mechanical RGB Keyboard,2,169.41,338.82
INV-103557,CUST-0198,2025-02-18 10:02:25,Computer Accessories,Premium Aluminum Monitor Arm,5,79.05,395.25
INV-101827,CUST-0304,2025-02-18 17:17:54,Smart Office & Furniture,Motorized Standing Desk Frame,3,366.19,1098.57
INV-100311,CUST-0243,2025-02-18 18:03:59,Smart Office & Furniture,Smart LED Desk Bar Lamp,6,54.05,324.3
INV-101649,CUST-0376,2025-02-19 15:49:52,Apparel & Lifestyle,Thermal Double-Wall Stainless Flask,3,34.57,103.71
INV-101649,CUST-0376,2025-02-19 20:39:23,Smart Office & Furniture,Motorized Standing Desk Frame,3,386.43,1159.29
INV-101840,CUST-0255,2025-02-19 21:44:59,Computer Accessories,Premium Aluminum Monitor Arm,4,62.66,250.64
INV-103358,CUST-0081,2025-02-20 08:11:39,Smart Office & Furniture,Smart LED Desk Bar Lamp,2,60.16,120.32
INV-103603,CUST-0412,2025-02-20 13:48:08,Computer Accessories,Premium Aluminum Monitor Arm,2,75.5,151.0
INV-103827,CUST-0430,2025-02-20 17:13:33,Computer Accessories,Custom Mechanical RGB Keyboard,1,143.17,143.17
INV-100055,CUST-0180,2025-02-21 08:23:21,Apparel & Lifestyle,Full-Grain Leather Briefcase Sleeve,3,93.31,279.93
INV-101401,CUST-0207,2025-02-21 10:13:35,Computer Accessories,Ergonomic Multi-Device Wireless Mouse,3,81.62,244.86
INV-100960,CUST-0046,2025-02-21 11:39:09,Wearables & Fitness,Titanium GPS Smart Fitness Watch,1,279.62,279.62
INV-100960,CUST-0046,2025-02-21 12:18:31,Smart Office & Furniture,Motorized Standing Desk Frame,1,415.8,415.8
INV-103198,CUST-0397,2025-02-21 20:15:03,Computer Accessories,Custom Mechanical RGB Keyboard,3,175.56,526.68
INV-101401,CUST-0207,2025-02-21 20:22:49,Apparel & Lifestyle,Full-Grain Leather Briefcase Sleeve,3,86.64,259.92
INV-103675,CUST-0261,2025-02-21 20:27:00,Electronics & Audio,4K Curved Ultra-Wide Gaming Monitor,2,615.21,1230.42
INV-101085,CUST-0176,2025-02-22 13:48:19,Apparel & Lifestyle,Thermal Double-Wall Stainless Flask,5,39.64,198.2
INV-103076,CUST-0158,2025-02-22 17:49:24,Computer Accessories,Custom Mechanical RGB Keyboard,4,161.72,646.88
INV-101626,CUST-0067,2025-02-23 11:29:57,Smart Office & Furniture,Smart LED Desk Bar Lamp,2,51.51,103.02
INV-101402,CUST-0207,2025-02-23 12:06:58,Apparel & Lifestyle,Thermal Double-Wall Stainless Flask,2,35.47,70.94
INV-103821,CUST-0401,2025-02-23 16:24:56,Smart Office & Furniture,Smart LED Desk Bar Lamp,1,46.44,46.44
INV-101402,CUST-0207,2025-02-23 16:47:51,Apparel & Lifestyle,Thermal Double-Wall Stainless Flask,3,35.57,106.71
INV-100961,CUST-0046,2025-02-23 19:15:42,Computer Accessories,Custom Mechanical RGB Keyboard,1,169.8,169.8
INV-101626,CUST-0067,2025-02-23 19:34:32,Apparel & Lifestyle,Thermal Double-Wall Stainless Flask,2,37.23,74.46
INV-103821,CUST-0401,2025-02-23 19:37:29,Wearables & Fitness,Heart Rate Performance Sensor Band,1,81.8,81.8
INV-100961,CUST-0046,2025-02-23 19:50:51,Computer Accessories,Ergonomic Multi-Device Wireless Mouse,4,85.77,343.08
INV-101392,CUST-0325,2025-02-23 19:55:50,Smart Office & Furniture,Motorized Standing Desk Frame,2,391.44,782.88
INV-102729,CUST-0031,2025-02-24 18:06:31,Computer Accessories,Custom Mechanical RGB Keyboard,4,158.31,633.24
INV-102729,CUST-0031,2025-02-24 20:30:06,Smart Office & Furniture,Motorized Standing Desk Frame,1,385.59,385.59
INV-102729,CUST-0031,2025-02-24 22:34:24,Computer Accessories,Custom Mechanical RGB Keyboard,5,152.45,762.25
INV-101572,CUST-0440,2025-02-25 09:36:10,Apparel & Lifestyle,Full-Grain Leather Briefcase Sleeve,4,85.09,340.36
INV-103541,CUST-0196,2025-02-25 09:41:54,Specialty Gourmet,Single-Origin Espresso Bean Subscription (1kg),6,39.71,238.26
INV-103782,CUST-0369,2025-02-25 11:51:00,Smart Office & Furniture,Ergonomic Lumbar Executive Chair,2,261.51,523.02
INV-102800,CUST-0345,2025-02-25 12:27:22,Computer Accessories,Ergonomic Multi-Device Wireless Mouse,1,81.93,81.93
INV-103875,CUST-0064,2025-02-25 15:02:40,Specialty Gourmet,Single-Origin Espresso Bean Subscription (1kg),1,30.75,30.75
INV-100792,CUST-0202,2025-02-25 18:41:04,Smart Office & Furniture,Motorized Standing Desk Frame,1,427.61,427.61
INV-100792,CUST-0202,2025-02-25 20:25:34,Wearables & Fitness,Heart Rate Performance Sensor Band,6,99.49,596.94
INV-102715,CUST-0405,2025-02-26 11:38:06,Computer Accessories,Ergonomic Multi-Device Wireless Mouse,2,86.69,173.38
INV-101403,CUST-0207,2025-02-26 15:22:21,Computer Accessories,Ergonomic Multi-Device Wireless Mouse,3,82.18,246.54
INV-101403,CUST-0207,2025-02-26 20:24:12,Wearables & Fitness,Heart Rate Performance Sensor Band,4,89.99,359.96
INV-102715,CUST-0405,2025-02-26 22:37:55,Apparel & Lifestyle,Full-Grain Leather Briefcase Sleeve,4,86.67,346.68
INV-103532,CUST-0240,2025-02-27 11:02:05,Wearables & Fitness,Titanium GPS Smart Fitness Watch,3,298.86,896.58
INV-103532,CUST-0240,2025-02-27 12:35:02,Specialty Gourmet,Single-Origin Espresso Bean Subscription (1kg),4,39.29,157.16
INV-101731,CUST-0075,2025-02-28 16:07:56,Electronics & Audio,Thunderbolt 4 Docking Station,4,185.75,743.0
INV-103876,CUST-0064,2025-02-28 19:17:28,Electronics & Audio,4K Curved Ultra-Wide Gaming Monitor,2,455.49,910.98
INV-101573,CUST-0440,2025-02-28 21:16:26,Apparel & Lifestyle,Full-Grain Leather Briefcase Sleeve,3,87.98,263.94
INV-102730,CUST-0031,2025-03-01 10:50:45,Specialty Gourmet,Single-Origin Espresso Bean Subscription (1kg),1,33.31,33.31
INV-103604,CUST-0412,2025-03-01 11:03:13,Electronics & Audio,Noise-Cancelling Studio Pro Headphones,3,357.03,1071.09
INV-102730,CUST-0031,2025-03-01 12:59:54,Apparel & Lifestyle,Thermal Double-Wall Stainless Flask,1,38.05,38.05
INV-101016,CUST-0423,2025-03-01 13:26:57,Smart Office & Furniture,Smart LED Desk Bar Lamp,6,55.76,334.56
INV-103751,CUST-0029,2025-03-01 14:32:35,Smart Office & Furniture,Smart LED Desk Bar Lamp,2,47.52,95.04
INV-103604,CUST-0412,2025-03-01 14:42:57,Smart Office & Furniture,Motorized Standing Desk Frame,3,468.59,1405.77
INV-103869,CUST-0041,2025-03-01 17:18:12,Smart Office & Furniture,Motorized Standing Desk Frame,1,372.45,372.45
INV-101016,CUST-0423,2025-03-01 19:22:08,Specialty Gourmet,Single-Origin Espresso Bean Subscription (1kg),3,36.47,109.41
INV-103869,CUST-0041,2025-03-01 19:33:14,Smart Office & Furniture,Ergonomic Lumbar Executive Chair,1,268.79,268.79
INV-101603,CUST-0209,2025-03-01 20:50:55,Electronics & Audio,4K Curved Ultra-Wide Gaming Monitor,1,501.9,501.9
INV-103751,CUST-0029,2025-03-01 21:26:00,Smart Office & Furniture,Ergonomic Lumbar Executive Chair,1,266.06,266.06
INV-102906,CUST-0386,2025-03-02 15:38:16,Electronics & Audio,4K Curved Ultra-Wide Gaming Monitor,1,508.83,508.83
INV-100312,CUST-0243,2025-03-02 16:03:00,Smart Office & Furniture,Motorized Standing Desk Frame,6,411.74,2470.44
INV-103848,CUST-0099,2025-03-02 18:01:51,Wearables & Fitness,Titanium GPS Smart Fitness Watch,2,239.78,479.56
INV-101707,CUST-0232,2025-03-02 19:13:23,Electronics & Audio,Thunderbolt 4 Docking Station,1,192.92,192.92
INV-102906,CUST-0386,2025-03-02 20:31:39,Computer Accessories,Custom Mechanical RGB Keyboard,2,161.58,323.16
INV-102906,CUST-0386,2025-03-02 20:46:46,Computer Accessories,Custom Mechanical RGB Keyboard,3,153.56,460.68
INV-102560,CUST-0433,2025-03-03 08:18:28,Apparel & Lifestyle,Thermal Double-Wall Stainless Flask,4,36.38,145.52
INV-103590,CUST-0410,2025-03-03 10:05:48,Apparel & Lifestyle,Full-Grain Leather Briefcase Sleeve,4,105.52,422.08
INV-103590,CUST-0410,2025-03-03 13:15:11,Apparel & Lifestyle,Thermal Double-Wall Stainless Flask,2,43.66,87.32
INV-102623,CUST-0311,2025-03-03 15:12:44,Smart Office & Furniture,Smart LED Desk Bar Lamp,1,53.96,53.96
INV-103590,CUST-0410,2025-03-03 15:35:35,Smart Office & Furniture,Smart LED Desk Bar Lamp,5,57.61,288.05
INV-102560,CUST-0433,2025-03-03 22:58:25,Computer Accessories,Ergonomic Multi-Device Wireless Mouse,2,85.63,171.26
INV-103591,CUST-0410,2025-03-04 10:48:10,Apparel & Lifestyle,Thermal Double-Wall Stainless Flask,2,43.37,86.74
INV-103265,CUST-0260,2025-03-04 11:44:27,Specialty Gourmet,Single-Origin Espresso Bean Subscription (1kg),4,38.03,152.12
INV-102907,CUST-0386,2025-03-04 12:55:10,Electronics & Audio,Thunderbolt 4 Docking Station,3,200.19,600.57
INV-103332,CUST-0002,2025-03-04 13:35:41,Specialty Gourmet,Single-Origin Espresso Bean Subscription (1kg),5,37.46,187.3
INV-102907,CUST-0386,2025-03-04 22:29:52,Computer Accessories,Ergonomic Multi-Device Wireless Mouse,4,82.94,331.76
INV-101989,CUST-0336,2025-03-05 08:04:40,Smart Office & Furniture,Smart LED Desk Bar Lamp,1,51.74,51.74
INV-102504,CUST-0225,2025-03-05 08:16:11,Smart Office & Furniture,Ergonomic Lumbar Executive Chair,2,280.32,560.64
INV-103813,CUST-0326,2025-03-05 08:59:10,Computer Accessories,Ergonomic Multi-Device Wireless Mouse,1,74.95,74.95
INV-102561,CUST-0433,2025-03-05 13:01:04,Computer Accessories,Custom Mechanical RGB Keyboard,1,155.8,155.8
INV-102699,CUST-0342,2025-03-05 15:40:57,Specialty Gourmet,Single-Origin Espresso Bean Subscription (1kg),4,34.5,138.0
INV-102699,CUST-0342,2025-03-05 17:35:40,Computer Accessories,Ergonomic Multi-Device Wireless Mouse,2,82.4,164.8
INV-101989,CUST-0336,2025-03-05 19:57:21,Electronics & Audio,Noise-Cancelling Studio Pro Headphones,4,293.26,1173.04
INV-103822,CUST-0401,2025-03-06 18:43:26,Specialty Gourmet,Single-Origin Espresso Bean Subscription (1kg),1,31.79,31.79
INV-103877,CUST-0064,2025-03-06 21:39:10,Apparel & Lifestyle,Thermal Double-Wall Stainless Flask,2,34.76,69.52
INV-103748,CUST-0434,2025-03-06 21:48:41,Smart Office & Furniture,Ergonomic Lumbar Executive Chair,2,252.96,505.92
INV-101482,CUST-0221,2025-03-06 22:07:01,Wearables & Fitness,Heart Rate Performance Sensor Band,3,91.57,274.71
INV-103748,CUST-0434,2025-03-06 22:23:39,Wearables & Fitness,Titanium GPS Smart Fitness Watch,1,244.04,244.04
INV-103432,CUST-0362,2025-03-07 08:20:18,Electronics & Audio,Thunderbolt 4 Docking Station,3,226.56,679.68
INV-101313,CUST-0437,2025-03-07 08:54:13,Smart Office & Furniture,Ergonomic Lumbar Executive Chair,3,278.01,834.03
INV-101313,CUST-0437,2025-03-07 10:47:51,Computer Accessories,Custom Mechanical RGB Keyboard,4,152.07,608.28
INV-101313,CUST-0437,2025-03-07 12:54:24,Wearables & Fitness,Heart Rate Performance Sensor Band,2,86.48,172.96
INV-103432,CUST-0362,2025-03-07 15:47:17,Electronics & Audio,Thunderbolt 4 Docking Station,3,230.17,690.51
INV-103384,CUST-0387,2025-03-07 19:54:45,Computer Accessories,Premium Aluminum Monitor Arm,4,78.89,315.56
INV-100017,CUST-0042,2025-03-08 11:56:02,Computer Accessories,Custom Mechanical RGB Keyboard,2,158.97,317.94
INV-100017,CUST-0042,2025-03-08 15:02:18,Smart Office & Furniture,Ergonomic Lumbar Executive Chair,6,309.18,1855.08
INV-100017,CUST-0042,2025-03-08 16:25:52,Electronics & Audio,Thunderbolt 4 Docking Station,3,215.68,647.04
INV-100648,CUST-0241,2025-03-09 08:05:20,Computer Accessories,Premium Aluminum Monitor Arm,3,71.27,213.81
INV-101017,CUST-0423,2025-03-09 08:18:10,Apparel & Lifestyle,Thermal Double-Wall Stainless Flask,5,40.77,203.85
INV-103283,CUST-0092,2025-03-09 08:32:47,Computer Accessories,Ergonomic Multi-Device Wireless Mouse,4,94.31,377.24
INV-103283,CUST-0092,2025-03-09 15:25:40,Wearables & Fitness,Heart Rate Performance Sensor Band,3,107.38,322.14
INV-103283,CUST-0092,2025-03-09 17:58:35,Computer Accessories,Ergonomic Multi-Device Wireless Mouse,2,97.15,194.3
INV-101017,CUST-0423,2025-03-09 20:24:30,Electronics & Audio,Thunderbolt 4 Docking Station,2,200.51,401.02
INV-103828,CUST-0430,2025-03-09 20:48:26,Specialty Gourmet,Single-Origin Espresso Bean Subscription (1kg),2,30.92,61.84
INV-100326,CUST-0144,2025-03-10 08:24:43,Computer Accessories,Premium Aluminum Monitor Arm,4,70.57,282.28
INV-103649,CUST-0047,2025-03-10 10:52:06,Wearables & Fitness,Titanium GPS Smart Fitness Watch,3,310.67,932.01
INV-102571,CUST-0335,2025-03-10 11:13:12,Electronics & Audio,Noise-Cancelling Studio Pro Headphones,3,313.29,939.87
INV-103043,CUST-0124,2025-03-10 12:46:19,Smart Office & Furniture,Ergonomic Lumbar Executive Chair,4,287.05,1148.2
INV-103359,CUST-0081,2025-03-10 15:29:49,Wearables & Fitness,Heart Rate Performance Sensor Band,6,107.38,644.28
INV-100326,CUST-0144,2025-03-10 18:46:39,Smart Office & Furniture,Ergonomic Lumbar Executive Chair,1,303.34,303.34
INV-103043,CUST-0124,2025-03-10 22:05:32,Specialty Gourmet,Single-Origin Espresso Bean Subscription (1kg),4,33.98,135.92
INV-103542,CUST-0196,2025-03-10 22:44:48,Specialty Gourmet,Single-Origin Espresso Bean Subscription (1kg),2,38.42,76.84
INV-103774,CUST-0445,2025-03-11 10:48:29,Computer Accessories,Premium Aluminum Monitor Arm,1,60.83,60.83
INV-103116,CUST-0251,2025-03-11 16:08:05,Computer Accessories,Custom Mechanical RGB Keyboard,3,162.21,486.63
INV-103116,CUST-0251,2025-03-11 18:31:29,Apparel & Lifestyle,Thermal Double-Wall Stainless Flask,2,38.89,77.78
INV-103775,CUST-0445,2025-03-11 18:54:58,Apparel & Lifestyle,Full-Grain Leather Briefcase Sleeve,1,80.63,80.63
INV-103578,CUST-0306,2025-03-11 19:05:43,Computer Accessories,Ergonomic Multi-Device Wireless Mouse,6,96.69,580.14
INV-103676,CUST-0261,2025-03-11 19:56:35,Computer Accessories,Premium Aluminum Monitor Arm,4,79.11,316.44
INV-103774,CUST-0445,2025-03-11 21:33:30,Apparel & Lifestyle,Full-Grain Leather Briefcase Sleeve,1,82.21,82.21
INV-102933,CUST-0348,2025-03-12 10:38:20,Apparel & Lifestyle,Full-Grain Leather Briefcase Sleeve,3,91.97,275.91
INV-101086,CUST-0176,2025-03-12 11:58:23,Wearables & Fitness,Heart Rate Performance Sensor Band,1,101.14,101.14
INV-103829,CUST-0430,2025-03-12 12:32:44,Computer Accessories,Ergonomic Multi-Device Wireless Mouse,1,76.17,76.17
INV-103117,CUST-0251,2025-03-12 13:25:30,Computer Accessories,Premium Aluminum Monitor Arm,2,70.12,140.24
INV-102681,CUST-0320,2025-03-12 16:03:03,Computer Accessories,Custom Mechanical RGB Keyboard,5,161.32,806.6
INV-100684,CUST-0421,2025-03-12 16:42:53,Wearables & Fitness,Titanium GPS Smart Fitness Watch,5,283.39,1416.95
INV-101018,CUST-0423,2025-03-12 19:14:56,Smart Office & Furniture,Ergonomic Lumbar Executive Chair,6,292.66,1755.96
INV-103117,CUST-0251,2025-03-12 19:25:00,Smart Office & Furniture,Motorized Standing Desk Frame,5,391.56,1957.8
INV-103829,CUST-0430,2025-03-12 20:08:47,Smart Office & Furniture,Motorized Standing Desk Frame,2,371.99,743.98
INV-102933,CUST-0348,2025-03-12 20:25:03,Computer Accessories,Ergonomic Multi-Device Wireless Mouse,5,83.22,416.1
INV-101086,CUST-0176,2025-03-12 21:39:32,Apparel & Lifestyle,Thermal Double-Wall Stainless Flask,4,41.11,164.44
INV-102691,CUST-0087,2025-03-13 11:13:54,Specialty Gourmet,Single-Origin Espresso Bean Subscription (1kg),4,33.92,135.68
INV-103199,CUST-0397,2025-03-13 14:01:50,Computer Accessories,Custom Mechanical RGB Keyboard,3,176.42,529.26
INV-102572,CUST-0335,2025-03-13 14:18:16,Apparel & Lifestyle,Full-Grain Leather Briefcase Sleeve,5,92.81,464.05
INV-100419,CUST-0012,2025-03-13 15:46:12,Electronics & Audio,Thunderbolt 4 Docking Station,3,213.54,640.62
INV-100419,CUST-0012,2025-03-13 16:50:41,Apparel & Lifestyle,Thermal Double-Wall Stainless Flask,2,39.02,78.04
INV-102572,CUST-0335,2025-03-13 18:08:13,Electronics & Audio,Thunderbolt 4 Docking Station,4,194.4,777.6
INV-102908,CUST-0386,2025-03-13 20:42:22,Smart Office & Furniture,Smart LED Desk Bar Lamp,4,54.19,216.76
INV-103199,CUST-0397,2025-03-13 22:01:53,Wearables & Fitness,Titanium GPS Smart Fitness Watch,5,306.32,1531.6
INV-101932,CUST-0265,2025-03-14 17:34:48,Electronics & Audio,4K Curved Ultra-Wide Gaming Monitor,1,488.1,488.1
INV-102001,CUST-0155,2025-03-15 10:04:29,Electronics & Audio,Thunderbolt 4 Docking Station,4,185.28,741.12
INV-102801,CUST-0345,2025-03-15 11:08:30,Wearables & Fitness,Heart Rate Performance Sensor Band,4,92.55,370.2
INV-103558,CUST-0198,2025-03-15 17:28:30,Smart Office & Furniture,Ergonomic Lumbar Executive Chair,4,340.3,1361.2
INV-101638,CUST-0213,2025-03-15 21:21:42,Wearables & Fitness,Titanium GPS Smart Fitness Watch,3,239.68,719.04
INV-101063,CUST-0097,2025-03-16 11:43:54,Specialty Gourmet,Single-Origin Espresso Bean Subscription (1kg),2,35.04,70.08
INV-101327,CUST-0388,2025-03-16 12:48:26,Apparel & Lifestyle,Thermal Double-Wall Stainless Flask,4,37.42,149.68
INV-103772,CUST-0424,2025-03-16 13:28:55,Electronics & Audio,4K Curved Ultra-Wide Gaming Monitor,2,463.24,926.48
INV-100275,CUST-0305,2025-03-16 19:09:13,Computer Accessories,Premium Aluminum Monitor Arm,5,69.55,347.75
INV-103605,CUST-0412,2025-03-17 11:15:00,Computer Accessories,Custom Mechanical RGB Keyboard,4,186.5,746.0
INV-103226,CUST-0285,2025-03-17 20:07:04,Computer Accessories,Premium Aluminum Monitor Arm,4,79.97,319.88
INV-103226,CUST-0285,2025-03-17 20:38:41,Specialty Gourmet,Single-Origin Espresso Bean Subscription (1kg),5,40.07,200.35
INV-103227,CUST-0285,2025-03-17 22:50:29,Computer Accessories,Ergonomic Multi-Device Wireless Mouse,3,99.51,298.53
INV-103228,CUST-0285,2025-03-18 09:50:19,Specialty Gourmet,Single-Origin Espresso Bean Subscription (1kg),4,39.61,158.44
INV-103315,CUST-0323,2025-03-18 13:18:26,Specialty Gourmet,Single-Origin Espresso Bean Subscription (1kg),6,38.71,232.26
INV-101218,CUST-0095,2025-03-18 15:46:25,Apparel & Lifestyle,Full-Grain Leather Briefcase Sleeve,2,84.2,168.4
INV-103266,CUST-0260,2025-03-18 17:02:06,Specialty Gourmet,Single-Origin Espresso Bean Subscription (1kg),2,39.76,79.52
INV-102848,CUST-0373,2025-03-18 17:40:30,Apparel & Lifestyle,Thermal Double-Wall Stainless Flask,1,38.34,38.34
INV-102848,CUST-0373,2025-03-18 19:39:27,Specialty Gourmet,Single-Origin Espresso Bean Subscription (1kg),1,33.79,33.79
INV-100962,CUST-0046,2025-03-18 21:37:40,Apparel & Lifestyle,Full-Grain Leather Briefcase Sleeve,5,91.12,455.6
INV-100851,CUST-0078,2025-03-19 09:25:44,Smart Office & Furniture,Ergonomic Lumbar Executive Chair,2,307.3,614.6
INV-103292,CUST-0257,2025-03-19 16:56:58,Smart Office & Furniture,Smart LED Desk Bar Lamp,3,61.29,183.87
INV-100851,CUST-0078,2025-03-19 21:10:17,Specialty Gourmet,Single-Origin Espresso Bean Subscription (1kg),1,35.01,35.01
INV-101841,CUST-0255,2025-03-20 12:41:26,Smart Office & Furniture,Ergonomic Lumbar Executive Chair,4,279.83,1119.32
INV-100728,CUST-0152,2025-03-20 19:42:29,Wearables & Fitness,Titanium GPS Smart Fitness Watch,5,263.3,1316.5
INV-100420,CUST-0012,2025-03-20 22:02:31,Computer Accessories,Premium Aluminum Monitor Arm,6,68.88,413.28
INV-101219,CUST-0095,2025-03-21 09:06:35,Smart Office & Furniture,Ergonomic Lumbar Executive Chair,2,281.81,563.62
INV-100942,CUST-0022,2025-03-21 10:09:24,Wearables & Fitness,Heart Rate Performance Sensor Band,6,95.2,571.2
INV-102752,CUST-0133,2025-03-21 10:33:12,Smart Office & Furniture,Smart LED Desk Bar Lamp,4,51.76,207.04
INV-101219,CUST-0095,2025-03-21 11:28:23,Apparel & Lifestyle,Full-Grain Leather Briefcase Sleeve,1,84.3,84.3
INV-102898,CUST-0238,2025-03-21 16:30:00,Apparel & Lifestyle,Thermal Double-Wall Stainless Flask,4,37.72,150.88
INV-101219,CUST-0095,2025-03-21 18:19:21,Apparel & Lifestyle,Full-Grain Leather Briefcase Sleeve,4,85.43,341.72
INV-103067,CUST-0123,2025-03-21 22:47:26,Electronics & Audio,4K Curved Ultra-Wide Gaming Monitor,1,528.84,528.84
INV-103830,CUST-0430,2025-03-22 15:17:09,Computer Accessories,Ergonomic Multi-Device Wireless Mouse,2,75.51,151.02
INV-101195,CUST-0381,2025-03-22 16:43:49,Computer Accessories,Ergonomic Multi-Device Wireless Mouse,4,80.73,322.92
INV-103333,CUST-0002,2025-03-23 10:07:56,Apparel & Lifestyle,Thermal Double-Wall Stainless Flask,4,43.07,172.28
INV-100707,CUST-0157,2025-03-23 12:10:32,Specialty Gourmet,Single-Origin Espresso Bean Subscription (1kg),1,35.98,35.98
INV-103207,CUST-0425,2025-03-23 20:36:42,Smart Office & Furniture,Motorized Standing Desk Frame,3,472.47,1417.41
INV-103823,CUST-0401,2025-03-25 08:05:02,Wearables & Fitness,Titanium GPS Smart Fitness Watch,2,239.32,478.64
INV-103505,CUST-0129,2025-03-25 08:19:17,Apparel & Lifestyle,Thermal Double-Wall Stainless Flask,4,42.79,171.16
INV-102134,CUST-0377,2025-03-25 12:04:29,Computer Accessories,Ergonomic Multi-Device Wireless Mouse,4,79.5,318.0
INV-100963,CUST-0046,2025-03-25 12:12:59,Computer Accessories,Custom Mechanical RGB Keyboard,2,163.69,327.38
INV-102134,CUST-0377,2025-03-25 20:41:05,Wearables & Fitness,Titanium GPS Smart Fitness Watch,1,242.09,242.09
INV-100862,CUST-0307,2025-03-26 08:04:56,Apparel & Lifestyle,Thermal Double-Wall Stainless Flask,6,39.99,239.94
INV-103559,CUST-0198,2025-03-26 08:32:06,Electronics & Audio,Thunderbolt 4 Docking Station,4,227.64,910.56
INV-101666,CUST-0054,2025-03-26 08:36:22,Specialty Gourmet,Single-Origin Espresso Bean Subscription (1kg),1,32.38,32.38
INV-100276,CUST-0305,2025-03-26 14:53:57,Computer Accessories,Ergonomic Multi-Device Wireless Mouse,5,89.3,446.5
INV-100276,CUST-0305,2025-03-26 16:17:39,Wearables & Fitness,Heart Rate Performance Sensor Band,6,94.77,568.62
INV-103842,CUST-0036,2025-03-26 19:08:58,Specialty Gourmet,Single-Origin Espresso Bean Subscription (1kg),2,29.81,59.62
INV-103718,CUST-0235,2025-03-26 19:33:33,Smart Office & Furniture,Smart LED Desk Bar Lamp,2,47.97,95.94
INV-103887,CUST-0136,2025-03-27 08:03:55,Apparel & Lifestyle,Thermal Double-Wall Stainless Flask,1,34.62,34.62
INV-102753,CUST-0133,2025-03-27 08:17:05,Wearables & Fitness,Titanium GPS Smart Fitness Watch,5,257.21,1286.05
INV-100327,CUST-0144,2025-03-27 09:22:59,Apparel & Lifestyle,Full-Grain Leather Briefcase Sleeve,1,95.0,95.0
INV-100001,CUST-0038,2025-03-27 14:23:43,Wearables & Fitness,Heart Rate Performance Sensor Band,6,97.41,584.46
INV-100001,CUST-0038,2025-03-27 15:39:18,Specialty Gourmet,Single-Origin Espresso Bean Subscription (1kg),6,35.0,210.0
INV-103887,CUST-0136,2025-03-27 15:44:25,Wearables & Fitness,Titanium GPS Smart Fitness Watch,1,245.91,245.91
INV-103677,CUST-0261,2025-03-27 15:58:06,Apparel & Lifestyle,Full-Grain Leather Briefcase Sleeve,2,103.57,207.14
INV-103887,CUST-0136,2025-03-27 21:36:00,Computer Accessories,Custom Mechanical RGB Keyboard,1,143.51,143.51
INV-103677,CUST-0261,2025-03-27 22:34:44,Computer Accessories,Ergonomic Multi-Device Wireless Mouse,5,98.49,492.45
INV-103878,CUST-0064,2025-03-27 22:58:40,Wearables & Fitness,Heart Rate Performance Sensor Band,1,87.0,87.0
INV-100030,CUST-0282,2025-03-28 10:54:04,Specialty Gourmet,Single-Origin Espresso Bean Subscription (1kg),4,34.89,139.56
INV-103750,CUST-0118,2025-03-28 12:43:39,Electronics & Audio,Noise-Cancelling Studio Pro Headphones,1,289.12,289.12
INV-103068,CUST-0123,2025-03-28 14:47:53,Smart Office & Furniture,Smart LED Desk Bar Lamp,3,51.73,155.19
INV-103614,CUST-0079,2025-03-28 17:19:09,Apparel & Lifestyle,Full-Grain Leather Briefcase Sleeve,2,102.35,204.7
INV-103614,CUST-0079,2025-03-28 22:02:13,Specialty Gourmet,Single-Origin Espresso Bean Subscription (1kg),3,38.22,114.66
INV-102538,CUST-0018,2025-03-29 09:05:12,Apparel & Lifestyle,Thermal Double-Wall Stainless Flask,3,38.91,116.73
INV-101220,CUST-0095,2025-03-29 09:09:25,Apparel & Lifestyle,Thermal Double-Wall Stainless Flask,4,36.27,145.08
INV-102030,CUST-0015,2025-03-29 10:29:23,Specialty Gourmet,Single-Origin Espresso Bean Subscription (1kg),1,33.5,33.5
INV-101774,CUST-0197,2025-03-29 12:52:00,Smart Office & Furniture,Smart LED Desk Bar Lamp,1,51.33,51.33
INV-102538,CUST-0018,2025-03-29 14:06:06,Wearables & Fitness,Heart Rate Performance Sensor Band,2,95.77,191.54
INV-103492,CUST-0284,2025-03-29 14:24:33,Apparel & Lifestyle,Full-Grain Leather Briefcase Sleeve,2,99.62,199.24
INV-103606,CUST-0412,2025-03-29 15:48:49,Apparel & Lifestyle,Full-Grain Leather Briefcase Sleeve,2,106.07,212.14
INV-100933,CUST-0340,2025-03-29 17:35:13,Electronics & Audio,Thunderbolt 4 Docking Station,2,216.08,432.16
INV-101374,CUST-0069,2025-03-29 18:02:53,Computer Accessories,Custom Mechanical RGB Keyboard,2,144.16,288.32
INV-102706,CUST-0417,2025-03-29 19:59:26,Electronics & Audio,4K Curved Ultra-Wide Gaming Monitor,4,539.18,2156.72
INV-102934,CUST-0348,2025-03-29 20:46:50,Apparel & Lifestyle,Thermal Double-Wall Stainless Flask,3,36.31,108.93
INV-101828,CUST-0304,2025-03-29 20:50:05,Apparel & Lifestyle,Thermal Double-Wall Stainless Flask,1,35.38,35.38
INV-103565,CUST-0033,2025-03-30 13:17:21,Specialty Gourmet,Single-Origin Espresso Bean Subscription (1kg),4,39.41,157.64
INV-100708,CUST-0157,2025-03-30 13:45:33,Computer Accessories,Premium Aluminum Monitor Arm,4,68.86,275.44
INV-103723,CUST-0203,2025-03-30 19:56:47,Computer Accessories,Custom Mechanical RGB Keyboard,1,147.97,147.97
INV-103208,CUST-0425,2025-03-31 15:10:58,Apparel & Lifestyle,Thermal Double-Wall Stainless Flask,6,43.28,259.68
INV-103697,CUST-0300,2025-03-31 19:45:07,Wearables & Fitness,Heart Rate Performance Sensor Band,1,82.03,82.03
INV-100313,CUST-0243,2025-03-31 20:37:34,Apparel & Lifestyle,Thermal Double-Wall Stainless Flask,6,40.07,240.42
INV-103697,CUST-0300,2025-03-31 22:09:58,Computer Accessories,Ergonomic Multi-Device Wireless Mouse,1,76.54,76.54
INV-100313,CUST-0243,2025-03-31 22:40:45,Computer Accessories,Custom Mechanical RGB Keyboard,4,169.34,677.36
INV-103697,CUST-0300,2025-03-31 22:47:14,Electronics & Audio,Thunderbolt 4 Docking Station,2,186.02,372.04
INV-103607,CUST-0412,2025-04-01 09:27:32,Apparel & Lifestyle,Thermal Double-Wall Stainless Flask,5,42.26,211.3
INV-100863,CUST-0307,2025-04-01 09:45:34,Computer Accessories,Ergonomic Multi-Device Wireless Mouse,5,87.89,439.45
INV-103607,CUST-0412,2025-04-01 10:17:29,Electronics & Audio,Noise-Cancelling Studio Pro Headphones,4,349.81,1399.24
INV-102700,CUST-0342,2025-04-01 13:25:53,Computer Accessories,Custom Mechanical RGB Keyboard,4,161.65,646.6
INV-103433,CUST-0362,2025-04-01 15:50:10,Computer Accessories,Ergonomic Multi-Device Wireless Mouse,6,96.15,576.9
INV-100685,CUST-0421,2025-04-01 22:05:15,Apparel & Lifestyle,Thermal Double-Wall Stainless Flask,5,38.81,194.05
INV-103316,CUST-0323,2025-04-02 12:01:03,Computer Accessories,Custom Mechanical RGB Keyboard,2,178.38,356.76
INV-103724,CUST-0203,2025-04-02 15:01:14,Apparel & Lifestyle,Thermal Double-Wall Stainless Flask,2,33.53,67.06
INV-103724,CUST-0203,2025-04-02 15:46:54,Smart Office & Furniture,Smart LED Desk Bar Lamp,2,46.77,93.54
INV-103316,CUST-0323,2025-04-02 16:25:29,Computer Accessories,Custom Mechanical RGB Keyboard,4,179.14,716.56
INV-102002,CUST-0155,2025-04-02 16:48:56,Computer Accessories,Custom Mechanical RGB Keyboard,3,149.24,447.72
INV-100864,CUST-0307,2025-04-02 17:20:40,Specialty Gourmet,Single-Origin Espresso Bean Subscription (1kg),3,37.06,111.18
INV-103385,CUST-0387,2025-04-02 19:55:43,Specialty Gourmet,Single-Origin Espresso Bean Subscription (1kg),3,40.37,121.11
INV-102002,CUST-0155,2025-04-02 22:09:26,Specialty Gourmet,Single-Origin Espresso Bean Subscription (1kg),2,32.08,64.16
INV-100864,CUST-0307,2025-04-02 22:49:44,Wearables & Fitness,Titanium GPS Smart Fitness Watch,6,271.46,1628.76
INV-103579,CUST-0306,2025-04-03 09:08:43,Apparel & Lifestyle,Thermal Double-Wall Stainless Flask,5,43.39,216.95
INV-103858,CUST-0317,2025-04-03 09:18:28,Apparel & Lifestyle,Thermal Double-Wall Stainless Flask,1,35.08,35.08
INV-101019,CUST-0423,2025-04-03 10:32:33,Wearables & Fitness,Heart Rate Performance Sensor Band,2,100.01,200.02
INV-100314,CUST-0243,2025-04-03 10:43:04,Computer Accessories,Custom Mechanical RGB Keyboard,2,162.27,324.54
INV-103838,CUST-0024,2025-04-03 11:29:13,Apparel & Lifestyle,Thermal Double-Wall Stainless Flask,1,35.3,35.3
INV-100649,CUST-0241,2025-04-03 12:43:53,Computer Accessories,Premium Aluminum Monitor Arm,4,71.52,286.08
INV-103592,CUST-0410,2025-04-03 14:42:25,Wearables & Fitness,Titanium GPS Smart Fitness Watch,6,288.29,1729.74
INV-100902,CUST-0093,2025-04-03 15:14:38,Apparel & Lifestyle,Thermal Double-Wall Stainless Flask,6,39.05,234.3
INV-101064,CUST-0097,2025-04-03 15:27:56,Computer Accessories,Premium Aluminum Monitor Arm,2,73.53,147.06
INV-100155,CUST-0121,2025-04-03 15:34:13,Apparel & Lifestyle,Thermal Double-Wall Stainless Flask,1,40.42,40.42
INV-103838,CUST-0024,2025-04-03 16:31:08,Electronics & Audio,Thunderbolt 4 Docking Station,1,176.66,176.66
INV-101064,CUST-0097,2025-04-03 17:19:10,Computer Accessories,Ergonomic Multi-Device Wireless Mouse,5,89.95,449.75
INV-103579,CUST-0306,2025-04-03 18:21:28,Electronics & Audio,Noise-Cancelling Studio Pro Headphones,6,353.76,2122.56
INV-100314,CUST-0243,2025-04-03 19:32:07,Apparel & Lifestyle,Full-Grain Leather Briefcase Sleeve,2,96.96,193.92
INV-103579,CUST-0306,2025-04-03 19:47:15,Smart Office & Furniture,Ergonomic Lumbar Executive Chair,5,341.93,1709.65
INV-103838,CUST-0024,2025-04-03 20:41:40,Computer Accessories,Custom Mechanical RGB Keyboard,1,139.56,139.56
INV-103360,CUST-0081,2025-04-03 21:22:31,Smart Office & Furniture,Ergonomic Lumbar Executive Chair,6,321.96,1931.76
INV-100155,CUST-0121,2025-04-03 21:41:48,Computer Accessories,Premium Aluminum Monitor Arm,4,68.69,274.76
INV-103773,CUST-0424,2025-04-04 11:54:21,Computer Accessories,Ergonomic Multi-Device Wireless Mouse,2,76.08,152.16
INV-101314,CUST-0437,2025-04-04 19:32:47,Electronics & Audio,Thunderbolt 4 Docking Station,1,185.85,185.85
INV-103543,CUST-0196,2025-04-04 20:54:36,Apparel & Lifestyle,Thermal Double-Wall Stainless Flask,2,44.77,89.54
INV-100903,CUST-0093,2025-04-04 22:59:30,Apparel & Lifestyle,Full-Grain Leather Briefcase Sleeve,1,92.37,92.37
INV-101933,CUST-0265,2025-04-05 12:20:23,Computer Accessories,Custom Mechanical RGB Keyboard,1,150.17,150.17
INV-103816,CUST-0233,2025-04-05 12:23:21,Electronics & Audio,Thunderbolt 4 Docking Station,1,173.63,173.63
INV-101829,CUST-0304,2025-04-05 16:07:44,Computer Accessories,Premium Aluminum Monitor Arm,4,63.9,255.6
INV-101065,CUST-0097,2025-04-05 17:06:38,Wearables & Fitness,Titanium GPS Smart Fitness Watch,3,280.82,842.46
INV-101393,CUST-0325,2025-04-05 19:38:38,Computer Accessories,Ergonomic Multi-Device Wireless Mouse,1,77.27,77.27
INV-101933,CUST-0265,2025-04-05 19:41:08,Apparel & Lifestyle,Thermal Double-Wall Stainless Flask,3,35.28,105.84
INV-102682,CUST-0320,2025-04-06 09:19:13,Apparel & Lifestyle,Full-Grain Leather Briefcase Sleeve,4,92.57,370.28
INV-100709,CUST-0157,2025-04-06 10:31:55,Computer Accessories,Ergonomic Multi-Device Wireless Mouse,3,84.68,254.04
INV-103615,CUST-0079,2025-04-06 11:43:07,Electronics & Audio,Noise-Cancelling Studio Pro Headphones,3,371.13,1113.39
INV-101800,CUST-0248,2025-04-06 13:14:36,Smart Office & Furniture,Smart LED Desk Bar Lamp,3,49.62,148.86
INV-103615,CUST-0079,2025-04-06 16:13:34,Computer Accessories,Custom Mechanical RGB Keyboard,6,185.56,1113.36
INV-102020,CUST-0165,2025-04-07 11:42:12,Electronics & Audio,4K Curved Ultra-Wide Gaming Monitor,2,507.65,1015.3
INV-103803,CUST-0108,2025-04-07 12:37:47,Apparel & Lifestyle,Full-Grain Leather Briefcase Sleeve,2,80.83,161.66
INV-102020,CUST-0165,2025-04-07 15:16:02,Specialty Gourmet,Single-Origin Espresso Bean Subscription (1kg),4,33.06,132.24
INV-102020,CUST-0165,2025-04-07 16:17:44,Smart Office & Furniture,Smart LED Desk Bar Lamp,2,51.97,103.94
INV-103493,CUST-0284,2025-04-07 19:30:34,Computer Accessories,Ergonomic Multi-Device Wireless Mouse,5,99.17,495.85
INV-103293,CUST-0257,2025-04-07 19:34:51,Electronics & Audio,4K Curved Ultra-Wide Gaming Monitor,5,595.51,2977.55
INV-103824,CUST-0052,2025-04-08 09:06:23,Apparel & Lifestyle,Full-Grain Leather Briefcase Sleeve,1,81.38,81.38
INV-103020,CUST-0044,2025-04-08 12:32:50,Computer Accessories,Custom Mechanical RGB Keyboard,4,162.21,648.84
INV-102539,CUST-0018,2025-04-08 13:10:51,Computer Accessories,Ergonomic Multi-Device Wireless Mouse,3,84.3,252.9
INV-103786,CUST-0037,2025-04-08 20:24:51,Apparel & Lifestyle,Thermal Double-Wall Stainless Flask,1,35.0,35.0
INV-100278,CUST-0305,2025-04-09 11:22:45,Computer Accessories,Custom Mechanical RGB Keyboard,3,169.36,508.08
INV-100279,CUST-0305,2025-04-09 11:44:59,Computer Accessories,Custom Mechanical RGB Keyboard,5,164.94,824.7
INV-100650,CUST-0241,2025-04-09 14:12:54,Smart Office & Furniture,Smart LED Desk Bar Lamp,3,57.12,171.36
INV-100277,CUST-0305,2025-04-09 20:06:31,Apparel & Lifestyle,Full-Grain Leather Briefcase Sleeve,1,91.87,91.87
INV-100328,CUST-0144,2025-04-10 09:18:48,Computer Accessories,Ergonomic Multi-Device Wireless Mouse,6,86.49,518.94
INV-101375,CUST-0069,2025-04-10 11:29:39,Computer Accessories,Ergonomic Multi-Device Wireless Mouse,4,79.59,318.36
INV-103776,CUST-0445,2025-04-10 11:56:46,Wearables & Fitness,Heart Rate Performance Sensor Band,1,85.22,85.22
INV-102135,CUST-0377,2025-04-10 13:03:09,Specialty Gourmet,Single-Origin Espresso Bean Subscription (1kg),3,31.74,95.22
INV-101375,CUST-0069,2025-04-10 13:12:40,Computer Accessories,Custom Mechanical RGB Keyboard,4,149.8,599.2
INV-103294,CUST-0257,2025-04-10 16:35:18,Computer Accessories,Custom Mechanical RGB Keyboard,6,174.62,1047.72
INV-103777,CUST-0445,2025-04-10 17:41:37,Computer Accessories,Custom Mechanical RGB Keyboard,2,139.68,279.36
INV-100686,CUST-0421,2025-04-10 17:47:24,Apparel & Lifestyle,Thermal Double-Wall Stainless Flask,3,39.06,117.18
INV-100031,CUST-0282,2025-04-10 20:43:54,Specialty Gourmet,Single-Origin Espresso Bean Subscription (1kg),4,37.17,148.68
INV-103776,CUST-0445,2025-04-10 21:13:36,Electronics & Audio,Thunderbolt 4 Docking Station,2,186.11,372.22
INV-103434,CUST-0362,2025-04-11 10:26:36,Electronics & Audio,4K Curved Ultra-Wide Gaming Monitor,2,620.84,1241.68
INV-103209,CUST-0425,2025-04-11 10:51:19,Smart Office & Furniture,Smart LED Desk Bar Lamp,2,58.8,117.6
INV-103678,CUST-0261,2025-04-11 12:27:36,Apparel & Lifestyle,Thermal Double-Wall Stainless Flask,6,44.38,266.28
INV-103209,CUST-0425,2025-04-11 14:11:36,Apparel & Lifestyle,Thermal Double-Wall Stainless Flask,6,42.72,256.32
INV-100358,CUST-0035,2025-04-11 14:14:51,Smart Office & Furniture,Motorized Standing Desk Frame,1,424.61,424.61
INV-100904,CUST-0093,2025-04-11 15:50:05,Apparel & Lifestyle,Full-Grain Leather Briefcase Sleeve,5,90.0,450.0
INV-101119,CUST-0316,2025-04-11 16:16:52,Specialty Gourmet,Single-Origin Espresso Bean Subscription (1kg),2,33.39,66.78
INV-102505,CUST-0225,2025-04-11 17:39:08,Computer Accessories,Premium Aluminum Monitor Arm,2,70.22,140.44
INV-100904,CUST-0093,2025-04-11 19:09:55,Apparel & Lifestyle,Thermal Double-Wall Stainless Flask,3,39.94,119.82
INV-103434,CUST-0362,2025-04-11 19:42:33,Specialty Gourmet,Single-Origin Espresso Bean Subscription (1kg),3,37.91,113.73
INV-100904,CUST-0093,2025-04-11 20:54:45,Specialty Gourmet,Single-Origin Espresso Bean Subscription (1kg),5,36.83,184.15
INV-102887,CUST-0349,2025-04-12 08:04:41,Electronics & Audio,Thunderbolt 4 Docking Station,2,196.43,392.86
INV-103361,CUST-0081,2025-04-12 09:04:04,Computer Accessories,Premium Aluminum Monitor Arm,5,75.97,379.85
INV-100211,CUST-0174,2025-04-12 10:01:20,Wearables & Fitness,Titanium GPS Smart Fitness Watch,3,271.45,814.35
INV-103566,CUST-0033,2025-04-12 11:00:54,Computer Accessories,Premium Aluminum Monitor Arm,5,74.48,372.4
INV-103843,CUST-0036,2025-04-12 12:38:16,Apparel & Lifestyle,Full-Grain Leather Briefcase Sleeve,2,79.21,158.42
INV-103566,CUST-0033,2025-04-12 14:41:08,Smart Office & Furniture,Motorized Standing Desk Frame,2,441.14,882.28
INV-103703,CUST-0426,2025-04-12 15:52:40,Smart Office & Furniture,Smart LED Desk Bar Lamp,1,48.44,48.44
INV-102648,CUST-0298,2025-04-12 19:02:37,Apparel & Lifestyle,Full-Grain Leather Briefcase Sleeve,5,89.98,449.9
INV-103267,CUST-0260,2025-04-12 21:03:46,Specialty Gourmet,Single-Origin Espresso Bean Subscription (1kg),5,39.73,198.65
INV-103361,CUST-0081,2025-04-12 21:09:16,Computer Accessories,Ergonomic Multi-Device Wireless Mouse,6,99.42,596.52
INV-101604,CUST-0209,2025-04-13 09:04:49,Computer Accessories,Custom Mechanical RGB Keyboard,2,151.22,302.44
INV-101087,CUST-0176,2025-04-13 10:43:19,Computer Accessories,Premium Aluminum Monitor Arm,1,69.69,69.69
INV-101604,CUST-0209,2025-04-13 11:01:51,Specialty Gourmet,Single-Origin Espresso Bean Subscription (1kg),4,33.53,134.12
INV-102998,CUST-0439,2025-04-13 11:14:34,Computer Accessories,Premium Aluminum Monitor Arm,2,68.1,136.2
INV-102998,CUST-0439,2025-04-13 12:05:53,Computer Accessories,Premium Aluminum Monitor Arm,4,65.52,262.08
INV-102998,CUST-0439,2025-04-13 14:38:11,Computer Accessories,Ergonomic Multi-Device Wireless Mouse,5,85.0,425.0
INV-100549,CUST-0005,2025-04-13 18:45:24,Smart Office & Furniture,Ergonomic Lumbar Executive Chair,5,296.05,1480.25
INV-100549,CUST-0005,2025-04-13 19:48:59,Electronics & Audio,Noise-Cancelling Studio Pro Headphones,4,324.75,1299.0
INV-101604,CUST-0209,2025-04-13 20:11:34,Smart Office & Furniture,Smart LED Desk Bar Lamp,1,49.07,49.07
INV-103533,CUST-0240,2025-04-14 16:41:33,Smart Office & Furniture,Smart LED Desk Bar Lamp,6,57.83,346.98
INV-103386,CUST-0387,2025-04-14 22:21:49,Computer Accessories,Premium Aluminum Monitor Arm,2,74.84,149.68
INV-103210,CUST-0425,2025-04-15 09:27:00,Smart Office & Furniture,Ergonomic Lumbar Executive Chair,5,324.98,1624.9
INV-103210,CUST-0425,2025-04-15 10:34:35,Wearables & Fitness,Heart Rate Performance Sensor Band,3,104.19,312.57
INV-101020,CUST-0423,2025-04-15 13:18:23,Wearables & Fitness,Titanium GPS Smart Fitness Watch,4,280.15,1120.6
INV-101020,CUST-0423,2025-04-15 14:02:57,Smart Office & Furniture,Smart LED Desk Bar Lamp,5,56.55,282.75
INV-101020,CUST-0423,2025-04-15 14:15:13,Apparel & Lifestyle,Full-Grain Leather Briefcase Sleeve,6,95.55,573.3
INV-103727,CUST-0256,2025-04-15 21:59:13,Specialty Gourmet,Single-Origin Espresso Bean Subscription (1kg),1,29.94,29.94
INV-101021,CUST-0423,2025-04-16 08:09:49,Wearables & Fitness,Titanium GPS Smart Fitness Watch,4,265.08,1060.32
INV-103844,CUST-0036,2025-04-16 08:23:26,Smart Office & Furniture,Motorized Standing Desk Frame,1,351.34,351.34
INV-100964,CUST-0046,2025-04-16 08:24:26,Electronics & Audio,Noise-Cancelling Studio Pro Headphones,2,319.19,638.38
INV-101627,CUST-0067,2025-04-16 12:05:15,Apparel & Lifestyle,Full-Grain Leather Briefcase Sleeve,4,85.45,341.8
INV-101021,CUST-0423,2025-04-16 15:20:10,Wearables & Fitness,Titanium GPS Smart Fitness Watch,1,273.88,273.88
INV-101021,CUST-0423,2025-04-16 20:50:57,Specialty Gourmet,Single-Origin Espresso Bean Subscription (1kg),3,35.88,107.64
INV-103118,CUST-0251,2025-04-16 21:21:05,Wearables & Fitness,Titanium GPS Smart Fitness Watch,1,268.38,268.38
INV-103435,CUST-0362,2025-04-17 14:23:32,Specialty Gourmet,Single-Origin Espresso Bean Subscription (1kg),4,38.74,154.96
INV-101801,CUST-0248,2025-04-17 14:55:31,Electronics & Audio,Noise-Cancelling Studio Pro Headphones,4,304.79,1219.16
INV-101801,CUST-0248,2025-04-17 22:07:29,Specialty Gourmet,Single-Origin Espresso Bean Subscription (1kg),4,32.25,129.0
INV-103752,CUST-0029,2025-04-19 08:59:48,Apparel & Lifestyle,Thermal Double-Wall Stainless Flask,2,34.9,69.8
INV-101022,CUST-0423,2025-04-19 10:07:36,Computer Accessories,Premium Aluminum Monitor Arm,4,71.8,287.2
INV-103534,CUST-0240,2025-04-19 10:12:07,Wearables & Fitness,Titanium GPS Smart Fitness Watch,4,306.2,1224.8
INV-101022,CUST-0423,2025-04-19 12:48:56,Computer Accessories,Ergonomic Multi-Device Wireless Mouse,3,91.31,273.93
INV-101347,CUST-0315,2025-04-19 14:02:32,Specialty Gourmet,Single-Origin Espresso Bean Subscription (1kg),3,31.24,93.72
INV-103752,CUST-0029,2025-04-19 15:12:22,Wearables & Fitness,Heart Rate Performance Sensor Band,2,85.72,171.44
INV-103534,CUST-0240,2025-04-19 17:55:37,Wearables & Fitness,Heart Rate Performance Sensor Band,6,103.45,620.7
INV-101022,CUST-0423,2025-04-19 19:49:29,Computer Accessories,Custom Mechanical RGB Keyboard,1,159.33,159.33
INV-102692,CUST-0087,2025-04-20 08:20:14,Electronics & Audio,Thunderbolt 4 Docking Station,2,195.44,390.88
INV-101042,CUST-0364,2025-04-20 09:40:28,Smart Office & Furniture,Smart LED Desk Bar Lamp,5,56.87,284.35
INV-102888,CUST-0349,2025-04-20 10:36:48,Apparel & Lifestyle,Thermal Double-Wall Stainless Flask,1,37.78,37.78
INV-102003,CUST-0155,2025-04-20 14:02:47,Computer Accessories,Premium Aluminum Monitor Arm,3,66.97,200.91
INV-102692,CUST-0087,2025-04-20 18:11:03,Electronics & Audio,Thunderbolt 4 Docking Station,5,193.09,965.45
INV-102754,CUST-0133,2025-04-20 20:07:14,Apparel & Lifestyle,Full-Grain Leather Briefcase Sleeve,3,88.91,266.73
INV-100710,CUST-0157,2025-04-20 20:09:35,Smart Office & Furniture,Motorized Standing Desk Frame,6,434.54,2607.24
INV-100710,CUST-0157,2025-04-20 20:59:16,Computer Accessories,Ergonomic Multi-Device Wireless Mouse,3,88.68,266.04
INV-103387,CUST-0387,2025-04-20 21:11:29,Computer Accessories,Ergonomic Multi-Device Wireless Mouse,6,97.31,583.86
INV-100710,CUST-0157,2025-04-20 22:10:20,Computer Accessories,Premium Aluminum Monitor Arm,5,69.89,349.45
INV-103159,CUST-0277,2025-04-20 22:17:55,Computer Accessories,Ergonomic Multi-Device Wireless Mouse,1,84.14,84.14
INV-100398,CUST-0090,2025-04-21 08:49:25,Electronics & Audio,4K Curved Ultra-Wide Gaming Monitor,4,551.03,2204.12
INV-101639,CUST-0213,2025-04-21 16:19:18,Smart Office & Furniture,Ergonomic Lumbar Executive Chair,4,271.89,1087.56
INV-100761,CUST-0060,2025-04-22 11:51:47,Apparel & Lifestyle,Full-Grain Leather Briefcase Sleeve,4,92.3,369.2
INV-103317,CUST-0323,2025-04-22 18:37:52,Apparel & Lifestyle,Thermal Double-Wall Stainless Flask,5,44.15,220.75
INV-103580,CUST-0306,2025-04-23 12:05:44,Computer Accessories,Ergonomic Multi-Device Wireless Mouse,6,94.36,566.16
INV-103616,CUST-0079,2025-04-23 18:31:57,Computer Accessories,Premium Aluminum Monitor Arm,2,75.1,150.2
INV-103211,CUST-0425,2025-04-23 19:02:11,Smart Office & Furniture,Ergonomic Lumbar Executive Chair,2,325.36,650.72
INV-101943,CUST-0301,2025-04-24 08:48:57,Specialty Gourmet,Single-Origin Espresso Bean Subscription (1kg),4,33.78,135.12
INV-103436,CUST-0362,2025-04-24 08:54:36,Electronics & Audio,Thunderbolt 4 Docking Station,4,227.24,908.96
INV-100687,CUST-0421,2025-04-24 10:13:17,Apparel & Lifestyle,Full-Grain Leather Briefcase Sleeve,2,90.84,181.68
INV-103318,CUST-0323,2025-04-24 15:00:57,Computer Accessories,Ergonomic Multi-Device Wireless Mouse,4,96.01,384.04
INV-102573,CUST-0335,2025-04-24 20:10:52,Apparel & Lifestyle,Thermal Double-Wall Stainless Flask,2,37.26,74.52
INV-100687,CUST-0421,2025-04-24 21:37:03,Specialty Gourmet,Single-Origin Espresso Bean Subscription (1kg),4,35.49,141.96
INV-103740,CUST-0138,2025-04-25 08:02:06,Computer Accessories,Custom Mechanical RGB Keyboard,1,140.93,140.93
INV-103212,CUST-0425,2025-04-25 08:09:43,Computer Accessories,Ergonomic Multi-Device Wireless Mouse,2,93.2,186.4
INV-100934,CUST-0340,2025-04-25 09:35:16,Computer Accessories,Ergonomic Multi-Device Wireless Mouse,6,88.75,532.5
INV-101534,CUST-0193,2025-04-25 10:58:31,Computer Accessories,Ergonomic Multi-Device Wireless Mouse,4,80.55,322.2
INV-103740,CUST-0138,2025-04-25 11:12:38,Wearables & Fitness,Heart Rate Performance Sensor Band,2,86.95,173.9
INV-103845,CUST-0036,2025-04-25 12:51:16,Specialty Gourmet,Single-Origin Espresso Bean Subscription (1kg),2,30.12,60.24
INV-103740,CUST-0138,2025-04-25 15:54:25,Apparel & Lifestyle,Thermal Double-Wall Stainless Flask,1,34.69,34.69
INV-101842,CUST-0255,2025-04-25 19:45:10,Electronics & Audio,Noise-Cancelling Studio Pro Headphones,3,308.29,924.87
INV-103886,CUST-0023,2025-04-26 08:38:56,Smart Office & Furniture,Smart LED Desk Bar Lamp,1,48.4,48.4
INV-102562,CUST-0433,2025-04-26 11:43:46,Computer Accessories,Custom Mechanical RGB Keyboard,1,152.04,152.04
INV-102004,CUST-0155,2025-04-26 12:57:19,Computer Accessories,Custom Mechanical RGB Keyboard,2,155.87,311.74
INV-103544,CUST-0196,2025-04-26 14:55:29,Apparel & Lifestyle,Thermal Double-Wall Stainless Flask,3,41.68,125.04
INV-101120,CUST-0316,2025-04-26 18:01:11,Smart Office & Furniture,Ergonomic Lumbar Executive Chair,1,273.51,273.51
INV-103730,CUST-0341,2025-04-26 18:48:02,Specialty Gourmet,Single-Origin Espresso Bean Subscription (1kg),2,31.05,62.1
INV-103608,CUST-0412,2025-04-26 19:35:12,Smart Office & Furniture,Ergonomic Lumbar Executive Chair,2,320.1,640.2
INV-103334,CUST-0002,2025-04-27 13:48:16,Computer Accessories,Premium Aluminum Monitor Arm,3,80.09,240.27
INV-102031,CUST-0015,2025-04-27 15:56:01,Computer Accessories,Custom Mechanical RGB Keyboard,3,149.53,448.59
INV-103334,CUST-0002,2025-04-27 17:35:39,Computer Accessories,Premium Aluminum Monitor Arm,5,78.62,393.1
INV-102788,CUST-0096,2025-04-27 20:47:07,Apparel & Lifestyle,Full-Grain Leather Briefcase Sleeve,2,88.85,177.7
INV-103054,CUST-0030,2025-04-28 11:53:22,Apparel & Lifestyle,Full-Grain Leather Briefcase Sleeve,5,89.11,445.55
INV-103693,CUST-0299,2025-04-28 13:47:53,Apparel & Lifestyle,Full-Grain Leather Briefcase Sleeve,1,77.52,77.52
INV-103691,CUST-0384,2025-04-28 15:08:13,Electronics & Audio,4K Curved Ultra-Wide Gaming Monitor,2,486.26,972.52
INV-103295,CUST-0257,2025-04-28 15:25:39,Wearables & Fitness,Titanium GPS Smart Fitness Watch,2,294.65,589.3
INV-103335,CUST-0002,2025-04-28 17:28:00,Computer Accessories,Premium Aluminum Monitor Arm,6,77.62,465.72
INV-100920,CUST-0264,2025-04-28 18:00:23,Computer Accessories,Custom Mechanical RGB Keyboard,6,160.97,965.82
INV-103295,CUST-0257,2025-04-28 20:12:26,Smart Office & Furniture,Smart LED Desk Bar Lamp,6,60.26,361.56
INV-101802,CUST-0248,2025-04-29 08:23:48,Computer Accessories,Premium Aluminum Monitor Arm,2,66.36,132.72
INV-101247,CUST-0130,2025-04-29 18:03:04,Wearables & Fitness,Heart Rate Performance Sensor Band,4,91.4,365.6
INV-101196,CUST-0381,2025-04-29 22:45:50,Wearables & Fitness,Heart Rate Performance Sensor Band,1,88.53,88.53
INV-103506,CUST-0129,2025-04-30 14:31:47,Specialty Gourmet,Single-Origin Espresso Bean Subscription (1kg),4,39.77,159.08
INV-103362,CUST-0081,2025-04-30 15:00:13,Computer Accessories,Custom Mechanical RGB Keyboard,5,186.66,933.3
INV-103694,CUST-0299,2025-04-30 15:11:06,Wearables & Fitness,Titanium GPS Smart Fitness Watch,2,243.71,487.42
INV-102574,CUST-0335,2025-04-30 21:37:41,Apparel & Lifestyle,Thermal Double-Wall Stainless Flask,4,37.43,149.72
INV-102091,CUST-0159,2025-05-01 08:57:24,Apparel & Lifestyle,Full-Grain Leather Briefcase Sleeve,2,84.13,168.26
INV-103808,CUST-0187,2025-05-01 12:23:36,Apparel & Lifestyle,Thermal Double-Wall Stainless Flask,2,35.39,70.78
INV-102091,CUST-0159,2025-05-01 13:25:03,Apparel & Lifestyle,Thermal Double-Wall Stainless Flask,2,35.07,70.14
INV-101414,CUST-0279,2025-05-01 15:37:27,Computer Accessories,Premium Aluminum Monitor Arm,4,65.11,260.44
INV-101414,CUST-0279,2025-05-01 17:53:03,Computer Accessories,Custom Mechanical RGB Keyboard,2,149.57,299.14
INV-101197,CUST-0381,2025-05-01 18:00:15,Computer Accessories,Custom Mechanical RGB Keyboard,1,155.38,155.38
INV-102091,CUST-0159,2025-05-01 22:39:21,Wearables & Fitness,Titanium GPS Smart Fitness Watch,4,242.69,970.76
INV-100399,CUST-0090,2025-05-02 10:05:41,Specialty Gourmet,Single-Origin Espresso Bean Subscription (1kg),1,35.07,35.07
INV-102755,CUST-0133,2025-05-02 13:42:01,Apparel & Lifestyle,Thermal Double-Wall Stainless Flask,1,39.12,39.12
INV-102873,CUST-0368,2025-05-02 14:38:14,Wearables & Fitness,Titanium GPS Smart Fitness Watch,3,253.92,761.76
INV-102873,CUST-0368,2025-05-02 17:07:47,Wearables & Fitness,Titanium GPS Smart Fitness Watch,2,252.97,505.94
INV-103452,CUST-0392,2025-05-02 17:11:02,Wearables & Fitness,Heart Rate Performance Sensor Band,3,108.54,325.62
INV-103627,CUST-0057,2025-05-02 18:49:02,Smart Office & Furniture,Motorized Standing Desk Frame,6,452.53,2715.18
INV-102873,CUST-0368,2025-05-02 19:55:22,Computer Accessories,Ergonomic Multi-Device Wireless Mouse,4,87.24,348.96
INV-103388,CUST-0387,2025-05-03 08:14:05,Smart Office & Furniture,Smart LED Desk Bar Lamp,6,58.44,350.64
INV-103609,CUST-0412,2025-05-03 08:46:51,Wearables & Fitness,Heart Rate Performance Sensor Band,6,110.93,665.58
INV-103679,CUST-0261,2025-05-03 14:00:37,Computer Accessories,Ergonomic Multi-Device Wireless Mouse,4,92.27,369.08
INV-103637,CUST-0025,2025-05-03 14:42:25,Smart Office & Furniture,Ergonomic Lumbar Executive Chair,6,342.66,2055.96
INV-103637,CUST-0025,2025-05-03 17:07:02,Wearables & Fitness,Titanium GPS Smart Fitness Watch,2,305.9,611.8
INV-101088,CUST-0176,2025-05-04 08:30:42,Electronics & Audio,Thunderbolt 4 Docking Station,4,203.23,812.92
INV-101088,CUST-0176,2025-05-04 11:01:57,Wearables & Fitness,Titanium GPS Smart Fitness Watch,1,279.27,279.27
INV-101088,CUST-0176,2025-05-04 12:07:59,Smart Office & Furniture,Ergonomic Lumbar Executive Chair,5,301.35,1506.75
INV-101617,CUST-0216,2025-05-04 13:18:23,Electronics & Audio,Thunderbolt 4 Docking Station,4,187.18,748.72
INV-103560,CUST-0198,2025-05-04 13:28:11,Apparel & Lifestyle,Thermal Double-Wall Stainless Flask,4,44.23,176.92
INV-101617,CUST-0216,2025-05-04 14:21:51,Specialty Gourmet,Single-Origin Espresso Bean Subscription (1kg),3,31.26,93.78
INV-103839,CUST-0024,2025-05-04 14:43:45,Apparel & Lifestyle,Full-Grain Leather Briefcase Sleeve,2,77.86,155.72
INV-103628,CUST-0057,2025-05-04 15:05:55,Smart Office & Furniture,Ergonomic Lumbar Executive Chair,4,329.85,1319.4
INV-101617,CUST-0216,2025-05-04 16:13:40,Computer Accessories,Custom Mechanical RGB Keyboard,3,144.71,434.13
INV-101121,CUST-0316,2025-05-04 19:44:34,Apparel & Lifestyle,Full-Grain Leather Briefcase Sleeve,2,82.76,165.52
INV-102849,CUST-0373,2025-05-05 08:38:39,Computer Accessories,Premium Aluminum Monitor Arm,4,67.22,268.88
INV-103695,CUST-0299,2025-05-05 08:40:23,Apparel & Lifestyle,Thermal Double-Wall Stainless Flask,2,34.95,69.9
INV-103390,CUST-0387,2025-05-05 10:11:38,Specialty Gourmet,Single-Origin Espresso Bean Subscription (1kg),4,40.02,160.08
INV-103389,CUST-0387,2025-05-05 13:51:57,Computer Accessories,Ergonomic Multi-Device Wireless Mouse,2,94.0,188.0
INV-103817,CUST-0233,2025-05-05 13:56:53,Apparel & Lifestyle,Thermal Double-Wall Stainless Flask,2,33.81,67.62
INV-103389,CUST-0387,2025-05-05 16:00:45,Wearables & Fitness,Titanium GPS Smart Fitness Watch,6,308.14,1848.84
INV-102624,CUST-0311,2025-05-05 18:58:43,Computer Accessories,Premium Aluminum Monitor Arm,5,66.17,330.85
INV-101990,CUST-0336,2025-05-05 21:08:17,Specialty Gourmet,Single-Origin Espresso Bean Subscription (1kg),4,31.65,126.6
INV-103389,CUST-0387,2025-05-05 21:34:27,Specialty Gourmet,Single-Origin Espresso Bean Subscription (1kg),6,38.91,233.46
INV-103213,CUST-0425,2025-05-05 22:31:23,Apparel & Lifestyle,Full-Grain Leather Briefcase Sleeve,2,98.59,197.18
INV-101469,CUST-0281,2025-05-06 08:08:56,Apparel & Lifestyle,Thermal Double-Wall Stainless Flask,4,34.84,139.36
INV-100777,CUST-0352,2025-05-06 11:15:53,Smart Office & Furniture,Smart LED Desk Bar Lamp,1,54.0,54.0
INV-100762,CUST-0060,2025-05-06 11:22:19,Wearables & Fitness,Titanium GPS Smart Fitness Watch,5,281.45,1407.25
INV-103373,CUST-0223,2025-05-06 14:00:28,Computer Accessories,Custom Mechanical RGB Keyboard,2,172.97,345.94
INV-100762,CUST-0060,2025-05-06 14:33:47,Wearables & Fitness,Heart Rate Performance Sensor Band,6,95.08,570.48
INV-100212,CUST-0174,2025-05-06 15:33:22,Electronics & Audio,Noise-Cancelling Studio Pro Headphones,3,318.34,955.02
INV-101469,CUST-0281,2025-05-06 18:09:58,Computer Accessories,Ergonomic Multi-Device Wireless Mouse,2,82.94,165.88
INV-101023,CUST-0423,2025-05-06 21:39:58,Computer Accessories,Premium Aluminum Monitor Arm,3,70.39,211.17
INV-100762,CUST-0060,2025-05-06 21:45:36,Specialty Gourmet,Single-Origin Espresso Bean Subscription (1kg),3,36.23,108.69
INV-103437,CUST-0362,2025-05-06 22:53:16,Apparel & Lifestyle,Full-Grain Leather Briefcase Sleeve,2,103.2,206.4
INV-102889,CUST-0349,2025-05-07 09:40:35,Wearables & Fitness,Heart Rate Performance Sensor Band,5,91.29,456.45
INV-100651,CUST-0241,2025-05-07 13:11:00,Apparel & Lifestyle,Thermal Double-Wall Stainless Flask,4,40.99,163.96
INV-103284,CUST-0092,2025-05-07 14:06:25,Smart Office & Furniture,Smart LED Desk Bar Lamp,5,58.24,291.2
INV-100965,CUST-0046,2025-05-07 14:30:03,Apparel & Lifestyle,Full-Grain Leather Briefcase Sleeve,2,91.42,182.84
INV-100688,CUST-0421,2025-05-07 14:30:43,Computer Accessories,Premium Aluminum Monitor Arm,1,69.91,69.91
INV-102649,CUST-0298,2025-05-07 16:03:55,Specialty Gourmet,Single-Origin Espresso Bean Subscription (1kg),4,34.45,137.8
INV-102889,CUST-0349,2025-05-07 21:12:26,Computer Accessories,Premium Aluminum Monitor Arm,2,65.89,131.78
INV-102585,CUST-0365,2025-05-07 22:00:53,Smart Office & Furniture,Ergonomic Lumbar Executive Chair,2,285.78,571.56
INV-102889,CUST-0349,2025-05-07 22:02:00,Computer Accessories,Premium Aluminum Monitor Arm,1,67.1,67.1
INV-100793,CUST-0202,2025-05-08 09:22:52,Specialty Gourmet,Single-Origin Espresso Bean Subscription (1kg),6,35.59,213.54
INV-103413,CUST-0409,2025-05-08 10:15:17,Apparel & Lifestyle,Thermal Double-Wall Stainless Flask,2,42.12,84.24
INV-103413,CUST-0409,2025-05-08 10:16:38,Apparel & Lifestyle,Full-Grain Leather Briefcase Sleeve,4,103.0,412.0
INV-100421,CUST-0012,2025-05-08 10:34:22,Smart Office & Furniture,Smart LED Desk Bar Lamp,4,53.62,214.48
INV-101944,CUST-0301,2025-05-08 10:36:38,Smart Office & Furniture,Ergonomic Lumbar Executive Chair,2,283.24,566.48
INV-103859,CUST-0322,2025-05-08 11:51:05,Computer Accessories,Ergonomic Multi-Device Wireless Mouse,1,75.56,75.56
INV-100421,CUST-0012,2025-05-08 12:55:53,Smart Office & Furniture,Smart LED Desk Bar Lamp,3,56.01,168.03
INV-101944,CUST-0301,2025-05-08 15:35:08,Electronics & Audio,Noise-Cancelling Studio Pro Headphones,4,299.54,1198.16
INV-102650,CUST-0298,2025-05-08 16:18:16,Computer Accessories,Custom Mechanical RGB Keyboard,3,155.69,467.07
INV-102650,CUST-0298,2025-05-08 17:51:18,Specialty Gourmet,Single-Origin Espresso Bean Subscription (1kg),4,35.43,141.72
INV-101944,CUST-0301,2025-05-08 20:57:00,Smart Office & Furniture,Smart LED Desk Bar Lamp,3,49.77,149.31
INV-103336,CUST-0002,2025-05-09 08:54:55,Computer Accessories,Ergonomic Multi-Device Wireless Mouse,4,94.81,379.24
INV-101404,CUST-0207,2025-05-09 09:12:37,Specialty Gourmet,Single-Origin Espresso Bean Subscription (1kg),2,32.04,64.08
INV-103737,CUST-0034,2025-05-09 10:31:25,Wearables & Fitness,Heart Rate Performance Sensor Band,2,85.07,170.14
INV-103629,CUST-0057,2025-05-09 10:35:37,Wearables & Fitness,Titanium GPS Smart Fitness Watch,6,297.09,1782.54
INV-103285,CUST-0092,2025-05-09 11:49:42,Computer Accessories,Custom Mechanical RGB Keyboard,4,176.37,705.48
INV-103438,CUST-0362,2025-05-09 13:11:23,Apparel & Lifestyle,Full-Grain Leather Briefcase Sleeve,4,105.4,421.6
INV-103363,CUST-0081,2025-05-09 13:35:18,Specialty Gourmet,Single-Origin Espresso Bean Subscription (1kg),2,37.76,75.52
INV-100943,CUST-0022,2025-05-09 13:45:49,Computer Accessories,Ergonomic Multi-Device Wireless Mouse,6,88.87,533.22
INV-103363,CUST-0081,2025-05-09 15:55:27,Smart Office & Furniture,Motorized Standing Desk Frame,5,472.7,2363.5
INV-101404,CUST-0207,2025-05-09 19:41:35,Apparel & Lifestyle,Full-Grain Leather Briefcase Sleeve,3,87.78,263.34
INV-102716,CUST-0405,2025-05-10 09:11:41,Computer Accessories,Ergonomic Multi-Device Wireless Mouse,1,87.21,87.21
INV-103296,CUST-0257,2025-05-10 10:00:09,Smart Office & Furniture,Smart LED Desk Bar Lamp,4,59.04,236.16
INV-103286,CUST-0092,2025-05-10 13:10:39,Electronics & Audio,Noise-Cancelling Studio Pro Headphones,2,353.97,707.94
INV-103364,CUST-0081,2025-05-10 13:25:15,Computer Accessories,Custom Mechanical RGB Keyboard,2,180.61,361.22
INV-103809,CUST-0187,2025-05-10 16:28:09,Computer Accessories,Premium Aluminum Monitor Arm,1,59.44,59.44
INV-103364,CUST-0081,2025-05-10 16:44:09,Computer Accessories,Custom Mechanical RGB Keyboard,2,183.49,366.98
INV-102716,CUST-0405,2025-05-10 17:16:32,Wearables & Fitness,Heart Rate Performance Sensor Band,2,92.67,185.34
INV-100493,CUST-0395,2025-05-10 17:54:20,Specialty Gourmet,Single-Origin Espresso Bean Subscription (1kg),6,35.14,210.84
INV-100493,CUST-0395,2025-05-10 17:59:50,Wearables & Fitness,Heart Rate Performance Sensor Band,4,99.65,398.6
INV-102858,CUST-0398,2025-05-10 18:24:54,Specialty Gourmet,Single-Origin Espresso Bean Subscription (1kg),5,35.28,176.4
INV-103103,CUST-0010,2025-05-10 20:20:04,Computer Accessories,Custom Mechanical RGB Keyboard,5,156.31,781.55
INV-100192,CUST-0418,2025-05-10 20:49:12,Smart Office & Furniture,Ergonomic Lumbar Executive Chair,5,313.92,1569.6
INV-103809,CUST-0187,2025-05-10 20:51:15,Specialty Gourmet,Single-Origin Espresso Bean Subscription (1kg),2,31.46,62.92
INV-100280,CUST-0305,2025-05-10 22:07:53,Computer Accessories,Custom Mechanical RGB Keyboard,1,167.25,167.25
INV-102506,CUST-0225,2025-05-10 22:36:37,Smart Office & Furniture,Motorized Standing Desk Frame,1,413.89,413.89
INV-100550,CUST-0005,2025-05-10 22:51:28,Electronics & Audio,Thunderbolt 4 Docking Station,4,200.31,801.24
INV-103810,CUST-0187,2025-05-11 08:45:18,Smart Office & Furniture,Ergonomic Lumbar Executive Chair,1,251.16,251.16
INV-103847,CUST-0361,2025-05-11 10:03:15,Smart Office & Furniture,Ergonomic Lumbar Executive Chair,1,268.89,268.89
INV-101934,CUST-0265,2025-05-11 17:41:41,Computer Accessories,Premium Aluminum Monitor Arm,1,62.17,62.17
INV-101100,CUST-0314,2025-05-12 08:37:33,Computer Accessories,Premium Aluminum Monitor Arm,3,69.87,209.61
INV-102092,CUST-0159,2025-05-12 11:04:54,Specialty Gourmet,Single-Origin Espresso Bean Subscription (1kg),4,33.45,133.8
INV-101100,CUST-0314,2025-05-12 17:07:27,Smart Office & Furniture,Motorized Standing Desk Frame,6,412.76,2476.56
INV-100711,CUST-0157,2025-05-13 08:14:11,Wearables & Fitness,Heart Rate Performance Sensor Band,1,95.46,95.46
INV-100711,CUST-0157,2025-05-13 10:45:29,Apparel & Lifestyle,Thermal Double-Wall Stainless Flask,1,39.51,39.51
INV-100665,CUST-0204,2025-05-13 11:15:15,Computer Accessories,Premium Aluminum Monitor Arm,3,68.43,205.29
INV-101348,CUST-0315,2025-05-13 16:49:07,Smart Office & Furniture,Smart LED Desk Bar Lamp,1,50.25,50.25
INV-101775,CUST-0197,2025-05-13 16:51:54,Specialty Gourmet,Single-Origin Espresso Bean Subscription (1kg),4,32.09,128.36
INV-101348,CUST-0315,2025-05-13 18:04:47,Computer Accessories,Ergonomic Multi-Device Wireless Mouse,3,80.38,241.14
INV-103794,CUST-0137,2025-05-13 18:29:13,Apparel & Lifestyle,Thermal Double-Wall Stainless Flask,1,35.03,35.03
INV-102598,CUST-0019,2025-05-13 18:34:15,Wearables & Fitness,Titanium GPS Smart Fitness Watch,4,255.02,1020.08
INV-103545,CUST-0196,2025-05-13 22:38:55,Computer Accessories,Premium Aluminum Monitor Arm,6,76.04,456.24
INV-101775,CUST-0197,2025-05-13 22:44:36,Specialty Gourmet,Single-Origin Espresso Bean Subscription (1kg),1,33.75,33.75
INV-100281,CUST-0305,2025-05-14 09:46:46,Smart Office & Furniture,Smart LED Desk Bar Lamp,1,56.22,56.22
INV-103248,CUST-0055,2025-05-14 11:15:52,Smart Office & Furniture,Ergonomic Lumbar Executive Chair,3,325.63,976.89
INV-101786,CUST-0178,2025-05-14 13:14:40,Specialty Gourmet,Single-Origin Espresso Bean Subscription (1kg),2,31.33,62.66
INV-103567,CUST-0033,2025-05-14 14:51:37,Apparel & Lifestyle,Thermal Double-Wall Stainless Flask,3,44.82,134.46
INV-101786,CUST-0178,2025-05-14 22:31:28,Wearables & Fitness,Heart Rate Performance Sensor Band,3,87.36,262.08
INV-100778,CUST-0352,2025-05-15 08:21:27,Smart Office & Furniture,Ergonomic Lumbar Executive Chair,4,311.26,1245.04
INV-102163,CUST-0297,2025-05-15 12:07:04,Electronics & Audio,4K Curved Ultra-Wide Gaming Monitor,2,485.06,970.12
INV-100966,CUST-0046,2025-05-15 13:17:22,Wearables & Fitness,Heart Rate Performance Sensor Band,3,94.85,284.55
INV-102163,CUST-0297,2025-05-15 13:36:46,Computer Accessories,Premium Aluminum Monitor Arm,2,62.06,124.12
INV-100778,CUST-0352,2025-05-15 14:37:02,Specialty Gourmet,Single-Origin Espresso Bean Subscription (1kg),5,36.06,180.3
INV-101122,CUST-0316,2025-05-15 17:31:23,Smart Office & Furniture,Ergonomic Lumbar Executive Chair,3,278.69,836.07
INV-102093,CUST-0159,2025-05-15 20:31:17,Smart Office & Furniture,Smart LED Desk Bar Lamp,3,49.58,148.74
INV-102634,CUST-0436,2025-05-15 21:09:01,Smart Office & Furniture,Ergonomic Lumbar Executive Chair,2,289.33,578.66
INV-101315,CUST-0437,2025-05-16 14:55:59,Smart Office & Furniture,Ergonomic Lumbar Executive Chair,3,275.51,826.53
INV-102586,CUST-0365,2025-05-16 15:17:20,Electronics & Audio,Noise-Cancelling Studio Pro Headphones,1,309.51,309.51
INV-103707,CUST-0127,2025-05-16 16:08:34,Smart Office & Furniture,Ergonomic Lumbar Executive Chair,2,265.61,531.22
INV-102586,CUST-0365,2025-05-16 16:42:22,Apparel & Lifestyle,Thermal Double-Wall Stainless Flask,4,36.87,147.48
INV-103788,CUST-0332,2025-05-16 17:13:01,Wearables & Fitness,Titanium GPS Smart Fitness Watch,2,245.95,491.9
INV-103707,CUST-0127,2025-05-16 18:08:03,Computer Accessories,Premium Aluminum Monitor Arm,2,59.21,118.42
INV-101315,CUST-0437,2025-05-16 18:09:37,Smart Office & Furniture,Smart LED Desk Bar Lamp,2,51.88,103.76
INV-102540,CUST-0018,2025-05-16 18:25:02,Computer Accessories,Custom Mechanical RGB Keyboard,1,152.59,152.59
INV-100689,CUST-0421,2025-05-16 19:23:52,Computer Accessories,Ergonomic Multi-Device Wireless Mouse,2,86.93,173.86
INV-103707,CUST-0127,2025-05-16 19:44:52,Smart Office & Furniture,Ergonomic Lumbar Executive Chair,2,257.05,514.1
INV-102586,CUST-0365,2025-05-16 20:16:26,Electronics & Audio,Noise-Cancelling Studio Pro Headphones,4,324.64,1298.56
INV-103860,CUST-0322,2025-05-17 08:11:14,Smart Office & Furniture,Motorized Standing Desk Frame,2,358.06,716.12
INV-103319,CUST-0323,2025-05-17 08:58:57,Computer Accessories,Premium Aluminum Monitor Arm,2,74.46,148.92
INV-103754,CUST-0167,2025-05-17 10:31:25,Specialty Gourmet,Single-Origin Espresso Bean Subscription (1kg),1,30.59,30.59
INV-103439,CUST-0362,2025-05-17 15:31:35,Smart Office & Furniture,Ergonomic Lumbar Executive Chair,5,335.14,1675.7
INV-103268,CUST-0260,2025-05-17 16:06:34,Electronics & Audio,Thunderbolt 4 Docking Station,6,227.84,1367.04
INV-100433,CUST-0355,2025-05-17 16:21:42,Smart Office & Furniture,Motorized Standing Desk Frame,2,419.67,839.34
INV-103818,CUST-0408,2025-05-17 16:52:50,Smart Office & Furniture,Motorized Standing Desk Frame,2,361.26,722.52
INV-100433,CUST-0355,2025-05-17 17:28:59,Electronics & Audio,Thunderbolt 4 Docking Station,2,209.02,418.04
INV-103818,CUST-0408,2025-05-17 20:59:42,Apparel & Lifestyle,Thermal Double-Wall Stainless Flask,1,33.39,33.39
INV-103818,CUST-0408,2025-05-17 21:48:26,Specialty Gourmet,Single-Origin Espresso Bean Subscription (1kg),2,31.37,62.74
INV-100292,CUST-0292,2025-05-17 22:10:32,Specialty Gourmet,Single-Origin Espresso Bean Subscription (1kg),1,34.35,34.35
INV-103754,CUST-0167,2025-05-17 22:31:03,Specialty Gourmet,Single-Origin Espresso Bean Subscription (1kg),2,30.32,60.64
INV-102859,CUST-0398,2025-05-18 11:05:31,Apparel & Lifestyle,Thermal Double-Wall Stainless Flask,2,36.36,72.72
INV-102935,CUST-0348,2025-05-18 12:40:04,Smart Office & Furniture,Motorized Standing Desk Frame,4,404.73,1618.92
INV-103249,CUST-0055,2025-05-18 15:14:17,Smart Office & Furniture,Smart LED Desk Bar Lamp,3,57.68,173.04
INV-101732,CUST-0075,2025-05-18 19:16:54,Smart Office & Furniture,Smart LED Desk Bar Lamp,1,49.04,49.04
INV-103453,CUST-0392,2025-05-18 22:30:23,Specialty Gourmet,Single-Origin Espresso Bean Subscription (1kg),3,39.37,118.11
INV-103249,CUST-0055,2025-05-18 22:53:43,Specialty Gourmet,Single-Origin Espresso Bean Subscription (1kg),4,38.22,152.88
INV-103811,CUST-0187,2025-05-19 12:36:44,Specialty Gourmet,Single-Origin Espresso Bean Subscription (1kg),2,30.99,61.98
INV-103811,CUST-0187,2025-05-19 12:59:46,Wearables & Fitness,Titanium GPS Smart Fitness Watch,2,235.83,471.66
INV-103414,CUST-0409,2025-05-19 13:56:02,Electronics & Audio,4K Curved Ultra-Wide Gaming Monitor,5,612.8,3064.0
INV-100193,CUST-0418,2025-05-19 14:01:14,Smart Office & Furniture,Smart LED Desk Bar Lamp,2,52.82,105.64
INV-100805,CUST-0263,2025-05-19 21:21:33,Smart Office & Furniture,Ergonomic Lumbar Executive Chair,3,310.55,931.65
INV-100865,CUST-0307,2025-05-19 21:42:30,Computer Accessories,Custom Mechanical RGB Keyboard,6,162.59,975.54
INV-100193,CUST-0418,2025-05-19 21:44:56,Apparel & Lifestyle,Thermal Double-Wall Stainless Flask,5,39.11,195.55
INV-100471,CUST-0146,2025-05-19 22:28:55,Computer Accessories,Custom Mechanical RGB Keyboard,2,159.26,318.52
INV-103704,CUST-0426,2025-05-20 13:12:20,Computer Accessories,Ergonomic Multi-Device Wireless Mouse,1,73.65,73.65
INV-103617,CUST-0079,2025-05-20 15:06:37,Specialty Gourmet,Single-Origin Espresso Bean Subscription (1kg),4,38.89,155.56
INV-102766,CUST-0231,2025-05-20 15:15:14,Apparel & Lifestyle,Full-Grain Leather Briefcase Sleeve,4,88.05,352.2
INV-102707,CUST-0417,2025-05-20 18:18:26,Apparel & Lifestyle,Full-Grain Leather Briefcase Sleeve,3,87.2,261.6
INV-102707,CUST-0417,2025-05-20 19:27:15,Smart Office & Furniture,Smart LED Desk Bar Lamp,5,51.77,258.85
INV-102707,CUST-0417,2025-05-20 20:06:25,Computer Accessories,Custom Mechanical RGB Keyboard,5,151.52,757.6
INV-101618,CUST-0216,2025-05-20 20:31:27,Smart Office & Furniture,Smart LED Desk Bar Lamp,1,51.52,51.52
INV-102717,CUST-0405,2025-05-21 09:39:26,Specialty Gourmet,Single-Origin Espresso Bean Subscription (1kg),3,34.31,102.93
INV-100213,CUST-0174,2025-05-21 11:17:34,Specialty Gourmet,Single-Origin Espresso Bean Subscription (1kg),1,35.03,35.03
INV-100213,CUST-0174,2025-05-21 11:36:54,Specialty Gourmet,Single-Origin Espresso Bean Subscription (1kg),6,34.48,206.88
INV-101385,CUST-0156,2025-05-21 12:45:35,Computer Accessories,Ergonomic Multi-Device Wireless Mouse,3,76.71,230.13
INV-103391,CUST-0387,2025-05-21 13:28:31,Computer Accessories,Ergonomic Multi-Device Wireless Mouse,6,95.16,570.96
INV-103391,CUST-0387,2025-05-21 13:38:56,Computer Accessories,Custom Mechanical RGB Keyboard,4,182.3,729.2
INV-100118,CUST-0007,2025-05-21 17:09:48,Apparel & Lifestyle,Thermal Double-Wall Stainless Flask,1,41.06,41.06
INV-103391,CUST-0387,2025-05-21 19:50:22,Specialty Gourmet,Single-Origin Espresso Bean Subscription (1kg),3,37.58,112.74
INV-102767,CUST-0231,2025-05-22 09:25:20,Computer Accessories,Ergonomic Multi-Device Wireless Mouse,4,86.54,346.16
INV-101640,CUST-0213,2025-05-22 11:50:54,Apparel & Lifestyle,Thermal Double-Wall Stainless Flask,4,36.88,147.52
INV-103021,CUST-0044,2025-05-22 12:36:15,Smart Office & Furniture,Motorized Standing Desk Frame,2,399.55,799.1
INV-103630,CUST-0057,2025-05-22 13:11:19,Wearables & Fitness,Titanium GPS Smart Fitness Watch,2,292.37,584.74
INV-101708,CUST-0232,2025-05-22 14:09:44,Specialty Gourmet,Single-Origin Espresso Bean Subscription (1kg),3,33.37,100.11
INV-103374,CUST-0223,2025-05-22 18:33:14,Computer Accessories,Ergonomic Multi-Device Wireless Mouse,2,93.22,186.44
INV-100359,CUST-0035,2025-05-22 19:58:48,Apparel & Lifestyle,Full-Grain Leather Briefcase Sleeve,3,94.17,282.51
INV-103789,CUST-0332,2025-05-22 22:23:27,Computer Accessories,Custom Mechanical RGB Keyboard,1,142.05,142.05
INV-103593,CUST-0410,2025-05-22 22:46:53,Electronics & Audio,Noise-Cancelling Studio Pro Headphones,6,357.98,2147.88
INV-102094,CUST-0159,2025-05-23 11:54:35,Computer Accessories,Custom Mechanical RGB Keyboard,4,152.02,608.08
INV-103861,CUST-0322,2025-05-23 13:32:01,Electronics & Audio,4K Curved Ultra-Wide Gaming Monitor,2,491.8,983.6
INV-103269,CUST-0260,2025-05-23 14:15:35,Electronics & Audio,Noise-Cancelling Studio Pro Headphones,5,364.49,1822.45
INV-100592,CUST-0089,2025-05-23 19:36:03,Computer Accessories,Ergonomic Multi-Device Wireless Mouse,3,85.27,255.81
INV-103187,CUST-0192,2025-05-24 08:29:38,Apparel & Lifestyle,Thermal Double-Wall Stainless Flask,3,36.78,110.34
INV-100967,CUST-0046,2025-05-24 08:42:47,Computer Accessories,Ergonomic Multi-Device Wireless Mouse,2,84.66,169.32
INV-103692,CUST-0205,2025-05-24 10:12:21,Specialty Gourmet,Single-Origin Espresso Bean Subscription (1kg),2,30.01,60.02
INV-102945,CUST-0085,2025-05-24 11:29:00,Wearables & Fitness,Heart Rate Performance Sensor Band,3,90.49,271.47
INV-102683,CUST-0320,2025-05-24 14:30:34,Computer Accessories,Ergonomic Multi-Device Wireless Mouse,1,82.22,82.22
INV-100967,CUST-0046,2025-05-24 15:17:58,Specialty Gourmet,Single-Origin Espresso Bean Subscription (1kg),3,34.93,104.79
INV-102693,CUST-0087,2025-05-24 18:47:39,Electronics & Audio,Thunderbolt 4 Docking Station,1,192.54,192.54
INV-102945,CUST-0085,2025-05-24 20:07:56,Apparel & Lifestyle,Thermal Double-Wall Stainless Flask,5,37.41,187.05
INV-102599,CUST-0019,2025-05-25 09:03:53,Apparel & Lifestyle,Thermal Double-Wall Stainless Flask,2,37.48,74.96
INV-100032,CUST-0282,2025-05-25 09:12:50,Smart Office & Furniture,Smart LED Desk Bar Lamp,3,55.03,165.09
INV-100921,CUST-0264,2025-05-25 09:22:30,Wearables & Fitness,Heart Rate Performance Sensor Band,2,101.24,202.48
INV-102599,CUST-0019,2025-05-25 10:00:06,Smart Office & Furniture,Ergonomic Lumbar Executive Chair,1,286.07,286.07
INV-100315,CUST-0243,2025-05-25 10:37:54,Smart Office & Furniture,Motorized Standing Desk Frame,5,410.12,2050.6
INV-103721,CUST-0330,2025-05-25 11:13:07,Computer Accessories,Ergonomic Multi-Device Wireless Mouse,1,78.65,78.65
INV-100921,CUST-0264,2025-05-25 14:43:53,Wearables & Fitness,Titanium GPS Smart Fitness Watch,2,271.2,542.4
INV-103741,CUST-0138,2025-05-25 16:00:19,Computer Accessories,Custom Mechanical RGB Keyboard,1,140.6,140.6
INV-103214,CUST-0425,2025-05-25 16:31:39,Specialty Gourmet,Single-Origin Espresso Bean Subscription (1kg),2,38.68,77.36
INV-100032,CUST-0282,2025-05-25 18:11:50,Apparel & Lifestyle,Full-Grain Leather Briefcase Sleeve,6,96.7,580.2
INV-103618,CUST-0079,2025-05-25 18:43:07,Apparel & Lifestyle,Full-Grain Leather Briefcase Sleeve,4,104.06,416.24
INV-100032,CUST-0282,2025-05-25 21:10:45,Wearables & Fitness,Heart Rate Performance Sensor Band,3,100.96,302.88
INV-102599,CUST-0019,2025-05-25 22:09:26,Apparel & Lifestyle,Thermal Double-Wall Stainless Flask,5,36.47,182.35
INV-101709,CUST-0232,2025-05-26 10:23:02,Specialty Gourmet,Single-Origin Espresso Bean Subscription (1kg),4,32.18,128.72
INV-100666,CUST-0204,2025-05-26 12:07:21,Wearables & Fitness,Titanium GPS Smart Fitness Watch,6,264.38,1586.28
INV-100511,CUST-0062,2025-05-26 12:09:10,Computer Accessories,Ergonomic Multi-Device Wireless Mouse,4,89.09,356.36
INV-100472,CUST-0146,2025-05-26 14:25:49,Wearables & Fitness,Heart Rate Performance Sensor Band,4,100.94,403.76
INV-102768,CUST-0231,2025-05-26 16:04:19,Smart Office & Furniture,Motorized Standing Desk Frame,2,396.39,792.78
INV-103007,CUST-0249,2025-05-26 16:12:00,Computer Accessories,Ergonomic Multi-Device Wireless Mouse,1,85.93,85.93
INV-100866,CUST-0307,2025-05-26 16:40:47,Electronics & Audio,Noise-Cancelling Studio Pro Headphones,5,328.64,1643.2
INV-103619,CUST-0079,2025-05-26 22:41:40,Smart Office & Furniture,Motorized Standing Desk Frame,5,457.47,2287.35
INV-103459,CUST-0059,2025-05-27 08:53:33,Smart Office & Furniture,Ergonomic Lumbar Executive Chair,5,337.05,1685.25
INV-102836,CUST-0183,2025-05-27 11:00:52,Specialty Gourmet,Single-Origin Espresso Bean Subscription (1kg),4,34.41,137.64
INV-101024,CUST-0423,2025-05-27 12:56:56,Smart Office & Furniture,Smart LED Desk Bar Lamp,4,55.02,220.08
INV-101024,CUST-0423,2025-05-27 13:05:43,Smart Office & Furniture,Ergonomic Lumbar Executive Chair,5,313.44,1567.2
INV-103516,CUST-0271,2025-05-27 14:42:39,Specialty Gourmet,Single-Origin Espresso Bean Subscription (1kg),5,38.58,192.9
INV-100033,CUST-0282,2025-05-27 17:23:29,Apparel & Lifestyle,Thermal Double-Wall Stainless Flask,1,39.16,39.16
INV-103459,CUST-0059,2025-05-27 20:05:51,Smart Office & Furniture,Smart LED Desk Bar Lamp,4,59.24,236.96
INV-102836,CUST-0183,2025-05-27 20:32:21,Smart Office & Furniture,Motorized Standing Desk Frame,2,383.25,766.5
INV-100667,CUST-0204,2025-05-27 21:27:36,Smart Office & Furniture,Smart LED Desk Bar Lamp,1,54.82,54.82
INV-101979,CUST-0140,2025-05-27 22:24:01,Smart Office & Furniture,Ergonomic Lumbar Executive Chair,1,276.53,276.53
INV-103400,CUST-0449,2025-05-28 08:30:15,Computer Accessories,Ergonomic Multi-Device Wireless Mouse,6,92.11,552.66
INV-103814,CUST-0326,2025-05-28 09:50:09,Smart Office & Furniture,Motorized Standing Desk Frame,1,357.41,357.41
INV-101945,CUST-0301,2025-05-28 09:58:10,Electronics & Audio,Thunderbolt 4 Docking Station,1,184.15,184.15
INV-103795,CUST-0137,2025-05-28 10:12:05,Electronics & Audio,Thunderbolt 4 Docking Station,1,173.14,173.14
INV-101945,CUST-0301,2025-05-28 12:14:47,Apparel & Lifestyle,Full-Grain Leather Briefcase Sleeve,1,82.99,82.99
INV-103795,CUST-0137,2025-05-28 16:58:20,Electronics & Audio,Noise-Cancelling Studio Pro Headphones,2,278.49,556.98
INV-102946,CUST-0085,2025-05-28 17:25:22,Wearables & Fitness,Titanium GPS Smart Fitness Watch,5,260.88,1304.4
INV-103814,CUST-0326,2025-05-28 18:30:25,Computer Accessories,Ergonomic Multi-Device Wireless Mouse,1,75.85,75.85
INV-101945,CUST-0301,2025-05-28 18:51:27,Computer Accessories,Ergonomic Multi-Device Wireless Mouse,3,82.15,246.45
INV-103819,CUST-0408,2025-05-28 19:37:05,Apparel & Lifestyle,Full-Grain Leather Briefcase Sleeve,2,83.91,167.82
INV-103795,CUST-0137,2025-05-28 20:44:54,Specialty Gourmet,Single-Origin Espresso Bean Subscription (1kg),1,31.37,31.37
INV-102946,CUST-0085,2025-05-28 22:23:26,Apparel & Lifestyle,Full-Grain Leather Briefcase Sleeve,3,88.26,264.78
INV-101234,CUST-0227,2025-05-29 08:50:14,Apparel & Lifestyle,Thermal Double-Wall Stainless Flask,4,35.16,140.64
INV-103055,CUST-0030,2025-05-29 09:13:05,Apparel & Lifestyle,Full-Grain Leather Briefcase Sleeve,4,89.1,356.4
INV-103055,CUST-0030,2025-05-29 09:32:43,Apparel & Lifestyle,Full-Grain Leather Briefcase Sleeve,2,92.24,184.48
INV-103517,CUST-0271,2025-05-29 12:22:31,Apparel & Lifestyle,Full-Grain Leather Briefcase Sleeve,6,103.37,620.22
INV-101710,CUST-0232,2025-05-29 20:10:13,Wearables & Fitness,Heart Rate Performance Sensor Band,4,86.21,344.84
INV-103055,CUST-0030,2025-05-29 22:55:55,Smart Office & Furniture,Smart LED Desk Bar Lamp,4,52.13,208.52
INV-100652,CUST-0241,2025-05-30 09:09:25,Smart Office & Furniture,Smart LED Desk Bar Lamp,6,55.77,334.62
INV-100652,CUST-0241,2025-05-30 09:47:59,Electronics & Audio,Thunderbolt 4 Docking Station,4,211.7,846.8
INV-102924,CUST-0308,2025-05-30 09:56:02,Wearables & Fitness,Titanium GPS Smart Fitness Watch,2,270.14,540.28
INV-100652,CUST-0241,2025-05-30 11:21:12,Smart Office & Furniture,Motorized Standing Desk Frame,2,403.44,806.88
INV-100156,CUST-0121,2025-05-30 13:55:52,Apparel & Lifestyle,Thermal Double-Wall Stainless Flask,1,39.44,39.44
INV-100729,CUST-0152,2025-05-30 14:56:45,Computer Accessories,Custom Mechanical RGB Keyboard,4,158.99,635.96
INV-103200,CUST-0397,2025-05-30 18:08:12,Wearables & Fitness,Titanium GPS Smart Fitness Watch,5,301.48,1507.4
INV-103200,CUST-0397,2025-05-30 18:58:00,Specialty Gourmet,Single-Origin Espresso Bean Subscription (1kg),4,39.65,158.6
INV-103415,CUST-0409,2025-05-30 19:28:02,Apparel & Lifestyle,Full-Grain Leather Briefcase Sleeve,4,100.92,403.68
INV-102625,CUST-0311,2025-05-30 20:48:05,Electronics & Audio,4K Curved Ultra-Wide Gaming Monitor,5,541.69,2708.45
INV-100806,CUST-0263,2025-05-31 08:58:02,Apparel & Lifestyle,Thermal Double-Wall Stainless Flask,5,38.41,192.05
INV-100806,CUST-0263,2025-05-31 09:40:28,Specialty Gourmet,Single-Origin Espresso Bean Subscription (1kg),5,35.57,177.85
INV-100400,CUST-0090,2025-05-31 10:33:53,Computer Accessories,Premium Aluminum Monitor Arm,4,71.67,286.68
INV-103069,CUST-0123,2025-05-31 10:38:37,Apparel & Lifestyle,Thermal Double-Wall Stainless Flask,5,38.53,192.65
INV-100157,CUST-0121,2025-05-31 11:13:51,Apparel & Lifestyle,Thermal Double-Wall Stainless Flask,1,40.47,40.47
INV-103069,CUST-0123,2025-05-31 12:07:50,Computer Accessories,Custom Mechanical RGB Keyboard,3,163.64,490.92
INV-100400,CUST-0090,2025-05-31 15:55:34,Apparel & Lifestyle,Full-Grain Leather Briefcase Sleeve,3,96.22,288.66
INV-101470,CUST-0281,2025-05-31 17:44:52,Computer Accessories,Premium Aluminum Monitor Arm,2,65.88,131.76
INV-100400,CUST-0090,2025-05-31 18:22:55,Computer Accessories,Custom Mechanical RGB Keyboard,2,158.77,317.54
INV-102095,CUST-0159,2025-06-01 09:14:49,Apparel & Lifestyle,Thermal Double-Wall Stainless Flask,1,37.12,37.12
INV-102095,CUST-0159,2025-06-01 11:36:53,Computer Accessories,Ergonomic Multi-Device Wireless Mouse,3,80.95,242.85
INV-103070,CUST-0123,2025-06-01 17:17:21,Computer Accessories,Premium Aluminum Monitor Arm,5,69.66,348.3
INV-102095,CUST-0159,2025-06-01 18:03:32,Wearables & Fitness,Heart Rate Performance Sensor Band,4,86.68,346.72
INV-103650,CUST-0047,2025-06-02 08:33:34,Computer Accessories,Premium Aluminum Monitor Arm,6,77.1,462.6
INV-103701,CUST-0135,2025-06-02 08:51:43,Apparel & Lifestyle,Thermal Double-Wall Stainless Flask,1,34.62,34.62
INV-102701,CUST-0342,2025-06-02 09:17:31,Computer Accessories,Custom Mechanical RGB Keyboard,3,158.28,474.84
INV-101991,CUST-0336,2025-06-02 09:31:33,Computer Accessories,Custom Mechanical RGB Keyboard,3,144.05,432.15
INV-100807,CUST-0263,2025-06-02 10:03:58,Specialty Gourmet,Single-Origin Espresso Bean Subscription (1kg),6,34.51,207.06
INV-100779,CUST-0352,2025-06-02 12:05:07,Electronics & Audio,Noise-Cancelling Studio Pro Headphones,5,325.17,1625.85
INV-103701,CUST-0135,2025-06-02 12:10:26,Specialty Gourmet,Single-Origin Espresso Bean Subscription (1kg),2,30.01,60.02
INV-102032,CUST-0015,2025-06-02 13:53:10,Electronics & Audio,Thunderbolt 4 Docking Station,1,183.3,183.3
INV-102701,CUST-0342,2025-06-02 14:23:52,Computer Accessories,Ergonomic Multi-Device Wireless Mouse,4,87.13,348.52
INV-102032,CUST-0015,2025-06-02 16:00:11,Specialty Gourmet,Single-Origin Espresso Bean Subscription (1kg),2,33.06,66.12
INV-103701,CUST-0135,2025-06-02 16:49:39,Smart Office & Furniture,Smart LED Desk Bar Lamp,2,49.36,98.72
INV-101991,CUST-0336,2025-06-02 17:20:56,Smart Office & Furniture,Ergonomic Lumbar Executive Chair,2,284.23,568.46
INV-100002,CUST-0038,2025-06-02 17:28:29,Computer Accessories,Custom Mechanical RGB Keyboard,2,163.24,326.48
INV-101650,CUST-0376,2025-06-02 17:35:18,Wearables & Fitness,Heart Rate Performance Sensor Band,4,92.3,369.2
INV-102769,CUST-0231,2025-06-02 18:01:32,Smart Office & Furniture,Smart LED Desk Bar Lamp,2,51.89,103.78
INV-101650,CUST-0376,2025-06-02 19:51:02,Electronics & Audio,Thunderbolt 4 Docking Station,2,188.51,377.02
INV-100002,CUST-0038,2025-06-02 20:50:30,Apparel & Lifestyle,Thermal Double-Wall Stainless Flask,2,39.0,78.0
INV-103650,CUST-0047,2025-06-02 21:19:26,Apparel & Lifestyle,Thermal Double-Wall Stainless Flask,2,42.2,84.4
INV-102546,CUST-0229,2025-06-02 22:24:33,Smart Office & Furniture,Smart LED Desk Bar Lamp,4,50.41,201.64
INV-101650,CUST-0376,2025-06-02 22:33:37,Computer Accessories,Custom Mechanical RGB Keyboard,3,150.36,451.08
INV-103881,CUST-0236,2025-06-03 11:56:24,Apparel & Lifestyle,Full-Grain Leather Briefcase Sleeve,1,80.67,80.67
INV-103631,CUST-0057,2025-06-03 13:22:36,Smart Office & Furniture,Ergonomic Lumbar Executive Chair,3,320.83,962.49
INV-101946,CUST-0301,2025-06-03 13:52:40,Computer Accessories,Custom Mechanical RGB Keyboard,1,149.52,149.52
INV-102651,CUST-0298,2025-06-03 14:46:54,Apparel & Lifestyle,Full-Grain Leather Briefcase Sleeve,2,91.53,183.06
INV-103270,CUST-0260,2025-06-03 16:46:22,Computer Accessories,Premium Aluminum Monitor Arm,6,77.23,463.38
INV-101946,CUST-0301,2025-06-03 19:24:55,Smart Office & Furniture,Ergonomic Lumbar Executive Chair,3,279.32,837.96
INV-103835,CUST-0117,2025-06-03 20:20:21,Specialty Gourmet,Single-Origin Espresso Bean Subscription (1kg),2,30.26,60.52
INV-103494,CUST-0284,2025-06-03 20:21:11,Smart Office & Furniture,Motorized Standing Desk Frame,6,463.38,2780.28
INV-102587,CUST-0365,2025-06-03 22:13:37,Wearables & Fitness,Heart Rate Performance Sensor Band,2,90.49,180.98
INV-103722,CUST-0330,2025-06-04 08:59:56,Computer Accessories,Custom Mechanical RGB Keyboard,2,139.8,279.6
INV-101025,CUST-0423,2025-06-04 10:36:25,Specialty Gourmet,Single-Origin Espresso Bean Subscription (1kg),1,35.15,35.15
INV-100473,CUST-0146,2025-06-04 14:39:47,Apparel & Lifestyle,Full-Grain Leather Briefcase Sleeve,4,95.15,380.6
INV-101025,CUST-0423,2025-06-04 16:00:09,Electronics & Audio,Noise-Cancelling Studio Pro Headphones,2,335.26,670.52
INV-102909,CUST-0386,2025-06-04 16:12:35,Electronics & Audio,Noise-Cancelling Studio Pro Headphones,3,314.89,944.67
INV-103755,CUST-0167,2025-06-04 16:28:41,Specialty Gourmet,Single-Origin Espresso Bean Subscription (1kg),2,31.46,62.92
INV-101376,CUST-0069,2025-06-04 16:59:21,Smart Office & Furniture,Ergonomic Lumbar Executive Chair,3,278.42,835.26
INV-102789,CUST-0096,2025-06-04 17:44:58,Specialty Gourmet,Single-Origin Espresso Bean Subscription (1kg),3,33.29,99.87
INV-103755,CUST-0167,2025-06-04 20:55:51,Wearables & Fitness,Heart Rate Performance Sensor Band,2,85.19,170.38
INV-101025,CUST-0423,2025-06-04 21:29:42,Electronics & Audio,Noise-Cancelling Studio Pro Headphones,1,322.68,322.68
INV-101733,CUST-0075,2025-06-04 22:15:33,Smart Office & Furniture,Smart LED Desk Bar Lamp,4,49.98,199.92
INV-103546,CUST-0196,2025-06-05 08:01:31,Wearables & Fitness,Heart Rate Performance Sensor Band,3,108.42,325.26
INV-103696,CUST-0220,2025-06-05 08:21:39,Computer Accessories,Ergonomic Multi-Device Wireless Mouse,2,78.45,156.9
INV-103696,CUST-0220,2025-06-05 09:32:17,Specialty Gourmet,Single-Origin Espresso Bean Subscription (1kg),1,30.11,30.11
INV-103546,CUST-0196,2025-06-05 10:49:15,Computer Accessories,Premium Aluminum Monitor Arm,3,79.64,238.92
INV-102522,CUST-0009,2025-06-05 12:17:54,Apparel & Lifestyle,Full-Grain Leather Briefcase Sleeve,3,91.76,275.28
INV-100668,CUST-0204,2025-06-05 17:01:20,Smart Office & Furniture,Motorized Standing Desk Frame,1,424.55,424.55
INV-100690,CUST-0421,2025-06-05 19:42:51,Wearables & Fitness,Heart Rate Performance Sensor Band,5,94.26,471.3
INV-100512,CUST-0062,2025-06-06 09:13:34,Electronics & Audio,Noise-Cancelling Studio Pro Headphones,5,331.56,1657.8
INV-100119,CUST-0007,2025-06-06 11:36:53,Apparel & Lifestyle,Thermal Double-Wall Stainless Flask,3,38.53,115.59
INV-100119,CUST-0007,2025-06-06 16:21:24,Specialty Gourmet,Single-Origin Espresso Bean Subscription (1kg),4,36.26,145.04
INV-103610,CUST-0412,2025-06-06 22:49:26,Apparel & Lifestyle,Thermal Double-Wall Stainless Flask,3,42.85,128.55
INV-102164,CUST-0297,2025-06-07 10:37:20,Apparel & Lifestyle,Thermal Double-Wall Stainless Flask,4,35.19,140.76
INV-102947,CUST-0085,2025-06-07 14:31:05,Apparel & Lifestyle,Thermal Double-Wall Stainless Flask,5,36.85,184.25
INV-101089,CUST-0176,2025-06-07 16:27:32,Computer Accessories,Premium Aluminum Monitor Arm,2,68.97,137.94
INV-102547,CUST-0229,2025-06-08 08:25:25,Computer Accessories,Ergonomic Multi-Device Wireless Mouse,1,83.18,83.18
INV-100494,CUST-0395,2025-06-08 10:39:36,Wearables & Fitness,Titanium GPS Smart Fitness Watch,5,270.7,1353.5
INV-103056,CUST-0030,2025-06-08 12:57:26,Electronics & Audio,Thunderbolt 4 Docking Station,5,196.97,984.85
INV-100422,CUST-0012,2025-06-09 10:28:18,Apparel & Lifestyle,Thermal Double-Wall Stainless Flask,2,38.23,76.46
INV-102652,CUST-0298,2025-06-09 11:08:39,Computer Accessories,Ergonomic Multi-Device Wireless Mouse,1,80.98,80.98
INV-101090,CUST-0176,2025-06-09 18:24:46,Smart Office & Furniture,Ergonomic Lumbar Executive Chair,3,292.77,878.31
INV-101947,CUST-0301,2025-06-10 09:42:35,Specialty Gourmet,Single-Origin Espresso Bean Subscription (1kg),2,32.01,64.02
INV-103160,CUST-0277,2025-06-10 10:01:04,Electronics & Audio,4K Curved Ultra-Wide Gaming Monitor,4,531.11,2124.44
INV-102165,CUST-0297,2025-06-10 11:29:42,Wearables & Fitness,Heart Rate Performance Sensor Band,4,87.1,348.4
INV-101787,CUST-0178,2025-06-10 15:56:08,Computer Accessories,Ergonomic Multi-Device Wireless Mouse,2,77.08,154.16
INV-102548,CUST-0229,2025-06-10 19:33:56,Apparel & Lifestyle,Thermal Double-Wall Stainless Flask,3,36.42,109.26
INV-103271,CUST-0260,2025-06-10 22:38:02,Apparel & Lifestyle,Thermal Double-Wall Stainless Flask,4,44.7,178.8
INV-101574,CUST-0440,2025-06-11 08:12:42,Smart Office & Furniture,Motorized Standing Desk Frame,3,388.53,1165.59
INV-101661,CUST-0218,2025-06-11 12:50:05,Smart Office & Furniture,Smart LED Desk Bar Lamp,4,50.66,202.64
INV-102790,CUST-0096,2025-06-11 14:26:45,Electronics & Audio,4K Curved Ultra-Wide Gaming Monitor,4,543.82,2175.28
INV-103547,CUST-0196,2025-06-11 20:01:37,Wearables & Fitness,Heart Rate Performance Sensor Band,6,109.52,657.12
INV-103044,CUST-0124,2025-06-12 08:17:46,Wearables & Fitness,Heart Rate Performance Sensor Band,5,93.35,466.75
INV-103416,CUST-0409,2025-06-12 09:12:26,Electronics & Audio,Thunderbolt 4 Docking Station,2,226.86,453.72
INV-101283,CUST-0343,2025-06-12 10:47:16,Smart Office & Furniture,Smart LED Desk Bar Lamp,4,49.59,198.36
INV-101843,CUST-0255,2025-06-12 11:53:04,Specialty Gourmet,Single-Origin Espresso Bean Subscription (1kg),1,33.12,33.12
INV-103518,CUST-0271,2025-06-12 13:01:57,Computer Accessories,Premium Aluminum Monitor Arm,6,76.6,459.6
INV-103365,CUST-0081,2025-06-12 16:08:32,Computer Accessories,Custom Mechanical RGB Keyboard,4,187.1,748.4
INV-100691,CUST-0421,2025-06-12 18:44:23,Wearables & Fitness,Heart Rate Performance Sensor Band,5,97.0,485.0
INV-101283,CUST-0343,2025-06-12 18:47:19,Electronics & Audio,Thunderbolt 4 Docking Station,1,187.04,187.04
INV-101843,CUST-0255,2025-06-12 20:52:11,Computer Accessories,Ergonomic Multi-Device Wireless Mouse,1,80.07,80.07
INV-100691,CUST-0421,2025-06-12 21:15:54,Apparel & Lifestyle,Thermal Double-Wall Stainless Flask,6,38.4,230.4
INV-100691,CUST-0421,2025-06-12 22:25:59,Computer Accessories,Ergonomic Multi-Device Wireless Mouse,4,87.11,348.44
INV-103416,CUST-0409,2025-06-12 22:50:23,Electronics & Audio,Noise-Cancelling Studio Pro Headphones,4,353.23,1412.92
INV-101628,CUST-0067,2025-06-12 22:56:03,Smart Office & Furniture,Ergonomic Lumbar Executive Chair,1,281.05,281.05
INV-102999,CUST-0439,2025-06-13 08:53:39,Apparel & Lifestyle,Thermal Double-Wall Stainless Flask,2,38.13,76.26
INV-102635,CUST-0436,2025-06-13 09:11:07,Computer Accessories,Premium Aluminum Monitor Arm,5,67.18,335.9
INV-100003,CUST-0038,2025-06-13 12:03:41,Smart Office & Furniture,Smart LED Desk Bar Lamp,5,53.4,267.0
INV-103851,CUST-0296,2025-06-13 14:45:13,Apparel & Lifestyle,Full-Grain Leather Briefcase Sleeve,2,83.33,166.66
INV-103851,CUST-0296,2025-06-13 18:37:44,Smart Office & Furniture,Smart LED Desk Bar Lamp,1,48.84,48.84
INV-103454,CUST-0392,2025-06-13 18:42:55,Apparel & Lifestyle,Thermal Double-Wall Stainless Flask,5,43.8,219.0
INV-100120,CUST-0007,2025-06-13 19:22:03,Electronics & Audio,Thunderbolt 4 Docking Station,6,201.42,1208.52
INV-100120,CUST-0007,2025-06-13 21:04:21,Specialty Gourmet,Single-Origin Espresso Bean Subscription (1kg),1,35.57,35.57
INV-100003,CUST-0038,2025-06-13 21:12:51,Apparel & Lifestyle,Thermal Double-Wall Stainless Flask,4,41.08,164.32
INV-102635,CUST-0436,2025-06-13 21:21:47,Electronics & Audio,Thunderbolt 4 Docking Station,5,191.46,957.3
INV-103454,CUST-0392,2025-06-13 21:38:27,Smart Office & Furniture,Ergonomic Lumbar Executive Chair,4,333.7,1334.8
INV-102708,CUST-0417,2025-06-14 09:26:06,Wearables & Fitness,Titanium GPS Smart Fitness Watch,5,267.46,1337.3
INV-101948,CUST-0301,2025-06-14 14:16:19,Computer Accessories,Ergonomic Multi-Device Wireless Mouse,1,81.02,81.02
INV-100653,CUST-0241,2025-06-14 14:46:31,Specialty Gourmet,Single-Origin Espresso Bean Subscription (1kg),1,34.99,34.99
INV-103341,CUST-0370,2025-06-14 15:08:12,Computer Accessories,Premium Aluminum Monitor Arm,6,79.58,477.48
INV-102708,CUST-0417,2025-06-14 17:38:48,Electronics & Audio,Thunderbolt 4 Docking Station,5,201.19,1005.95
INV-103638,CUST-0025,2025-06-14 19:46:01,Computer Accessories,Ergonomic Multi-Device Wireless Mouse,6,95.35,572.1
INV-103340,CUST-0370,2025-06-14 20:12:33,Apparel & Lifestyle,Full-Grain Leather Briefcase Sleeve,6,99.06,594.36
INV-101948,CUST-0301,2025-06-14 20:17:03,Computer Accessories,Custom Mechanical RGB Keyboard,3,148.33,444.99
INV-103341,CUST-0370,2025-06-14 20:43:43,Wearables & Fitness,Heart Rate Performance Sensor Band,6,107.86,647.16
INV-103215,CUST-0425,2025-06-14 22:17:25,Apparel & Lifestyle,Thermal Double-Wall Stainless Flask,2,41.66,83.32
INV-103440,CUST-0362,2025-06-15 08:27:05,Smart Office & Furniture,Ergonomic Lumbar Executive Chair,5,337.27,1686.35
INV-100360,CUST-0035,2025-06-15 11:58:54,Wearables & Fitness,Titanium GPS Smart Fitness Watch,3,273.4,820.2
INV-103639,CUST-0025,2025-06-15 12:59:48,Computer Accessories,Custom Mechanical RGB Keyboard,3,178.74,536.22
INV-103705,CUST-0426,2025-06-15 13:02:15,Specialty Gourmet,Single-Origin Espresso Bean Subscription (1kg),1,31.01,31.01
INV-103440,CUST-0362,2025-06-15 13:30:29,Computer Accessories,Ergonomic Multi-Device Wireless Mouse,6,94.14,564.84
INV-102665,CUST-0142,2025-06-15 14:24:28,Electronics & Audio,Thunderbolt 4 Docking Station,5,205.19,1025.95
INV-103140,CUST-0001,2025-06-15 14:43:15,Apparel & Lifestyle,Thermal Double-Wall Stainless Flask,5,37.57,187.85
INV-103639,CUST-0025,2025-06-15 16:56:36,Apparel & Lifestyle,Thermal Double-Wall Stainless Flask,5,44.15,220.75
INV-103170,CUST-0083,2025-06-15 17:28:43,Apparel & Lifestyle,Thermal Double-Wall Stainless Flask,1,38.42,38.42
INV-101980,CUST-0140,2025-06-15 18:33:36,Electronics & Audio,Noise-Cancelling Studio Pro Headphones,3,298.9,896.7
INV-102665,CUST-0142,2025-06-15 19:01:36,Apparel & Lifestyle,Thermal Double-Wall Stainless Flask,3,39.22,117.66
INV-103495,CUST-0284,2025-06-15 19:15:09,Smart Office & Furniture,Smart LED Desk Bar Lamp,5,62.3,311.5
INV-103140,CUST-0001,2025-06-15 20:50:59,Computer Accessories,Premium Aluminum Monitor Arm,2,68.62,137.24
INV-102665,CUST-0142,2025-06-15 21:11:07,Electronics & Audio,Noise-Cancelling Studio Pro Headphones,5,312.08,1560.4
INV-100360,CUST-0035,2025-06-15 22:34:26,Smart Office & Furniture,Motorized Standing Desk Frame,1,410.75,410.75
INV-101980,CUST-0140,2025-06-15 22:44:48,Computer Accessories,Custom Mechanical RGB Keyboard,1,145.58,145.58
INV-102917,CUST-0247,2025-06-16 08:45:21,Wearables & Fitness,Titanium GPS Smart Fitness Watch,1,257.49,257.49
INV-103820,CUST-0408,2025-06-16 09:30:05,Smart Office & Furniture,Motorized Standing Desk Frame,1,355.04,355.04
INV-101949,CUST-0301,2025-06-16 10:55:12,Computer Accessories,Ergonomic Multi-Device Wireless Mouse,4,78.87,315.48
INV-103392,CUST-0387,2025-06-16 11:50:28,Specialty Gourmet,Single-Origin Espresso Bean Subscription (1kg),2,37.77,75.54
INV-100018,CUST-0042,2025-06-16 13:55:49,Computer Accessories,Ergonomic Multi-Device Wireless Mouse,6,85.72,514.32
INV-103680,CUST-0261,2025-06-16 14:27:38,Computer Accessories,Ergonomic Multi-Device Wireless Mouse,5,94.06,470.3
INV-102917,CUST-0247,2025-06-16 14:47:31,Computer Accessories,Custom Mechanical RGB Keyboard,3,163.16,489.48
INV-103729,CUST-0337,2025-06-16 19:49:23,Computer Accessories,Custom Mechanical RGB Keyboard,1,147.12,147.12
INV-103680,CUST-0261,2025-06-16 21:08:44,Apparel & Lifestyle,Thermal Double-Wall Stainless Flask,6,41.59,249.54
INV-101680,CUST-0011,2025-06-17 08:43:33,Electronics & Audio,Thunderbolt 4 Docking Station,2,196.92,393.84
INV-103417,CUST-0409,2025-06-17 10:06:35,Apparel & Lifestyle,Thermal Double-Wall Stainless Flask,5,41.86,209.3
INV-103519,CUST-0271,2025-06-17 14:08:36,Specialty Gourmet,Single-Origin Espresso Bean Subscription (1kg),3,39.59,118.77
INV-103000,CUST-0439,2025-06-17 18:11:32,Computer Accessories,Ergonomic Multi-Device Wireless Mouse,1,83.08,83.08
INV-101680,CUST-0011,2025-06-17 19:49:53,Apparel & Lifestyle,Full-Grain Leather Briefcase Sleeve,3,85.52,256.56
INV-103000,CUST-0439,2025-06-17 21:09:18,Apparel & Lifestyle,Thermal Double-Wall Stainless Flask,3,38.26,114.78
INV-102958,CUST-0244,2025-06-18 08:24:21,Computer Accessories,Custom Mechanical RGB Keyboard,2,157.27,314.54
INV-103084,CUST-0318,2025-06-18 09:57:24,Wearables & Fitness,Titanium GPS Smart Fitness Watch,3,255.26,765.78
INV-101394,CUST-0325,2025-06-18 12:53:46,Apparel & Lifestyle,Thermal Double-Wall Stainless Flask,1,37.05,37.05
INV-103084,CUST-0318,2025-06-18 13:27:51,Computer Accessories,Ergonomic Multi-Device Wireless Mouse,3,84.75,254.25
INV-101394,CUST-0325,2025-06-18 14:26:03,Computer Accessories,Ergonomic Multi-Device Wireless Mouse,4,82.05,328.2
INV-103706,CUST-0426,2025-06-18 15:10:00,Computer Accessories,Premium Aluminum Monitor Arm,1,61.33,61.33
INV-103104,CUST-0010,2025-06-18 15:33:38,Apparel & Lifestyle,Thermal Double-Wall Stainless Flask,1,38.14,38.14
INV-103084,CUST-0318,2025-06-18 16:31:33,Computer Accessories,Premium Aluminum Monitor Arm,2,66.21,132.42
INV-100004,CUST-0038,2025-06-18 16:54:07,Computer Accessories,Premium Aluminum Monitor Arm,1,72.15,72.15
INV-100214,CUST-0174,2025-06-18 17:20:51,Computer Accessories,Premium Aluminum Monitor Arm,2,69.11,138.22
INV-100214,CUST-0174,2025-06-18 17:36:09,Specialty Gourmet,Single-Origin Espresso Bean Subscription (1kg),6,36.32,217.92
INV-102948,CUST-0085,2025-06-18 18:32:32,Smart Office & Furniture,Ergonomic Lumbar Executive Chair,1,293.1,293.1
INV-103104,CUST-0010,2025-06-18 19:00:58,Smart Office & Furniture,Motorized Standing Desk Frame,4,390.62,1562.48
INV-102958,CUST-0244,2025-06-18 19:38:07,Wearables & Fitness,Titanium GPS Smart Fitness Watch,2,267.3,534.6
INV-100513,CUST-0062,2025-06-18 20:18:36,Computer Accessories,Ergonomic Multi-Device Wireless Mouse,2,91.01,182.02
INV-102837,CUST-0183,2025-06-18 20:24:27,Specialty Gourmet,Single-Origin Espresso Bean Subscription (1kg),4,33.25,133.0
INV-101026,CUST-0423,2025-06-18 21:29:06,Smart Office & Furniture,Ergonomic Lumbar Executive Chair,6,303.35,1820.1
INV-101316,CUST-0437,2025-06-18 22:24:00,Computer Accessories,Custom Mechanical RGB Keyboard,4,146.09,584.36
INV-100214,CUST-0174,2025-06-18 22:37:01,Specialty Gourmet,Single-Origin Espresso Bean Subscription (1kg),6,36.32,217.92
INV-102959,CUST-0244,2025-06-19 08:24:47,Computer Accessories,Ergonomic Multi-Device Wireless Mouse,1,86.63,86.63
INV-100593,CUST-0089,2025-06-19 10:48:21,Electronics & Audio,Thunderbolt 4 Docking Station,4,207.76,831.04
INV-103272,CUST-0260,2025-06-19 16:02:00,Wearables & Fitness,Heart Rate Performance Sensor Band,5,106.62,533.1
INV-103272,CUST-0260,2025-06-19 16:48:10,Wearables & Fitness,Heart Rate Performance Sensor Band,5,109.01,545.05
INV-103640,CUST-0025,2025-06-19 17:23:40,Computer Accessories,Custom Mechanical RGB Keyboard,5,180.19,900.95
INV-103272,CUST-0260,2025-06-19 19:31:10,Computer Accessories,Premium Aluminum Monitor Arm,5,80.18,400.9
INV-103548,CUST-0196,2025-06-20 16:26:12,Specialty Gourmet,Single-Origin Espresso Bean Subscription (1kg),4,39.49,157.96
INV-103119,CUST-0251,2025-06-20 17:32:04,Specialty Gourmet,Single-Origin Espresso Bean Subscription (1kg),5,35.32,176.6
INV-103756,CUST-0167,2025-06-20 19:05:22,Computer Accessories,Premium Aluminum Monitor Arm,2,63.59,127.18
INV-103756,CUST-0167,2025-06-20 20:47:15,Computer Accessories,Ergonomic Multi-Device Wireless Mouse,2,77.98,155.96
INV-101830,CUST-0304,2025-06-20 21:08:48,Smart Office & Furniture,Ergonomic Lumbar Executive Chair,1,277.31,277.31
INV-101605,CUST-0209,2025-06-21 10:34:59,Smart Office & Furniture,Ergonomic Lumbar Executive Chair,3,279.91,839.73
INV-101776,CUST-0197,2025-06-21 12:05:50,Computer Accessories,Premium Aluminum Monitor Arm,2,64.16,128.32
INV-101776,CUST-0197,2025-06-21 13:26:40,Apparel & Lifestyle,Full-Grain Leather Briefcase Sleeve,4,85.5,342.0
INV-100712,CUST-0157,2025-06-21 13:45:35,Specialty Gourmet,Single-Origin Espresso Bean Subscription (1kg),4,34.44,137.76
INV-103297,CUST-0257,2025-06-21 16:34:53,Specialty Gourmet,Single-Origin Espresso Bean Subscription (1kg),6,37.91,227.46
INV-103520,CUST-0271,2025-06-21 17:22:10,Electronics & Audio,Thunderbolt 4 Docking Station,2,228.48,456.96
INV-103520,CUST-0271,2025-06-21 22:53:18,Electronics & Audio,4K Curved Ultra-Wide Gaming Monitor,6,592.31,3553.86
INV-103171,CUST-0083,2025-06-22 09:12:25,Smart Office & Furniture,Smart LED Desk Bar Lamp,3,52.74,158.22
INV-100329,CUST-0144,2025-06-22 10:47:25,Computer Accessories,Premium Aluminum Monitor Arm,2,71.14,142.28
INV-102860,CUST-0398,2025-06-22 12:54:56,Computer Accessories,Premium Aluminum Monitor Arm,4,67.93,271.72
INV-102860,CUST-0398,2025-06-22 16:09:19,Apparel & Lifestyle,Thermal Double-Wall Stainless Flask,3,36.73,110.19
INV-100867,CUST-0307,2025-06-22 17:48:57,Wearables & Fitness,Titanium GPS Smart Fitness Watch,1,268.04,268.04
INV-100329,CUST-0144,2025-06-22 18:09:19,Apparel & Lifestyle,Thermal Double-Wall Stainless Flask,5,38.95,194.75
INV-103320,CUST-0323,2025-06-22 20:55:14,Smart Office & Furniture,Ergonomic Lumbar Executive Chair,2,328.54,657.08
INV-100329,CUST-0144,2025-06-22 20:55:46,Electronics & Audio,Noise-Cancelling Studio Pro Headphones,6,340.2,2041.2
INV-103732,CUST-0291,2025-06-23 10:16:11,Apparel & Lifestyle,Full-Grain Leather Briefcase Sleeve,2,79.79,159.58
INV-103343,CUST-0370,2025-06-23 11:40:26,Specialty Gourmet,Single-Origin Espresso Bean Subscription (1kg),5,40.4,202.0
INV-103342,CUST-0370,2025-06-23 12:33:07,Computer Accessories,Custom Mechanical RGB Keyboard,2,176.59,353.18
INV-103862,CUST-0322,2025-06-23 13:09:26,Electronics & Audio,Thunderbolt 4 Docking Station,2,177.52,355.04
INV-102890,CUST-0349,2025-06-23 14:08:16,Computer Accessories,Custom Mechanical RGB Keyboard,4,159.39,637.56
INV-103732,CUST-0291,2025-06-23 14:47:15,Wearables & Fitness,Titanium GPS Smart Fitness Watch,1,227.64,227.64
INV-101415,CUST-0279,2025-06-23 16:41:03,Specialty Gourmet,Single-Origin Espresso Bean Subscription (1kg),1,32.66,32.66
INV-103732,CUST-0291,2025-06-23 16:42:19,Smart Office & Furniture,Smart LED Desk Bar Lamp,1,46.02,46.02
INV-102890,CUST-0349,2025-06-23 20:11:57,Smart Office & Furniture,Smart LED Desk Bar Lamp,2,53.8,107.6
INV-103401,CUST-0449,2025-06-23 21:50:46,Computer Accessories,Ergonomic Multi-Device Wireless Mouse,6,99.56,597.36
INV-103815,CUST-0326,2025-06-24 09:44:40,Apparel & Lifestyle,Thermal Double-Wall Stainless Flask,2,35.07,70.14
INV-101690,CUST-0246,2025-06-24 09:56:18,Smart Office & Furniture,Ergonomic Lumbar Executive Chair,3,268.48,805.44
INV-103344,CUST-0370,2025-06-24 10:08:04,Specialty Gourmet,Single-Origin Espresso Bean Subscription (1kg),5,37.66,188.3
INV-103141,CUST-0001,2025-06-24 11:23:56,Computer Accessories,Custom Mechanical RGB Keyboard,4,157.32,629.28
INV-100401,CUST-0090,2025-06-24 12:58:22,Specialty Gourmet,Single-Origin Espresso Bean Subscription (1kg),6,36.15,216.9
INV-103641,CUST-0025,2025-06-24 12:58:49,Specialty Gourmet,Single-Origin Espresso Bean Subscription (1kg),2,40.31,80.62
INV-103642,CUST-0025,2025-06-24 14:27:36,Apparel & Lifestyle,Full-Grain Leather Briefcase Sleeve,3,103.76,311.28
INV-103641,CUST-0025,2025-06-24 16:06:00,Apparel & Lifestyle,Thermal Double-Wall Stainless Flask,4,43.68,174.72
INV-103641,CUST-0025,2025-06-24 17:12:31,Electronics & Audio,4K Curved Ultra-Wide Gaming Monitor,6,606.99,3641.94
INV-100401,CUST-0090,2025-06-24 17:27:33,Electronics & Audio,Thunderbolt 4 Docking Station,6,210.72,1264.32
INV-100401,CUST-0090,2025-06-24 17:29:40,Smart Office & Furniture,Smart LED Desk Bar Lamp,5,53.57,267.85
INV-103418,CUST-0409,2025-06-24 18:09:30,Specialty Gourmet,Single-Origin Espresso Bean Subscription (1kg),6,37.73,226.38
INV-101641,CUST-0213,2025-06-24 19:09:02,Computer Accessories,Ergonomic Multi-Device Wireless Mouse,2,79.65,159.3
INV-102608,CUST-0289,2025-06-24 20:55:17,Smart Office & Furniture,Smart LED Desk Bar Lamp,1,54.52,54.52
INV-103344,CUST-0370,2025-06-24 22:08:01,Specialty Gourmet,Single-Origin Espresso Bean Subscription (1kg),6,39.15,234.9
INV-103172,CUST-0083,2025-06-25 09:21:59,Electronics & Audio,Thunderbolt 4 Docking Station,4,195.43,781.72
INV-103172,CUST-0083,2025-06-25 11:40:57,Computer Accessories,Premium Aluminum Monitor Arm,2,65.38,130.76
INV-103496,CUST-0284,2025-06-25 11:53:17,Specialty Gourmet,Single-Origin Espresso Bean Subscription (1kg),5,38.84,194.2
INV-103460,CUST-0059,2025-06-25 12:17:37,Wearables & Fitness,Heart Rate Performance Sensor Band,6,106.88,641.28
INV-103731,CUST-0341,2025-06-25 12:41:58,Specialty Gourmet,Single-Origin Espresso Bean Subscription (1kg),1,30.09,30.09
INV-101883,CUST-0321,2025-06-25 14:33:02,Apparel & Lifestyle,Full-Grain Leather Briefcase Sleeve,1,84.93,84.93
INV-103345,CUST-0370,2025-06-25 14:52:18,Apparel & Lifestyle,Full-Grain Leather Briefcase Sleeve,6,103.85,623.1
INV-102523,CUST-0009,2025-06-25 15:27:01,Smart Office & Furniture,Smart LED Desk Bar Lamp,1,53.66,53.66
INV-103731,CUST-0341,2025-06-25 16:22:14,Computer Accessories,Premium Aluminum Monitor Arm,1,63.17,63.17
INV-101681,CUST-0011,2025-06-25 17:42:24,Smart Office & Furniture,Smart LED Desk Bar Lamp,1,49.71,49.71
INV-103460,CUST-0059,2025-06-25 17:46:25,Computer Accessories,Ergonomic Multi-Device Wireless Mouse,4,96.04,384.16
INV-103172,CUST-0083,2025-06-25 20:55:21,Specialty Gourmet,Single-Origin Espresso Bean Subscription (1kg),4,34.75,139.0
INV-103733,CUST-0291,2025-06-26 08:19:35,Wearables & Fitness,Heart Rate Performance Sensor Band,2,86.29,172.58
INV-100922,CUST-0264,2025-06-26 17:27:09,Electronics & Audio,Noise-Cancelling Studio Pro Headphones,5,333.95,1669.75
INV-100361,CUST-0035,2025-06-26 17:33:07,Electronics & Audio,Noise-Cancelling Studio Pro Headphones,6,337.63,2025.78
INV-102918,CUST-0247,2025-06-26 19:46:26,Apparel & Lifestyle,Thermal Double-Wall Stainless Flask,2,39.05,78.1
INV-102918,CUST-0247,2025-06-26 20:06:11,Smart Office & Furniture,Smart LED Desk Bar Lamp,4,51.35,205.4
INV-101298,CUST-0353,2025-06-26 21:11:25,Smart Office & Furniture,Ergonomic Lumbar Executive Chair,4,267.45,1069.8
INV-103419,CUST-0409,2025-06-27 13:01:28,Apparel & Lifestyle,Full-Grain Leather Briefcase Sleeve,2,104.8,209.6
INV-102684,CUST-0320,2025-06-27 16:04:35,Wearables & Fitness,Heart Rate Performance Sensor Band,1,93.34,93.34
INV-103734,CUST-0291,2025-06-27 16:06:05,Specialty Gourmet,Single-Origin Espresso Bean Subscription (1kg),2,31.19,62.38
INV-100005,CUST-0038,2025-06-27 16:09:53,Apparel & Lifestyle,Full-Grain Leather Briefcase Sleeve,3,93.12,279.36
INV-103734,CUST-0291,2025-06-27 17:22:59,Apparel & Lifestyle,Thermal Double-Wall Stainless Flask,2,34.82,69.64
INV-100380,CUST-0160,2025-06-27 18:31:39,Electronics & Audio,Thunderbolt 4 Docking Station,1,211.38,211.38
INV-103796,CUST-0137,2025-06-27 21:07:50,Smart Office & Furniture,Smart LED Desk Bar Lamp,1,46.73,46.73
INV-101471,CUST-0281,2025-06-28 08:31:42,Smart Office & Furniture,Ergonomic Lumbar Executive Chair,2,273.84,547.68
INV-103366,CUST-0081,2025-06-28 08:56:30,Specialty Gourmet,Single-Origin Espresso Bean Subscription (1kg),3,39.93,119.79
INV-100158,CUST-0121,2025-06-28 10:39:08,Wearables & Fitness,Heart Rate Performance Sensor Band,5,98.94,494.7
INV-103643,CUST-0025,2025-06-28 11:34:28,Computer Accessories,Ergonomic Multi-Device Wireless Mouse,3,97.33,291.99
INV-103643,CUST-0025,2025-06-28 19:49:50,Smart Office & Furniture,Smart LED Desk Bar Lamp,6,61.82,370.92
INV-100158,CUST-0121,2025-06-28 20:03:36,Apparel & Lifestyle,Thermal Double-Wall Stainless Flask,2,40.59,81.18
INV-100121,CUST-0007,2025-06-28 20:20:01,Wearables & Fitness,Titanium GPS Smart Fitness Watch,5,271.64,1358.2
INV-103507,CUST-0129,2025-06-29 09:44:10,Computer Accessories,Custom Mechanical RGB Keyboard,3,181.77,545.31
INV-103250,CUST-0055,2025-06-29 09:54:11,Computer Accessories,Custom Mechanical RGB Keyboard,3,178.88,536.64
INV-102653,CUST-0298,2025-06-29 11:55:07,Computer Accessories,Custom Mechanical RGB Keyboard,4,157.57,630.28
INV-100423,CUST-0012,2025-06-29 13:49:39,Smart Office & Furniture,Ergonomic Lumbar Executive Chair,1,305.4,305.4
INV-102104,CUST-0371,2025-06-29 14:22:15,Smart Office & Furniture,Ergonomic Lumbar Executive Chair,4,278.27,1113.08
INV-103863,CUST-0151,2025-06-29 14:40:57,Electronics & Audio,Thunderbolt 4 Docking Station,1,182.54,182.54
INV-102104,CUST-0371,2025-06-29 18:36:57,Computer Accessories,Premium Aluminum Monitor Arm,2,66.77,133.54
INV-100423,CUST-0012,2025-06-29 19:11:56,Smart Office & Furniture,Smart LED Desk Bar Lamp,6,55.02,330.12
INV-103287,CUST-0092,2025-06-29 19:17:06,Specialty Gourmet,Single-Origin Espresso Bean Subscription (1kg),2,38.97,77.94
INV-103085,CUST-0318,2025-06-29 19:58:39,Smart Office & Furniture,Smart LED Desk Bar Lamp,4,51.85,207.4
INV-100794,CUST-0202,2025-06-29 20:51:44,Wearables & Fitness,Titanium GPS Smart Fitness Watch,4,266.83,1067.32
INV-103561,CUST-0198,2025-06-29 22:04:04,Apparel & Lifestyle,Full-Grain Leather Briefcase Sleeve,3,103.66,310.98
INV-103105,CUST-0010,2025-06-30 08:53:07,Wearables & Fitness,Titanium GPS Smart Fitness Watch,5,268.1,1340.5
INV-102838,CUST-0183,2025-06-30 09:40:23,Apparel & Lifestyle,Thermal Double-Wall Stainless Flask,2,37.06,74.12
INV-103455,CUST-0392,2025-06-30 12:53:48,Apparel & Lifestyle,Thermal Double-Wall Stainless Flask,5,44.06,220.3
INV-101043,CUST-0364,2025-06-30 14:13:14,Apparel & Lifestyle,Thermal Double-Wall Stainless Flask,6,38.93,233.58
INV-100944,CUST-0022,2025-06-30 15:22:51,Wearables & Fitness,Titanium GPS Smart Fitness Watch,6,272.98,1637.88
INV-103105,CUST-0010,2025-06-30 21:02:05,Computer Accessories,Custom Mechanical RGB Keyboard,4,161.07,644.28
INV-103346,CUST-0370,2025-07-01 10:12:26,Computer Accessories,Premium Aluminum Monitor Arm,3,79.43,238.29
INV-103173,CUST-0083,2025-07-01 10:55:53,Computer Accessories,Custom Mechanical RGB Keyboard,3,157.67,473.01
INV-100034,CUST-0282,2025-07-01 14:45:46,Smart Office & Furniture,Smart LED Desk Bar Lamp,1,53.08,53.08
INV-100669,CUST-0204,2025-07-01 15:06:44,Computer Accessories,Premium Aluminum Monitor Arm,5,68.67,343.35
INV-103173,CUST-0083,2025-07-01 15:23:50,Electronics & Audio,Noise-Cancelling Studio Pro Headphones,5,320.23,1601.15
INV-101284,CUST-0343,2025-07-01 17:32:34,Electronics & Audio,4K Curved Ultra-Wide Gaming Monitor,3,518.76,1556.28
INV-103651,CUST-0047,2025-07-01 17:51:03,Computer Accessories,Premium Aluminum Monitor Arm,2,79.91,159.82
INV-101284,CUST-0343,2025-07-01 20:12:36,Apparel & Lifestyle,Full-Grain Leather Briefcase Sleeve,4,88.16,352.64
INV-100034,CUST-0282,2025-07-01 20:26:52,Wearables & Fitness,Titanium GPS Smart Fitness Watch,4,274.46,1097.84
INV-103173,CUST-0083,2025-07-01 22:48:01,Computer Accessories,Premium Aluminum Monitor Arm,4,68.11,272.44
INV-102960,CUST-0244,2025-07-02 08:05:34,Electronics & Audio,4K Curved Ultra-Wide Gaming Monitor,1,524.73,524.73
INV-102960,CUST-0244,2025-07-02 10:17:30,Electronics & Audio,Thunderbolt 4 Docking Station,2,193.06,386.12
INV-102005,CUST-0155,2025-07-02 10:34:03,Smart Office & Furniture,Smart LED Desk Bar Lamp,3,49.61,148.83
INV-102770,CUST-0231,2025-07-02 10:40:39,Smart Office & Furniture,Ergonomic Lumbar Executive Chair,4,291.43,1165.72
INV-101285,CUST-0343,2025-07-02 11:48:59,Computer Accessories,Ergonomic Multi-Device Wireless Mouse,3,80.37,241.11
INV-103735,CUST-0291,2025-07-02 12:10:04,Specialty Gourmet,Single-Origin Espresso Bean Subscription (1kg),2,31.05,62.1
INV-103681,CUST-0261,2025-07-02 13:36:41,Wearables & Fitness,Heart Rate Performance Sensor Band,6,110.34,662.04
INV-102005,CUST-0155,2025-07-02 14:58:51,Smart Office & Furniture,Smart LED Desk Bar Lamp,3,51.19,153.57
INV-102005,CUST-0155,2025-07-02 15:52:28,Specialty Gourmet,Single-Origin Espresso Bean Subscription (1kg),3,32.07,96.21
INV-102960,CUST-0244,2025-07-02 17:49:25,Smart Office & Furniture,Smart LED Desk Bar Lamp,1,52.26,52.26
INV-101285,CUST-0343,2025-07-02 19:49:11,Apparel & Lifestyle,Thermal Double-Wall Stainless Flask,4,35.35,141.4
INV-101606,CUST-0209,2025-07-02 20:17:32,Apparel & Lifestyle,Thermal Double-Wall Stainless Flask,3,37.02,111.06
INV-102626,CUST-0311,2025-07-02 22:24:52,Smart Office & Furniture,Smart LED Desk Bar Lamp,3,53.66,160.98
INV-102021,CUST-0165,2025-07-03 08:00:25,Computer Accessories,Ergonomic Multi-Device Wireless Mouse,3,82.21,246.63
INV-100316,CUST-0243,2025-07-03 08:09:59,Computer Accessories,Ergonomic Multi-Device Wireless Mouse,6,90.97,545.82
INV-103661,CUST-0253,2025-07-03 15:05:32,Apparel & Lifestyle,Thermal Double-Wall Stainless Flask,6,42.9,257.4
INV-103562,CUST-0198,2025-07-03 22:01:55,Computer Accessories,Premium Aluminum Monitor Arm,2,76.2,152.4
INV-103375,CUST-0223,2025-07-03 22:52:40,Specialty Gourmet,Single-Origin Espresso Bean Subscription (1kg),4,39.57,158.28
INV-103879,CUST-0275,2025-07-04 09:29:24,Apparel & Lifestyle,Full-Grain Leather Briefcase Sleeve,2,79.98,159.96
INV-100495,CUST-0395,2025-07-04 10:56:39,Apparel & Lifestyle,Full-Grain Leather Briefcase Sleeve,4,93.44,373.76
INV-100293,CUST-0292,2025-07-04 11:35:41,Apparel & Lifestyle,Thermal Double-Wall Stainless Flask,3,38.18,114.54
INV-101453,CUST-0324,2025-07-04 11:43:31,Wearables & Fitness,Heart Rate Performance Sensor Band,4,91.92,367.68
INV-103420,CUST-0409,2025-07-04 12:18:26,Electronics & Audio,Thunderbolt 4 Docking Station,2,224.94,449.88
INV-100293,CUST-0292,2025-07-04 13:15:21,Apparel & Lifestyle,Thermal Double-Wall Stainless Flask,1,40.4,40.4
INV-103879,CUST-0275,2025-07-04 13:38:06,Electronics & Audio,4K Curved Ultra-Wide Gaming Monitor,2,469.31,938.62
INV-100381,CUST-0160,2025-07-04 13:39:20,Apparel & Lifestyle,Thermal Double-Wall Stainless Flask,1,40.7,40.7
INV-101355,CUST-0224,2025-07-04 14:01:28,Specialty Gourmet,Single-Origin Espresso Bean Subscription (1kg),4,31.52,126.08
INV-103420,CUST-0409,2025-07-04 16:41:15,Electronics & Audio,Thunderbolt 4 Docking Station,3,234.79,704.37
INV-101453,CUST-0324,2025-07-04 18:29:30,Computer Accessories,Ergonomic Multi-Device Wireless Mouse,3,78.91,236.73
INV-103402,CUST-0449,2025-07-04 18:57:41,Computer Accessories,Ergonomic Multi-Device Wireless Mouse,4,94.44,377.76
INV-101711,CUST-0232,2025-07-04 21:10:17,Smart Office & Furniture,Motorized Standing Desk Frame,4,371.77,1487.08
INV-101453,CUST-0324,2025-07-04 22:23:14,Wearables & Fitness,Titanium GPS Smart Fitness Watch,2,248.09,496.18
INV-102166,CUST-0297,2025-07-05 10:02:27,Computer Accessories,Custom Mechanical RGB Keyboard,3,151.96,455.88
INV-102685,CUST-0320,2025-07-05 13:27:19,Electronics & Audio,Noise-Cancelling Studio Pro Headphones,4,318.29,1273.16
INV-102166,CUST-0297,2025-07-05 18:16:39,Smart Office & Furniture,Motorized Standing Desk Frame,4,367.11,1468.44
INV-101123,CUST-0316,2025-07-05 21:27:09,Computer Accessories,Premium Aluminum Monitor Arm,1,64.31,64.31
INV-101575,CUST-0440,2025-07-06 10:30:39,Computer Accessories,Premium Aluminum Monitor Arm,2,65.78,131.56
INV-103288,CUST-0092,2025-07-06 12:26:48,Wearables & Fitness,Titanium GPS Smart Fitness Watch,5,294.36,1471.8
INV-100780,CUST-0352,2025-07-06 13:11:01,Computer Accessories,Ergonomic Multi-Device Wireless Mouse,1,88.69,88.69
INV-100780,CUST-0352,2025-07-06 14:06:20,Computer Accessories,Custom Mechanical RGB Keyboard,6,159.16,954.96
INV-100780,CUST-0352,2025-07-06 14:43:10,Smart Office & Furniture,Smart LED Desk Bar Lamp,1,53.47,53.47
INV-103652,CUST-0047,2025-07-06 14:47:58,Computer Accessories,Premium Aluminum Monitor Arm,5,76.01,380.05
INV-101328,CUST-0388,2025-07-06 15:32:18,Smart Office & Furniture,Smart LED Desk Bar Lamp,2,49.3,98.6
INV-101575,CUST-0440,2025-07-06 20:40:10,Smart Office & Furniture,Ergonomic Lumbar Executive Chair,4,278.21,1112.84
INV-100551,CUST-0005,2025-07-07 08:06:58,Computer Accessories,Ergonomic Multi-Device Wireless Mouse,5,89.18,445.9
INV-101803,CUST-0248,2025-07-07 10:11:14,Smart Office & Furniture,Smart LED Desk Bar Lamp,1,50.63,50.63
INV-103421,CUST-0409,2025-07-07 13:23:20,Computer Accessories,Premium Aluminum Monitor Arm,2,80.1,160.2
INV-100808,CUST-0263,2025-07-07 14:25:06,Wearables & Fitness,Titanium GPS Smart Fitness Watch,1,269.41,269.41
INV-103521,CUST-0271,2025-07-07 16:10:49,Apparel & Lifestyle,Thermal Double-Wall Stainless Flask,6,43.7,262.2
INV-103251,CUST-0055,2025-07-07 17:34:23,Apparel & Lifestyle,Full-Grain Leather Briefcase Sleeve,4,98.1,392.4
INV-100808,CUST-0263,2025-07-07 18:03:35,Electronics & Audio,Noise-Cancelling Studio Pro Headphones,4,318.53,1274.12
INV-103521,CUST-0271,2025-07-07 22:03:29,Electronics & Audio,Thunderbolt 4 Docking Station,4,220.91,883.64
INV-103229,CUST-0285,2025-07-08 10:24:08,Computer Accessories,Ergonomic Multi-Device Wireless Mouse,3,96.52,289.56
INV-101884,CUST-0321,2025-07-08 10:37:01,Smart Office & Furniture,Smart LED Desk Bar Lamp,3,49.78,149.34
INV-102861,CUST-0398,2025-07-08 12:00:02,Computer Accessories,Custom Mechanical RGB Keyboard,4,159.63,638.52
INV-103347,CUST-0370,2025-07-08 14:32:12,Electronics & Audio,Thunderbolt 4 Docking Station,5,229.36,1146.8
INV-100905,CUST-0093,2025-07-08 15:10:57,Wearables & Fitness,Heart Rate Performance Sensor Band,5,101.72,508.6
INV-103229,CUST-0285,2025-07-08 16:59:34,Apparel & Lifestyle,Thermal Double-Wall Stainless Flask,4,43.55,174.2
INV-103086,CUST-0318,2025-07-09 08:26:41,Computer Accessories,Custom Mechanical RGB Keyboard,2,156.1,312.2
INV-102549,CUST-0229,2025-07-09 08:39:34,Wearables & Fitness,Heart Rate Performance Sensor Band,4,91.7,366.8
INV-101472,CUST-0281,2025-07-09 09:11:08,Specialty Gourmet,Single-Origin Espresso Bean Subscription (1kg),1,33.5,33.5
INV-100626,CUST-0363,2025-07-09 09:59:37,Apparel & Lifestyle,Thermal Double-Wall Stainless Flask,5,41.14,205.7
INV-100626,CUST-0363,2025-07-09 11:19:30,Smart Office & Furniture,Motorized Standing Desk Frame,5,404.16,2020.8
INV-103234,CUST-0153,2025-07-09 14:03:40,Wearables & Fitness,Heart Rate Performance Sensor Band,5,107.49,537.45
INV-103234,CUST-0153,2025-07-09 17:18:00,Wearables & Fitness,Heart Rate Performance Sensor Band,2,108.69,217.38
INV-103234,CUST-0153,2025-07-09 19:22:30,Electronics & Audio,Thunderbolt 4 Docking Station,6,219.5,1317.0
INV-100654,CUST-0241,2025-07-09 20:50:51,Apparel & Lifestyle,Full-Grain Leather Briefcase Sleeve,5,94.2,471.0
INV-102731,CUST-0031,2025-07-10 08:10:59,Specialty Gourmet,Single-Origin Espresso Bean Subscription (1kg),4,34.59,138.36
INV-103377,CUST-0223,2025-07-10 09:55:26,Electronics & Audio,Thunderbolt 4 Docking Station,2,234.03,468.06
INV-101317,CUST-0437,2025-07-10 11:09:17,Electronics & Audio,4K Curved Ultra-Wide Gaming Monitor,2,491.39,982.78
INV-100434,CUST-0355,2025-07-10 14:48:40,Computer Accessories,Ergonomic Multi-Device Wireless Mouse,3,90.31,270.93
INV-103377,CUST-0223,2025-07-10 14:53:57,Specialty Gourmet,Single-Origin Espresso Bean Subscription (1kg),5,38.13,190.65
INV-103273,CUST-0260,2025-07-10 15:13:22,Specialty Gourmet,Single-Origin Espresso Bean Subscription (1kg),3,39.41,118.23
INV-103376,CUST-0223,2025-07-10 17:07:27,Specialty Gourmet,Single-Origin Espresso Bean Subscription (1kg),4,39.96,159.84
INV-102731,CUST-0031,2025-07-10 18:05:18,Computer Accessories,Ergonomic Multi-Device Wireless Mouse,5,84.27,421.35
INV-102732,CUST-0031,2025-07-10 18:19:20,Electronics & Audio,Thunderbolt 4 Docking Station,5,198.33,991.65
INV-103273,CUST-0260,2025-07-10 21:18:28,Apparel & Lifestyle,Full-Grain Leather Briefcase Sleeve,2,103.41,206.82
INV-101651,CUST-0376,2025-07-11 08:26:37,Apparel & Lifestyle,Full-Grain Leather Briefcase Sleeve,1,83.53,83.53
INV-100496,CUST-0395,2025-07-11 08:29:40,Computer Accessories,Ergonomic Multi-Device Wireless Mouse,2,84.39,168.78
INV-103719,CUST-0235,2025-07-11 08:45:59,Apparel & Lifestyle,Thermal Double-Wall Stainless Flask,2,34.23,68.46
INV-100923,CUST-0264,2025-07-11 14:31:19,Computer Accessories,Premium Aluminum Monitor Arm,1,68.79,68.79
INV-100382,CUST-0160,2025-07-11 15:11:48,Specialty Gourmet,Single-Origin Espresso Bean Subscription (1kg),5,36.8,184.0
INV-102524,CUST-0009,2025-07-11 20:14:20,Specialty Gourmet,Single-Origin Espresso Bean Subscription (1kg),4,35.12,140.48
INV-100383,CUST-0160,2025-07-12 08:32:22,Computer Accessories,Custom Mechanical RGB Keyboard,4,170.79,683.16
INV-102925,CUST-0308,2025-07-12 09:43:41,Apparel & Lifestyle,Thermal Double-Wall Stainless Flask,5,37.75,188.75
INV-103252,CUST-0055,2025-07-12 11:22:02,Apparel & Lifestyle,Thermal Double-Wall Stainless Flask,3,41.66,124.98
INV-102925,CUST-0308,2025-07-12 14:09:43,Wearables & Fitness,Heart Rate Performance Sensor Band,1,92.11,92.11
INV-100383,CUST-0160,2025-07-12 16:51:27,Computer Accessories,Ergonomic Multi-Device Wireless Mouse,5,85.28,426.4
INV-100868,CUST-0307,2025-07-12 17:05:03,Computer Accessories,Custom Mechanical RGB Keyboard,4,168.38,673.52
INV-103832,CUST-0149,2025-07-12 18:44:35,Smart Office & Furniture,Ergonomic Lumbar Executive Chair,2,261.63,523.26
INV-103022,CUST-0044,2025-07-13 11:20:32,Computer Accessories,Premium Aluminum Monitor Arm,1,68.65,68.65
INV-100869,CUST-0307,2025-07-13 11:41:02,Smart Office & Furniture,Smart LED Desk Bar Lamp,2,53.46,106.92
INV-101198,CUST-0381,2025-07-13 12:30:09,Computer Accessories,Premium Aluminum Monitor Arm,2,65.39,130.78
INV-102588,CUST-0365,2025-07-13 12:38:58,Smart Office & Furniture,Ergonomic Lumbar Executive Chair,5,295.44,1477.2
INV-102575,CUST-0335,2025-07-13 17:59:45,Computer Accessories,Custom Mechanical RGB Keyboard,4,162.76,651.04
INV-102588,CUST-0365,2025-07-13 19:17:53,Wearables & Fitness,Titanium GPS Smart Fitness Watch,5,268.53,1342.65
INV-103022,CUST-0044,2025-07-13 19:53:05,Smart Office & Furniture,Smart LED Desk Bar Lamp,3,51.32,153.96
INV-103348,CUST-0370,2025-07-13 21:29:27,Wearables & Fitness,Heart Rate Performance Sensor Band,6,103.09,618.54
INV-102839,CUST-0183,2025-07-14 08:51:34,Computer Accessories,Custom Mechanical RGB Keyboard,1,163.39,163.39
INV-103644,CUST-0025,2025-07-14 09:35:12,Electronics & Audio,Thunderbolt 4 Docking Station,4,235.01,940.04
INV-103008,CUST-0249,2025-07-14 10:35:32,Wearables & Fitness,Titanium GPS Smart Fitness Watch,5,258.11,1290.55
INV-101885,CUST-0321,2025-07-14 11:03:29,Computer Accessories,Premium Aluminum Monitor Arm,4,64.26,257.04
INV-101885,CUST-0321,2025-07-14 11:32:02,Electronics & Audio,Thunderbolt 4 Docking Station,1,188.95,188.95
INV-102839,CUST-0183,2025-07-14 13:19:27,Apparel & Lifestyle,Full-Grain Leather Briefcase Sleeve,2,91.93,183.86
INV-103644,CUST-0025,2025-07-14 13:24:27,Apparel & Lifestyle,Full-Grain Leather Briefcase Sleeve,6,98.16,588.96
INV-102949,CUST-0085,2025-07-14 13:25:06,Electronics & Audio,Thunderbolt 4 Docking Station,4,194.84,779.36
INV-101454,CUST-0324,2025-07-14 14:16:56,Wearables & Fitness,Heart Rate Performance Sensor Band,2,92.3,184.6
INV-103235,CUST-0153,2025-07-14 14:24:44,Smart Office & Furniture,Motorized Standing Desk Frame,4,469.83,1879.32
INV-100099,CUST-0170,2025-07-14 14:35:33,Smart Office & Furniture,Ergonomic Lumbar Executive Chair,1,304.01,304.01
INV-102936,CUST-0348,2025-07-14 16:32:06,Apparel & Lifestyle,Full-Grain Leather Briefcase Sleeve,2,91.31,182.62
INV-103793,CUST-0422,2025-07-14 17:41:37,Specialty Gourmet,Single-Origin Espresso Bean Subscription (1kg),1,29.71,29.71
INV-103150,CUST-0272,2025-07-14 18:26:15,Apparel & Lifestyle,Thermal Double-Wall Stainless Flask,2,39.16,78.32
INV-100820,CUST-0164,2025-07-15 08:12:12,Specialty Gourmet,Single-Origin Espresso Bean Subscription (1kg),3,34.45,103.35
INV-103236,CUST-0153,2025-07-15 10:59:02,Apparel & Lifestyle,Full-Grain Leather Briefcase Sleeve,4,100.06,400.24
INV-100402,CUST-0090,2025-07-15 13:26:16,Computer Accessories,Custom Mechanical RGB Keyboard,1,164.22,164.22
INV-102874,CUST-0368,2025-07-15 15:27:30,Apparel & Lifestyle,Full-Grain Leather Briefcase Sleeve,1,88.58,88.58
INV-100035,CUST-0282,2025-07-15 15:29:43,Electronics & Audio,Thunderbolt 4 Docking Station,3,210.82,632.46
INV-103236,CUST-0153,2025-07-15 17:14:03,Electronics & Audio,Thunderbolt 4 Docking Station,3,225.81,677.43
INV-102972,CUST-0066,2025-07-15 17:55:33,Electronics & Audio,Thunderbolt 4 Docking Station,2,192.24,384.48
INV-100403,CUST-0090,2025-07-15 21:08:22,Electronics & Audio,Noise-Cancelling Studio Pro Headphones,5,338.31,1691.55
INV-102022,CUST-0165,2025-07-16 08:13:10,Computer Accessories,Premium Aluminum Monitor Arm,2,63.64,127.28
INV-101483,CUST-0221,2025-07-16 09:09:36,Apparel & Lifestyle,Thermal Double-Wall Stainless Flask,1,35.07,35.07
INV-103653,CUST-0047,2025-07-16 10:11:07,Wearables & Fitness,Heart Rate Performance Sensor Band,2,106.17,212.34
INV-103201,CUST-0397,2025-07-16 10:38:19,Smart Office & Furniture,Smart LED Desk Bar Lamp,5,59.14,295.7
INV-100870,CUST-0307,2025-07-16 13:08:17,Apparel & Lifestyle,Full-Grain Leather Briefcase Sleeve,4,95.29,381.16
INV-103349,CUST-0370,2025-07-16 17:42:04,Apparel & Lifestyle,Thermal Double-Wall Stainless Flask,3,42.25,126.75
INV-103461,CUST-0059,2025-07-16 20:21:32,Smart Office & Furniture,Smart LED Desk Bar Lamp,3,62.18,186.54
INV-101483,CUST-0221,2025-07-16 21:04:00,Electronics & Audio,Thunderbolt 4 Docking Station,2,193.73,387.46
INV-101580,CUST-0086,2025-07-17 11:20:59,Specialty Gourmet,Single-Origin Espresso Bean Subscription (1kg),3,32.75,98.25
INV-100884,CUST-0383,2025-07-17 11:30:02,Computer Accessories,Premium Aluminum Monitor Arm,4,72.29,289.16
INV-103522,CUST-0271,2025-07-17 13:31:18,Computer Accessories,Ergonomic Multi-Device Wireless Mouse,4,98.43,393.72
INV-100497,CUST-0395,2025-07-17 14:02:21,Apparel & Lifestyle,Full-Grain Leather Briefcase Sleeve,5,97.23,486.15
INV-102609,CUST-0289,2025-07-17 14:40:04,Computer Accessories,Custom Mechanical RGB Keyboard,1,158.55,158.55
INV-102862,CUST-0398,2025-07-17 14:42:03,Wearables & Fitness,Heart Rate Performance Sensor Band,2,89.87,179.74
INV-102609,CUST-0289,2025-07-17 15:55:54,Wearables & Fitness,Heart Rate Performance Sensor Band,5,93.27,466.35
INV-100514,CUST-0062,2025-07-17 16:28:03,Electronics & Audio,4K Curved Ultra-Wide Gaming Monitor,5,566.12,2830.6
INV-103798,CUST-0344,2025-07-17 17:51:33,Apparel & Lifestyle,Thermal Double-Wall Stainless Flask,2,35.25,70.5
INV-100497,CUST-0395,2025-07-17 18:13:00,Computer Accessories,Custom Mechanical RGB Keyboard,3,165.79,497.37
INV-100670,CUST-0204,2025-07-17 18:21:10,Computer Accessories,Ergonomic Multi-Device Wireless Mouse,5,90.08,450.4
INV-103522,CUST-0271,2025-07-17 19:11:05,Computer Accessories,Premium Aluminum Monitor Arm,2,78.08,156.16
INV-102862,CUST-0398,2025-07-17 19:24:50,Apparel & Lifestyle,Full-Grain Leather Briefcase Sleeve,1,87.85,87.85
INV-100424,CUST-0012,2025-07-17 21:24:12,Apparel & Lifestyle,Full-Grain Leather Briefcase Sleeve,6,96.99,581.94
INV-103350,CUST-0370,2025-07-17 22:06:11,Wearables & Fitness,Heart Rate Performance Sensor Band,5,109.41,547.05
INV-103350,CUST-0370,2025-07-17 22:34:09,Apparel & Lifestyle,Full-Grain Leather Briefcase Sleeve,4,99.06,396.24
INV-100795,CUST-0202,2025-07-18 08:48:17,Electronics & Audio,Thunderbolt 4 Docking Station,1,203.81,203.81
INV-102610,CUST-0289,2025-07-18 13:09:35,Specialty Gourmet,Single-Origin Espresso Bean Subscription (1kg),2,35.06,70.12
INV-100795,CUST-0202,2025-07-18 13:12:05,Computer Accessories,Premium Aluminum Monitor Arm,6,73.34,440.04
INV-102610,CUST-0289,2025-07-18 13:24:39,Specialty Gourmet,Single-Origin Espresso Bean Subscription (1kg),3,33.06,99.18
INV-100821,CUST-0164,2025-07-18 13:54:35,Computer Accessories,Custom Mechanical RGB Keyboard,3,167.88,503.64
INV-100531,CUST-0101,2025-07-18 14:27:34,Wearables & Fitness,Heart Rate Performance Sensor Band,6,96.98,581.88
INV-100532,CUST-0101,2025-07-18 14:53:59,Computer Accessories,Custom Mechanical RGB Keyboard,2,160.87,321.74
INV-103337,CUST-0002,2025-07-18 15:44:53,Apparel & Lifestyle,Full-Grain Leather Briefcase Sleeve,4,103.32,413.28
INV-100330,CUST-0144,2025-07-18 16:09:07,Specialty Gourmet,Single-Origin Espresso Bean Subscription (1kg),1,35.9,35.9
INV-102718,CUST-0405,2025-07-18 16:14:13,Wearables & Fitness,Heart Rate Performance Sensor Band,4,94.81,379.24
INV-101935,CUST-0265,2025-07-18 17:16:11,Apparel & Lifestyle,Thermal Double-Wall Stainless Flask,3,36.09,108.27
INV-100795,CUST-0202,2025-07-18 20:45:14,Computer Accessories,Custom Mechanical RGB Keyboard,5,166.64,833.2
INV-102513,CUST-0258,2025-07-19 10:57:40,Computer Accessories,Custom Mechanical RGB Keyboard,5,157.44,787.2
INV-101619,CUST-0216,2025-07-19 10:59:52,Electronics & Audio,Noise-Cancelling Studio Pro Headphones,1,311.96,311.96
INV-100317,CUST-0243,2025-07-19 18:19:31,Electronics & Audio,Noise-Cancelling Studio Pro Headphones,6,333.04,1998.24
INV-101619,CUST-0216,2025-07-19 19:28:46,Apparel & Lifestyle,Thermal Double-Wall Stainless Flask,4,35.51,142.04
INV-103045,CUST-0124,2025-07-19 21:50:53,Wearables & Fitness,Titanium GPS Smart Fitness Watch,4,265.03,1060.12
INV-103508,CUST-0129,2025-07-19 22:44:28,Wearables & Fitness,Titanium GPS Smart Fitness Watch,4,299.63,1198.52
INV-103725,CUST-0203,2025-07-20 08:43:28,Smart Office & Furniture,Motorized Standing Desk Frame,2,358.18,716.36
INV-103188,CUST-0192,2025-07-20 09:06:03,Specialty Gourmet,Single-Origin Espresso Bean Subscription (1kg),4,35.03,140.12
INV-102702,CUST-0342,2025-07-20 09:17:30,Computer Accessories,Custom Mechanical RGB Keyboard,4,156.44,625.76
INV-100215,CUST-0174,2025-07-20 10:31:02,Computer Accessories,Custom Mechanical RGB Keyboard,4,165.55,662.2
INV-103188,CUST-0192,2025-07-20 12:51:30,Wearables & Fitness,Titanium GPS Smart Fitness Watch,5,266.01,1330.05
INV-102541,CUST-0018,2025-07-20 13:14:38,Smart Office & Furniture,Ergonomic Lumbar Executive Chair,2,280.59,561.18
INV-101386,CUST-0156,2025-07-20 14:08:09,Computer Accessories,Custom Mechanical RGB Keyboard,1,144.7,144.7
INV-101667,CUST-0054,2025-07-20 14:47:53,Wearables & Fitness,Heart Rate Performance Sensor Band,3,90.06,270.18
INV-103462,CUST-0059,2025-07-20 15:16:16,Computer Accessories,Ergonomic Multi-Device Wireless Mouse,2,97.21,194.42
INV-102702,CUST-0342,2025-07-20 16:03:39,Computer Accessories,Premium Aluminum Monitor Arm,2,69.74,139.48
INV-103151,CUST-0272,2025-07-20 16:24:27,Wearables & Fitness,Titanium GPS Smart Fitness Watch,5,269.06,1345.3
INV-102096,CUST-0159,2025-07-20 17:04:51,Computer Accessories,Premium Aluminum Monitor Arm,3,63.56,190.68
INV-102042,CUST-0056,2025-07-20 18:13:03,Apparel & Lifestyle,Full-Grain Leather Briefcase Sleeve,1,82.47,82.47
INV-102042,CUST-0056,2025-07-20 19:09:14,Wearables & Fitness,Heart Rate Performance Sensor Band,3,92.11,276.33
INV-103151,CUST-0272,2025-07-20 20:04:09,Smart Office & Furniture,Ergonomic Lumbar Executive Chair,3,293.54,880.62
INV-102096,CUST-0159,2025-07-20 20:30:02,Wearables & Fitness,Heart Rate Performance Sensor Band,3,90.64,271.92
INV-100822,CUST-0164,2025-07-20 22:06:01,Computer Accessories,Custom Mechanical RGB Keyboard,2,169.51,339.02
INV-103581,CUST-0306,2025-07-21 11:30:10,Wearables & Fitness,Heart Rate Performance Sensor Band,6,104.25,625.5
INV-100362,CUST-0035,2025-07-21 13:26:23,Computer Accessories,Premium Aluminum Monitor Arm,2,72.02,144.04
INV-103581,CUST-0306,2025-07-21 13:49:09,Computer Accessories,Ergonomic Multi-Device Wireless Mouse,3,94.45,283.35
INV-103870,CUST-0041,2025-07-21 14:47:33,Computer Accessories,Ergonomic Multi-Device Wireless Mouse,2,77.02,154.04
INV-102950,CUST-0085,2025-07-21 15:34:14,Computer Accessories,Premium Aluminum Monitor Arm,4,70.02,280.08
INV-101831,CUST-0304,2025-07-21 16:33:35,Computer Accessories,Ergonomic Multi-Device Wireless Mouse,2,78.21,156.42
INV-101286,CUST-0343,2025-07-21 18:18:17,Wearables & Fitness,Heart Rate Performance Sensor Band,4,91.92,367.68
INV-103581,CUST-0306,2025-07-21 19:22:55,Specialty Gourmet,Single-Origin Espresso Bean Subscription (1kg),6,39.97,239.82
INV-103403,CUST-0449,2025-07-21 21:02:28,Apparel & Lifestyle,Thermal Double-Wall Stainless Flask,4,42.43,169.72
INV-101455,CUST-0324,2025-07-22 10:02:29,Apparel & Lifestyle,Full-Grain Leather Briefcase Sleeve,4,87.08,348.32
INV-103463,CUST-0059,2025-07-22 11:11:16,Wearables & Fitness,Titanium GPS Smart Fitness Watch,6,300.18,1801.08
INV-102694,CUST-0087,2025-07-22 11:41:11,Electronics & Audio,Thunderbolt 4 Docking Station,5,192.62,963.1
INV-102694,CUST-0087,2025-07-22 12:13:14,Apparel & Lifestyle,Thermal Double-Wall Stainless Flask,2,37.06,74.12
INV-103594,CUST-0410,2025-07-22 13:29:04,Specialty Gourmet,Single-Origin Espresso Bean Subscription (1kg),6,39.46,236.76
INV-101044,CUST-0364,2025-07-22 13:50:58,Smart Office & Furniture,Smart LED Desk Bar Lamp,4,56.97,227.88
INV-100871,CUST-0307,2025-07-22 14:41:52,Apparel & Lifestyle,Thermal Double-Wall Stainless Flask,1,39.67,39.67
INV-102756,CUST-0133,2025-07-22 15:59:09,Specialty Gourmet,Single-Origin Espresso Bean Subscription (1kg),3,35.4,106.2
INV-102756,CUST-0133,2025-07-22 16:37:08,Computer Accessories,Ergonomic Multi-Device Wireless Mouse,2,85.68,171.36
INV-102126,CUST-0329,2025-07-22 17:25:12,Computer Accessories,Premium Aluminum Monitor Arm,3,64.65,193.95
INV-103120,CUST-0251,2025-07-22 18:44:17,Computer Accessories,Premium Aluminum Monitor Arm,1,65.85,65.85
INV-103759,CUST-0286,2025-07-22 19:33:39,Smart Office & Furniture,Smart LED Desk Bar Lamp,2,48.17,96.34
INV-101044,CUST-0364,2025-07-22 21:41:45,Electronics & Audio,Thunderbolt 4 Docking Station,4,207.0,828.0
INV-103441,CUST-0362,2025-07-22 22:09:34,Wearables & Fitness,Titanium GPS Smart Fitness Watch,6,301.35,1808.1
INV-102654,CUST-0298,2025-07-22 22:10:38,Specialty Gourmet,Single-Origin Espresso Bean Subscription (1kg),3,34.0,102.0
INV-102576,CUST-0335,2025-07-23 08:08:15,Apparel & Lifestyle,Full-Grain Leather Briefcase Sleeve,3,90.33,270.99
INV-103404,CUST-0449,2025-07-23 10:24:40,Specialty Gourmet,Single-Origin Espresso Bean Subscription (1kg),3,39.76,119.28
INV-103509,CUST-0129,2025-07-23 11:43:39,Wearables & Fitness,Heart Rate Performance Sensor Band,5,110.14,550.7
INV-103289,CUST-0092,2025-07-23 13:06:33,Smart Office & Furniture,Smart LED Desk Bar Lamp,5,60.92,304.6
INV-103654,CUST-0047,2025-07-23 14:44:20,Electronics & Audio,Noise-Cancelling Studio Pro Headphones,6,369.09,2214.54
INV-103654,CUST-0047,2025-07-23 14:45:32,Apparel & Lifestyle,Full-Grain Leather Briefcase Sleeve,4,102.42,409.68
INV-101950,CUST-0301,2025-07-23 17:46:52,Electronics & Audio,Thunderbolt 4 Docking Station,4,192.26,769.04
INV-101950,CUST-0301,2025-07-23 19:28:18,Electronics & Audio,4K Curved Ultra-Wide Gaming Monitor,2,485.19,970.38
INV-103523,CUST-0271,2025-07-23 20:39:56,Electronics & Audio,Noise-Cancelling Studio Pro Headphones,5,363.75,1818.75
INV-103523,CUST-0271,2025-07-23 20:42:08,Computer Accessories,Ergonomic Multi-Device Wireless Mouse,3,92.35,277.05
INV-103253,CUST-0055,2025-07-23 21:08:20,Electronics & Audio,4K Curved Ultra-Wide Gaming Monitor,2,580.86,1161.72
INV-103216,CUST-0425,2025-07-24 08:49:06,Apparel & Lifestyle,Thermal Double-Wall Stainless Flask,4,43.72,174.88
INV-101248,CUST-0130,2025-07-24 09:11:28,Apparel & Lifestyle,Full-Grain Leather Briefcase Sleeve,2,86.56,173.12
INV-101124,CUST-0316,2025-07-24 12:02:41,Smart Office & Furniture,Ergonomic Lumbar Executive Chair,4,264.24,1056.96
INV-100282,CUST-0305,2025-07-24 12:16:29,Computer Accessories,Ergonomic Multi-Device Wireless Mouse,2,87.59,175.18
INV-100655,CUST-0241,2025-07-24 14:31:32,Computer Accessories,Premium Aluminum Monitor Arm,4,71.9,287.6
INV-103524,CUST-0271,2025-07-24 16:09:19,Computer Accessories,Custom Mechanical RGB Keyboard,6,183.31,1099.86
INV-103464,CUST-0059,2025-07-24 19:37:06,Computer Accessories,Ergonomic Multi-Device Wireless Mouse,3,99.52,298.56
INV-100404,CUST-0090,2025-07-24 20:30:19,Smart Office & Furniture,Smart LED Desk Bar Lamp,6,56.85,341.1
INV-103764,CUST-0139,2025-07-24 20:56:17,Computer Accessories,Custom Mechanical RGB Keyboard,1,137.42,137.42
INV-100241,CUST-0242,2025-07-25 09:50:18,Electronics & Audio,Thunderbolt 4 Docking Station,1,209.5,209.5
INV-101045,CUST-0364,2025-07-25 12:56:42,Computer Accessories,Premium Aluminum Monitor Arm,2,70.99,141.98
INV-102006,CUST-0155,2025-07-25 13:25:10,Apparel & Lifestyle,Full-Grain Leather Briefcase Sleeve,3,84.0,252.0
INV-102006,CUST-0155,2025-07-25 13:57:49,Smart Office & Furniture,Ergonomic Lumbar Executive Chair,1,275.9,275.9
INV-102611,CUST-0289,2025-07-25 15:13:22,Electronics & Audio,Noise-Cancelling Studio Pro Headphones,3,325.43,976.29
INV-103632,CUST-0057,2025-07-25 17:21:58,Wearables & Fitness,Heart Rate Performance Sensor Band,6,107.69,646.14
INV-103351,CUST-0370,2025-07-25 17:54:39,Wearables & Fitness,Titanium GPS Smart Fitness Watch,5,300.79,1503.95
INV-103632,CUST-0057,2025-07-25 18:26:14,Computer Accessories,Ergonomic Multi-Device Wireless Mouse,4,93.62,374.48
INV-103274,CUST-0260,2025-07-25 19:45:49,Electronics & Audio,Noise-Cancelling Studio Pro Headphones,6,352.02,2112.12
INV-102006,CUST-0155,2025-07-25 19:52:00,Computer Accessories,Premium Aluminum Monitor Arm,2,64.83,129.66
INV-100241,CUST-0242,2025-07-25 20:06:59,Electronics & Audio,Thunderbolt 4 Docking Station,5,209.92,1049.6
INV-101045,CUST-0364,2025-07-25 22:50:58,Specialty Gourmet,Single-Origin Espresso Bean Subscription (1kg),3,35.2,105.6
INV-103760,CUST-0286,2025-07-26 08:15:28,Specialty Gourmet,Single-Origin Espresso Bean Subscription (1kg),2,30.46,60.92
INV-101966,CUST-0191,2025-07-26 09:02:52,Specialty Gourmet,Single-Origin Espresso Bean Subscription (1kg),2,31.64,63.28
INV-101535,CUST-0193,2025-07-26 09:56:00,Wearables & Fitness,Titanium GPS Smart Fitness Watch,2,240.59,481.18
INV-101966,CUST-0191,2025-07-26 11:11:56,Apparel & Lifestyle,Full-Grain Leather Briefcase Sleeve,1,81.7,81.7
INV-103568,CUST-0033,2025-07-26 18:54:46,Computer Accessories,Ergonomic Multi-Device Wireless Mouse,3,97.34,292.02
INV-103620,CUST-0079,2025-07-26 19:53:44,Computer Accessories,Premium Aluminum Monitor Arm,4,76.21,304.84
INV-100056,CUST-0180,2025-07-26 22:46:55,Specialty Gourmet,Single-Origin Espresso Bean Subscription (1kg),5,35.2,176.0
INV-102879,CUST-0390,2025-07-27 08:29:18,Specialty Gourmet,Single-Origin Espresso Bean Subscription (1kg),5,35.4,177.0
INV-100571,CUST-0008,2025-07-27 08:46:37,Computer Accessories,Premium Aluminum Monitor Arm,2,68.31,136.62
INV-103405,CUST-0449,2025-07-27 08:59:51,Wearables & Fitness,Heart Rate Performance Sensor Band,2,108.42,216.84
INV-101387,CUST-0156,2025-07-27 10:41:26,Computer Accessories,Custom Mechanical RGB Keyboard,2,148.68,297.36
INV-103582,CUST-0306,2025-07-27 11:03:58,Smart Office & Furniture,Smart LED Desk Bar Lamp,6,58.19,349.14
INV-103767,CUST-0372,2025-07-27 11:13:54,Smart Office & Furniture,Ergonomic Lumbar Executive Chair,2,266.38,532.76
INV-103423,CUST-0409,2025-07-27 11:14:41,Apparel & Lifestyle,Thermal Double-Wall Stainless Flask,4,44.66,178.64
INV-101662,CUST-0218,2025-07-27 11:34:16,Electronics & Audio,4K Curved Ultra-Wide Gaming Monitor,2,494.52,989.04
INV-103422,CUST-0409,2025-07-27 11:45:21,Computer Accessories,Premium Aluminum Monitor Arm,3,80.31,240.93
INV-103477,CUST-0006,2025-07-27 14:11:44,Specialty Gourmet,Single-Origin Espresso Bean Subscription (1kg),4,40.44,161.76
INV-102097,CUST-0159,2025-07-27 14:46:17,Wearables & Fitness,Heart Rate Performance Sensor Band,1,88.06,88.06
INV-103422,CUST-0409,2025-07-27 15:31:49,Computer Accessories,Ergonomic Multi-Device Wireless Mouse,5,92.1,460.5
INV-102152,CUST-0100,2025-07-27 15:32:02,Electronics & Audio,4K Curved Ultra-Wide Gaming Monitor,1,483.8,483.8
INV-100571,CUST-0008,2025-07-27 15:47:12,Wearables & Fitness,Heart Rate Performance Sensor Band,1,100.92,100.92
INV-103662,CUST-0253,2025-07-27 16:00:41,Wearables & Fitness,Heart Rate Performance Sensor Band,2,106.65,213.3
INV-101329,CUST-0388,2025-07-27 16:19:40,Computer Accessories,Ergonomic Multi-Device Wireless Mouse,3,81.04,243.12
INV-101329,CUST-0388,2025-07-27 16:30:31,Computer Accessories,Ergonomic Multi-Device Wireless Mouse,1,78.74,78.74
INV-103477,CUST-0006,2025-07-27 17:44:13,Computer Accessories,Custom Mechanical RGB Keyboard,3,183.19,549.57
INV-102152,CUST-0100,2025-07-27 19:35:26,Electronics & Audio,4K Curved Ultra-Wide Gaming Monitor,2,506.86,1013.72
INV-101329,CUST-0388,2025-07-27 20:11:31,Apparel & Lifestyle,Thermal Double-Wall Stainless Flask,4,34.88,139.52
INV-103767,CUST-0372,2025-07-27 20:57:25,Specialty Gourmet,Single-Origin Espresso Bean Subscription (1kg),2,30.3,60.6
INV-103405,CUST-0449,2025-07-27 21:22:36,Computer Accessories,Premium Aluminum Monitor Arm,4,79.06,316.24
INV-103477,CUST-0006,2025-07-27 22:00:44,Electronics & Audio,Noise-Cancelling Studio Pro Headphones,5,374.24,1871.2
INV-102919,CUST-0247,2025-07-28 08:09:23,Apparel & Lifestyle,Thermal Double-Wall Stainless Flask,3,38.25,114.75
INV-103525,CUST-0271,2025-07-28 10:37:12,Wearables & Fitness,Heart Rate Performance Sensor Band,2,108.82,217.64
INV-101388,CUST-0156,2025-07-28 12:08:57,Computer Accessories,Custom Mechanical RGB Keyboard,3,144.84,434.52
INV-103525,CUST-0271,2025-07-28 12:56:18,Apparel & Lifestyle,Full-Grain Leather Briefcase Sleeve,3,103.94,311.82
INV-103799,CUST-0344,2025-07-28 15:09:55,Apparel & Lifestyle,Thermal Double-Wall Stainless Flask,1,34.3,34.3
INV-102961,CUST-0244,2025-07-28 15:33:39,Apparel & Lifestyle,Thermal Double-Wall Stainless Flask,4,37.3,149.2
INV-102919,CUST-0247,2025-07-28 16:02:19,Computer Accessories,Custom Mechanical RGB Keyboard,5,162.78,813.9
INV-102507,CUST-0225,2025-07-28 17:58:56,Computer Accessories,Custom Mechanical RGB Keyboard,3,155.94,467.82
INV-100474,CUST-0146,2025-07-28 20:02:33,Smart Office & Furniture,Smart LED Desk Bar Lamp,6,56.64,339.84
INV-103888,CUST-0136,2025-07-28 20:42:42,Smart Office & Furniture,Smart LED Desk Bar Lamp,2,49.12,98.24
INV-103799,CUST-0344,2025-07-28 21:06:23,Electronics & Audio,Thunderbolt 4 Docking Station,2,176.23,352.46
INV-103799,CUST-0344,2025-07-28 21:08:27,Computer Accessories,Ergonomic Multi-Device Wireless Mouse,1,77.51,77.51
INV-102919,CUST-0247,2025-07-28 22:05:42,Apparel & Lifestyle,Thermal Double-Wall Stainless Flask,5,37.33,186.65
INV-103525,CUST-0271,2025-07-28 22:05:50,Computer Accessories,Custom Mechanical RGB Keyboard,3,175.27,525.81
INV-100692,CUST-0421,2025-07-29 08:17:55,Apparel & Lifestyle,Thermal Double-Wall Stainless Flask,6,39.3,235.8
INV-103393,CUST-0387,2025-07-29 08:35:36,Apparel & Lifestyle,Full-Grain Leather Briefcase Sleeve,2,106.06,212.12
INV-103393,CUST-0387,2025-07-29 10:28:55,Apparel & Lifestyle,Thermal Double-Wall Stainless Flask,4,43.09,172.36
INV-102167,CUST-0297,2025-07-29 11:46:06,Wearables & Fitness,Heart Rate Performance Sensor Band,3,86.13,258.39
INV-103290,CUST-0092,2025-07-29 15:49:20,Computer Accessories,Premium Aluminum Monitor Arm,3,76.39,229.17
INV-103237,CUST-0153,2025-07-29 18:03:58,Electronics & Audio,4K Curved Ultra-Wide Gaming Monitor,4,619.06,2476.24
INV-100552,CUST-0005,2025-07-29 18:54:17,Computer Accessories,Premium Aluminum Monitor Arm,4,71.58,286.32
INV-100945,CUST-0022,2025-07-29 19:56:59,Computer Accessories,Ergonomic Multi-Device Wireless Mouse,4,88.03,352.12
INV-103393,CUST-0387,2025-07-29 21:43:06,Computer Accessories,Custom Mechanical RGB Keyboard,4,177.47,709.88
INV-100692,CUST-0421,2025-07-29 21:56:10,Computer Accessories,Ergonomic Multi-Device Wireless Mouse,2,86.47,172.94
INV-100692,CUST-0421,2025-07-29 22:51:49,Electronics & Audio,4K Curved Ultra-Wide Gaming Monitor,4,554.67,2218.68
INV-101607,CUST-0209,2025-07-30 08:30:09,Smart Office & Furniture,Smart LED Desk Bar Lamp,4,48.53,194.12
INV-103087,CUST-0318,2025-07-30 09:06:51,Specialty Gourmet,Single-Origin Espresso Bean Subscription (1kg),5,32.82,164.1
INV-103394,CUST-0387,2025-07-30 09:56:22,Apparel & Lifestyle,Thermal Double-Wall Stainless Flask,2,44.23,88.46
INV-100823,CUST-0164,2025-07-30 11:19:29,Electronics & Audio,Thunderbolt 4 Docking Station,1,205.75,205.75
INV-100823,CUST-0164,2025-07-30 13:42:10,Wearables & Fitness,Heart Rate Performance Sensor Band,2,96.88,193.76
INV-100656,CUST-0241,2025-07-30 15:31:14,Apparel & Lifestyle,Full-Grain Leather Briefcase Sleeve,1,90.67,90.67
INV-103394,CUST-0387,2025-07-30 17:49:24,Wearables & Fitness,Titanium GPS Smart Fitness Watch,5,303.8,1519.0
INV-101607,CUST-0209,2025-07-30 17:53:23,Specialty Gourmet,Single-Origin Espresso Bean Subscription (1kg),2,31.83,63.66
INV-103394,CUST-0387,2025-07-30 20:13:12,Specialty Gourmet,Single-Origin Espresso Bean Subscription (1kg),3,38.01,114.03
INV-103142,CUST-0001,2025-07-31 08:31:03,Computer Accessories,Premium Aluminum Monitor Arm,5,68.24,341.2
INV-103526,CUST-0271,2025-07-31 09:11:51,Smart Office & Furniture,Motorized Standing Desk Frame,2,458.77,917.54
INV-103655,CUST-0047,2025-07-31 11:13:13,Wearables & Fitness,Heart Rate Performance Sensor Band,4,106.98,427.92
INV-103298,CUST-0257,2025-07-31 11:29:04,Apparel & Lifestyle,Full-Grain Leather Briefcase Sleeve,3,105.01,315.03
INV-100242,CUST-0242,2025-07-31 12:25:09,Specialty Gourmet,Single-Origin Espresso Bean Subscription (1kg),4,34.43,137.72
INV-103254,CUST-0055,2025-07-31 13:20:34,Electronics & Audio,Noise-Cancelling Studio Pro Headphones,2,356.12,712.24
INV-103645,CUST-0025,2025-07-31 15:05:37,Apparel & Lifestyle,Thermal Double-Wall Stainless Flask,4,44.03,176.12
INV-101960,CUST-0268,2025-07-31 15:32:32,Apparel & Lifestyle,Full-Grain Leather Briefcase Sleeve,1,82.6,82.6
INV-100242,CUST-0242,2025-07-31 15:36:38,Specialty Gourmet,Single-Origin Espresso Bean Subscription (1kg),3,35.42,106.26
INV-103526,CUST-0271,2025-07-31 17:20:37,Apparel & Lifestyle,Thermal Double-Wall Stainless Flask,3,42.69,128.07
INV-102899,CUST-0238,2025-07-31 17:35:13,Specialty Gourmet,Single-Origin Espresso Bean Subscription (1kg),4,34.87,139.48
INV-100594,CUST-0089,2025-07-31 18:39:57,Computer Accessories,Ergonomic Multi-Device Wireless Mouse,2,89.93,179.86
INV-101959,CUST-0268,2025-07-31 18:41:48,Apparel & Lifestyle,Full-Grain Leather Briefcase Sleeve,1,81.71,81.71
INV-101960,CUST-0268,2025-07-31 19:24:51,Computer Accessories,Ergonomic Multi-Device Wireless Mouse,3,82.29,246.87
INV-102813,CUST-0103,2025-07-31 19:28:00,Specialty Gourmet,Single-Origin Espresso Bean Subscription (1kg),4,33.85,135.4
INV-103202,CUST-0397,2025-07-31 21:03:02,Smart Office & Furniture,Smart LED Desk Bar Lamp,3,59.9,179.7
INV-103655,CUST-0047,2025-07-31 21:19:07,Apparel & Lifestyle,Full-Grain Leather Briefcase Sleeve,2,98.27,196.54
INV-102899,CUST-0238,2025-07-31 21:34:02,Computer Accessories,Custom Mechanical RGB Keyboard,5,159.89,799.45
INV-102899,CUST-0238,2025-07-31 21:46:27,Computer Accessories,Ergonomic Multi-Device Wireless Mouse,3,82.56,247.68
INV-103526,CUST-0271,2025-07-31 22:02:23,Computer Accessories,Ergonomic Multi-Device Wireless Mouse,2,98.36,196.72
INV-101235,CUST-0227,2025-08-01 08:20:04,Electronics & Audio,4K Curved Ultra-Wide Gaming Monitor,2,498.02,996.04
INV-103797,CUST-0137,2025-08-01 11:58:33,Specialty Gourmet,Single-Origin Espresso Bean Subscription (1kg),2,31.39,62.78
INV-103797,CUST-0137,2025-08-01 13:19:33,Wearables & Fitness,Titanium GPS Smart Fitness Watch,1,244.3,244.3
INV-101235,CUST-0227,2025-08-01 16:48:07,Electronics & Audio,Thunderbolt 4 Docking Station,4,186.88,747.52
INV-103424,CUST-0409,2025-08-01 17:03:16,Smart Office & Furniture,Motorized Standing Desk Frame,3,458.79,1376.37
INV-101405,CUST-0207,2025-08-01 19:04:12,Smart Office & Furniture,Smart LED Desk Bar Lamp,2,49.58,99.16
INV-101235,CUST-0227,2025-08-01 20:28:27,Apparel & Lifestyle,Thermal Double-Wall Stainless Flask,1,34.95,34.95
INV-100294,CUST-0292,2025-08-01 20:36:28,Apparel & Lifestyle,Thermal Double-Wall Stainless Flask,1,39.47,39.47
INV-103882,CUST-0236,2025-08-02 08:24:22,Smart Office & Furniture,Smart LED Desk Bar Lamp,2,48.34,96.68
INV-100036,CUST-0282,2025-08-02 10:49:08,Electronics & Audio,Thunderbolt 4 Docking Station,5,210.78,1053.9
INV-100693,CUST-0421,2025-08-02 14:59:53,Apparel & Lifestyle,Thermal Double-Wall Stainless Flask,4,39.51,158.04
INV-103783,CUST-0369,2025-08-02 14:59:55,Smart Office & Furniture,Smart LED Desk Bar Lamp,2,47.35,94.7
INV-101895,CUST-0402,2025-08-02 15:18:03,Computer Accessories,Premium Aluminum Monitor Arm,1,62.69,62.69
INV-103406,CUST-0449,2025-08-02 15:51:38,Wearables & Fitness,Titanium GPS Smart Fitness Watch,6,304.56,1827.36
INV-103406,CUST-0449,2025-08-02 17:33:21,Computer Accessories,Ergonomic Multi-Device Wireless Mouse,6,93.65,561.9
INV-102910,CUST-0386,2025-08-02 18:05:37,Computer Accessories,Ergonomic Multi-Device Wireless Mouse,5,86.07,430.35
INV-100533,CUST-0101,2025-08-02 18:08:08,Smart Office & Furniture,Motorized Standing Desk Frame,3,434.63,1303.89
INV-103663,CUST-0253,2025-08-02 19:10:48,Specialty Gourmet,Single-Origin Espresso Bean Subscription (1kg),6,40.09,240.54
INV-102910,CUST-0386,2025-08-02 20:27:02,Computer Accessories,Premium Aluminum Monitor Arm,1,66.42,66.42
INV-103682,CUST-0261,2025-08-03 09:19:09,Computer Accessories,Ergonomic Multi-Device Wireless Mouse,6,99.58,597.48
INV-103275,CUST-0260,2025-08-03 17:28:56,Smart Office & Furniture,Smart LED Desk Bar Lamp,2,61.28,122.56
INV-101809,CUST-0351,2025-08-03 17:32:35,Computer Accessories,Ergonomic Multi-Device Wireless Mouse,3,82.11,246.33
INV-103255,CUST-0055,2025-08-03 18:52:43,Wearables & Fitness,Titanium GPS Smart Fitness Watch,3,290.49,871.47
INV-103255,CUST-0055,2025-08-03 19:03:17,Electronics & Audio,Noise-Cancelling Studio Pro Headphones,4,363.85,1455.4
INV-103338,CUST-0002,2025-08-04 10:24:03,Computer Accessories,Premium Aluminum Monitor Arm,2,78.15,156.3
INV-101143,CUST-0428,2025-08-04 12:46:02,Wearables & Fitness,Titanium GPS Smart Fitness Watch,4,257.9,1031.6
INV-101143,CUST-0428,2025-08-04 12:50:54,Electronics & Audio,4K Curved Ultra-Wide Gaming Monitor,3,496.27,1488.81
INV-103338,CUST-0002,2025-08-04 13:20:08,Apparel & Lifestyle,Full-Grain Leather Briefcase Sleeve,6,105.79,634.74
INV-100968,CUST-0046,2025-08-04 13:21:19,Smart Office & Furniture,Motorized Standing Desk Frame,3,432.99,1298.97
INV-103683,CUST-0261,2025-08-04 15:59:55,Wearables & Fitness,Heart Rate Performance Sensor Band,4,107.83,431.32
INV-101143,CUST-0428,2025-08-04 16:14:41,Wearables & Fitness,Titanium GPS Smart Fitness Watch,1,239.75,239.75
INV-100057,CUST-0180,2025-08-04 17:30:10,Smart Office & Furniture,Ergonomic Lumbar Executive Chair,2,307.86,615.72
INV-103338,CUST-0002,2025-08-04 18:03:21,Specialty Gourmet,Single-Origin Espresso Bean Subscription (1kg),6,40.04,240.24
INV-101066,CUST-0097,2025-08-04 18:52:04,Computer Accessories,Custom Mechanical RGB Keyboard,3,163.33,489.99
INV-100057,CUST-0180,2025-08-04 20:37:36,Electronics & Audio,Noise-Cancelling Studio Pro Headphones,6,337.46,2024.76
INV-100067,CUST-0267,2025-08-04 22:33:14,Wearables & Fitness,Titanium GPS Smart Fitness Watch,2,264.06,528.12
INV-100331,CUST-0144,2025-08-05 09:19:13,Wearables & Fitness,Titanium GPS Smart Fitness Watch,4,274.71,1098.84
INV-103715,CUST-0074,2025-08-05 14:53:39,Wearables & Fitness,Titanium GPS Smart Fitness Watch,2,230.2,460.4
INV-102514,CUST-0258,2025-08-05 18:20:53,Smart Office & Furniture,Ergonomic Lumbar Executive Chair,5,289.68,1448.4
INV-102514,CUST-0258,2025-08-05 19:50:42,Electronics & Audio,Noise-Cancelling Studio Pro Headphones,4,309.88,1239.52
INV-100595,CUST-0089,2025-08-05 21:33:31,Specialty Gourmet,Single-Origin Espresso Bean Subscription (1kg),2,34.57,69.14
INV-100363,CUST-0035,2025-08-05 21:34:27,Smart Office & Furniture,Motorized Standing Desk Frame,5,409.76,2048.8
INV-102900,CUST-0238,2025-08-06 08:23:46,Apparel & Lifestyle,Full-Grain Leather Briefcase Sleeve,3,87.96,263.88
INV-103239,CUST-0153,2025-08-06 09:16:31,Apparel & Lifestyle,Thermal Double-Wall Stainless Flask,5,42.55,212.75
INV-102655,CUST-0298,2025-08-06 10:36:53,Wearables & Fitness,Heart Rate Performance Sensor Band,2,95.02,190.04
INV-103352,CUST-0370,2025-08-06 13:11:58,Apparel & Lifestyle,Thermal Double-Wall Stainless Flask,3,44.71,134.13
INV-100019,CUST-0042,2025-08-06 13:27:56,Wearables & Fitness,Heart Rate Performance Sensor Band,3,94.96,284.88
INV-102655,CUST-0298,2025-08-06 14:35:49,Wearables & Fitness,Heart Rate Performance Sensor Band,2,90.49,180.98
INV-100730,CUST-0152,2025-08-06 15:39:51,Wearables & Fitness,Titanium GPS Smart Fitness Watch,4,279.54,1118.16
INV-101691,CUST-0246,2025-08-06 15:50:48,Computer Accessories,Ergonomic Multi-Device Wireless Mouse,4,81.62,326.48
INV-103276,CUST-0260,2025-08-06 18:16:22,Wearables & Fitness,Titanium GPS Smart Fitness Watch,6,295.72,1774.32
INV-101182,CUST-0189,2025-08-06 18:28:47,Specialty Gourmet,Single-Origin Espresso Bean Subscription (1kg),4,33.57,134.28
INV-103238,CUST-0153,2025-08-06 19:07:48,Computer Accessories,Ergonomic Multi-Device Wireless Mouse,5,93.9,469.5
INV-100405,CUST-0090,2025-08-06 20:00:35,Smart Office & Furniture,Motorized Standing Desk Frame,3,421.24,1263.72
INV-103321,CUST-0323,2025-08-06 20:12:52,Computer Accessories,Ergonomic Multi-Device Wireless Mouse,4,96.61,386.44
INV-103779,CUST-0088,2025-08-06 22:44:32,Smart Office & Furniture,Motorized Standing Desk Frame,2,346.82,693.64
INV-103569,CUST-0033,2025-08-07 13:42:50,Smart Office & Furniture,Ergonomic Lumbar Executive Chair,6,322.92,1937.52
INV-103569,CUST-0033,2025-08-07 13:53:43,Apparel & Lifestyle,Thermal Double-Wall Stainless Flask,2,44.73,89.46
INV-103353,CUST-0370,2025-08-07 16:17:48,Apparel & Lifestyle,Full-Grain Leather Briefcase Sleeve,4,100.38,401.52
INV-102550,CUST-0229,2025-08-07 17:07:10,Electronics & Audio,Noise-Cancelling Studio Pro Headphones,2,317.17,634.34
INV-102840,CUST-0183,2025-08-07 17:59:30,Computer Accessories,Custom Mechanical RGB Keyboard,1,157.93,157.93
INV-103569,CUST-0033,2025-08-07 20:37:12,Computer Accessories,Custom Mechanical RGB Keyboard,5,173.1,865.5
INV-101961,CUST-0268,2025-08-07 20:44:38,Wearables & Fitness,Titanium GPS Smart Fitness Watch,2,256.67,513.34
INV-103765,CUST-0139,2025-08-07 20:45:16,Electronics & Audio,Noise-Cancelling Studio Pro Headphones,2,278.57,557.14
INV-103161,CUST-0277,2025-08-08 12:03:57,Smart Office & Furniture,Smart LED Desk Bar Lamp,2,51.41,102.82
INV-101536,CUST-0193,2025-08-08 12:28:24,Wearables & Fitness,Titanium GPS Smart Fitness Watch,3,257.57,772.71
INV-101536,CUST-0193,2025-08-08 13:13:41,Apparel & Lifestyle,Thermal Double-Wall Stainless Flask,2,34.84,69.68
INV-100037,CUST-0282,2025-08-08 16:09:19,Specialty Gourmet,Single-Origin Espresso Bean Subscription (1kg),1,36.7,36.7
INV-103465,CUST-0059,2025-08-08 16:23:51,Electronics & Audio,Thunderbolt 4 Docking Station,2,234.88,469.76
INV-101962,CUST-0268,2025-08-08 19:08:53,Specialty Gourmet,Single-Origin Espresso Bean Subscription (1kg),3,32.45,97.35
INV-102636,CUST-0436,2025-08-08 22:36:41,Specialty Gourmet,Single-Origin Espresso Bean Subscription (1kg),5,33.03,165.15
INV-102891,CUST-0349,2025-08-09 13:31:56,Computer Accessories,Premium Aluminum Monitor Arm,1,68.79,68.79
INV-100038,CUST-0282,2025-08-09 16:57:18,Computer Accessories,Ergonomic Multi-Device Wireless Mouse,6,85.96,515.76
INV-103478,CUST-0006,2025-08-09 17:13:16,Wearables & Fitness,Heart Rate Performance Sensor Band,2,110.97,221.94
INV-101682,CUST-0011,2025-08-09 17:26:58,Smart Office & Furniture,Smart LED Desk Bar Lamp,3,48.54,145.62
INV-103656,CUST-0047,2025-08-09 18:25:00,Apparel & Lifestyle,Thermal Double-Wall Stainless Flask,5,43.94,219.7
INV-102891,CUST-0349,2025-08-09 19:40:18,Wearables & Fitness,Titanium GPS Smart Fitness Watch,4,270.76,1083.04
INV-103256,CUST-0055,2025-08-10 09:37:39,Specialty Gourmet,Single-Origin Espresso Bean Subscription (1kg),5,38.39,191.95
INV-101456,CUST-0324,2025-08-10 10:53:40,Specialty Gourmet,Single-Origin Espresso Bean Subscription (1kg),2,33.77,67.54
INV-103684,CUST-0261,2025-08-10 11:02:06,Computer Accessories,Ergonomic Multi-Device Wireless Mouse,6,98.23,589.38
INV-100475,CUST-0146,2025-08-10 11:33:34,Smart Office & Furniture,Ergonomic Lumbar Executive Chair,1,311.64,311.64
INV-102719,CUST-0405,2025-08-10 14:06:10,Wearables & Fitness,Titanium GPS Smart Fitness Watch,1,253.19,253.19
INV-101967,CUST-0191,2025-08-10 14:07:02,Electronics & Audio,4K Curved Ultra-Wide Gaming Monitor,4,497.46,1989.84
INV-103684,CUST-0261,2025-08-10 14:38:05,Smart Office & Furniture,Motorized Standing Desk Frame,5,452.58,2262.9
INV-103646,CUST-0025,2025-08-10 15:17:15,Apparel & Lifestyle,Full-Grain Leather Briefcase Sleeve,6,99.85,599.1
INV-102508,CUST-0225,2025-08-10 15:45:31,Specialty Gourmet,Single-Origin Espresso Bean Subscription (1kg),4,34.28,137.12
INV-102508,CUST-0225,2025-08-10 16:47:30,Computer Accessories,Custom Mechanical RGB Keyboard,2,155.23,310.46
INV-103684,CUST-0261,2025-08-10 18:34:18,Smart Office & Furniture,Ergonomic Lumbar Executive Chair,3,334.61,1003.83
INV-102508,CUST-0225,2025-08-10 19:35:15,Wearables & Fitness,Heart Rate Performance Sensor Band,5,95.63,478.15
INV-100781,CUST-0352,2025-08-10 21:57:07,Specialty Gourmet,Single-Origin Espresso Bean Subscription (1kg),3,35.39,106.17
INV-103354,CUST-0370,2025-08-11 08:38:45,Smart Office & Furniture,Motorized Standing Desk Frame,2,453.3,906.6
INV-103354,CUST-0370,2025-08-11 09:55:56,Apparel & Lifestyle,Thermal Double-Wall Stainless Flask,6,42.98,257.88
INV-102551,CUST-0229,2025-08-11 10:01:38,Apparel & Lifestyle,Full-Grain Leather Briefcase Sleeve,1,86.7,86.7
INV-103354,CUST-0370,2025-08-11 20:14:14,Apparel & Lifestyle,Full-Grain Leather Briefcase Sleeve,2,98.53,197.06
INV-101424,CUST-0094,2025-08-12 08:33:00,Electronics & Audio,Noise-Cancelling Studio Pro Headphones,3,290.28,870.84
INV-103709,CUST-0443,2025-08-12 09:42:41,Electronics & Audio,Thunderbolt 4 Docking Station,1,178.53,178.53
INV-101330,CUST-0388,2025-08-12 09:59:55,Electronics & Audio,4K Curved Ultra-Wide Gaming Monitor,4,505.91,2023.64
INV-103240,CUST-0153,2025-08-12 11:21:39,Wearables & Fitness,Titanium GPS Smart Fitness Watch,6,305.9,1835.4
INV-101424,CUST-0094,2025-08-12 12:01:51,Smart Office & Furniture,Smart LED Desk Bar Lamp,1,49.3,49.3
INV-103240,CUST-0153,2025-08-12 12:28:51,Apparel & Lifestyle,Thermal Double-Wall Stainless Flask,6,44.88,269.28
INV-101788,CUST-0178,2025-08-12 13:01:35,Apparel & Lifestyle,Full-Grain Leather Briefcase Sleeve,2,85.65,171.3
INV-101788,CUST-0178,2025-08-12 15:46:40,Smart Office & Furniture,Motorized Standing Desk Frame,1,387.47,387.47
INV-103240,CUST-0153,2025-08-12 16:17:08,Computer Accessories,Ergonomic Multi-Device Wireless Mouse,2,96.91,193.82
INV-100553,CUST-0005,2025-08-12 17:25:29,Computer Accessories,Ergonomic Multi-Device Wireless Mouse,1,86.17,86.17
INV-103299,CUST-0257,2025-08-12 21:07:58,Electronics & Audio,Noise-Cancelling Studio Pro Headphones,2,369.71,739.42
INV-101046,CUST-0364,2025-08-13 08:09:50,Computer Accessories,Ergonomic Multi-Device Wireless Mouse,4,84.6,338.4
INV-103479,CUST-0006,2025-08-13 10:53:17,Computer Accessories,Ergonomic Multi-Device Wireless Mouse,6,92.25,553.5
INV-103367,CUST-0081,2025-08-13 11:45:27,Smart Office & Furniture,Smart LED Desk Bar Lamp,3,60.64,181.92
INV-103217,CUST-0425,2025-08-13 12:10:52,Computer Accessories,Premium Aluminum Monitor Arm,6,77.07,462.42
INV-103367,CUST-0081,2025-08-13 12:34:22,Computer Accessories,Custom Mechanical RGB Keyboard,4,183.77,735.08
INV-101132,CUST-0131,2025-08-13 13:38:40,Electronics & Audio,Noise-Cancelling Studio Pro Headphones,1,298.59,298.59
INV-101537,CUST-0193,2025-08-13 14:41:01,Smart Office & Furniture,Motorized Standing Desk Frame,3,367.11,1101.33
INV-103570,CUST-0033,2025-08-13 14:43:58,Apparel & Lifestyle,Thermal Double-Wall Stainless Flask,6,43.45,260.7
INV-102973,CUST-0066,2025-08-13 17:53:03,Wearables & Fitness,Titanium GPS Smart Fitness Watch,1,257.49,257.49
INV-103466,CUST-0059,2025-08-13 19:20:38,Smart Office & Furniture,Smart LED Desk Bar Lamp,6,60.8,364.8
INV-103466,CUST-0059,2025-08-13 22:32:39,Electronics & Audio,4K Curved Ultra-Wide Gaming Monitor,5,607.3,3036.5
INV-101763,CUST-0073,2025-08-13 22:35:00,Specialty Gourmet,Single-Origin Espresso Bean Subscription (1kg),1,31.83,31.83
INV-103535,CUST-0240,2025-08-14 14:35:46,Computer Accessories,Custom Mechanical RGB Keyboard,3,175.56,526.68
INV-100534,CUST-0101,2025-08-14 15:42:27,Wearables & Fitness,Heart Rate Performance Sensor Band,2,99.63,199.26
INV-102791,CUST-0096,2025-08-14 18:57:48,Electronics & Audio,Noise-Cancelling Studio Pro Headphones,2,318.99,637.98
INV-101558,CUST-0107,2025-08-14 21:45:40,Smart Office & Furniture,Smart LED Desk Bar Lamp,1,48.97,48.97
INV-103736,CUST-0109,2025-08-15 11:48:54,Smart Office & Furniture,Smart LED Desk Bar Lamp,1,49.09,49.09
INV-103106,CUST-0010,2025-08-15 12:09:08,Computer Accessories,Ergonomic Multi-Device Wireless Mouse,2,81.7,163.4
INV-103849,CUST-0099,2025-08-15 13:56:54,Computer Accessories,Premium Aluminum Monitor Arm,1,59.98,59.98
INV-101886,CUST-0321,2025-08-15 14:11:07,Specialty Gourmet,Single-Origin Espresso Bean Subscription (1kg),3,31.72,95.16
INV-101886,CUST-0321,2025-08-15 16:17:31,Computer Accessories,Ergonomic Multi-Device Wireless Mouse,3,79.01,237.03
INV-102627,CUST-0311,2025-08-15 16:37:53,Computer Accessories,Premium Aluminum Monitor Arm,3,67.26,201.78
INV-103106,CUST-0010,2025-08-15 16:50:47,Smart Office & Furniture,Ergonomic Lumbar Executive Chair,5,283.69,1418.45
INV-101277,CUST-0239,2025-08-15 21:39:46,Specialty Gourmet,Single-Origin Espresso Bean Subscription (1kg),3,31.71,95.13
INV-103800,CUST-0344,2025-08-16 10:55:23,Apparel & Lifestyle,Thermal Double-Wall Stainless Flask,1,34.21,34.21
INV-103800,CUST-0344,2025-08-16 13:37:02,Apparel & Lifestyle,Thermal Double-Wall Stainless Flask,1,33.75,33.75
INV-100572,CUST-0008,2025-08-16 15:34:53,Computer Accessories,Premium Aluminum Monitor Arm,5,71.76,358.8
INV-103527,CUST-0271,2025-08-16 15:38:58,Apparel & Lifestyle,Full-Grain Leather Briefcase Sleeve,4,105.47,421.88
INV-100435,CUST-0355,2025-08-16 16:13:24,Apparel & Lifestyle,Full-Grain Leather Briefcase Sleeve,5,91.56,457.8
INV-103800,CUST-0344,2025-08-16 18:26:49,Wearables & Fitness,Titanium GPS Smart Fitness Watch,2,239.32,478.64
INV-103425,CUST-0409,2025-08-16 19:47:52,Smart Office & Furniture,Motorized Standing Desk Frame,2,456.71,913.42
INV-103277,CUST-0260,2025-08-17 09:55:35,Smart Office & Furniture,Ergonomic Lumbar Executive Chair,5,328.67,1643.35
INV-103611,CUST-0412,2025-08-17 11:13:16,Computer Accessories,Custom Mechanical RGB Keyboard,3,179.88,539.64
INV-103277,CUST-0260,2025-08-17 14:33:32,Computer Accessories,Custom Mechanical RGB Keyboard,2,186.38,372.76
INV-103480,CUST-0006,2025-08-17 14:46:50,Smart Office & Furniture,Smart LED Desk Bar Lamp,5,60.49,302.45
INV-103277,CUST-0260,2025-08-17 15:16:36,Wearables & Fitness,Titanium GPS Smart Fitness Watch,2,293.07,586.14
INV-100039,CUST-0282,2025-08-17 18:10:37,Wearables & Fitness,Heart Rate Performance Sensor Band,5,94.72,473.6
INV-100039,CUST-0282,2025-08-17 18:19:39,Computer Accessories,Ergonomic Multi-Device Wireless Mouse,5,86.3,431.5
INV-103241,CUST-0153,2025-08-17 21:50:48,Computer Accessories,Custom Mechanical RGB Keyboard,6,181.97,1091.82
INV-103480,CUST-0006,2025-08-17 22:56:04,Apparel & Lifestyle,Thermal Double-Wall Stainless Flask,4,42.88,171.52
INV-103563,CUST-0198,2025-08-18 10:25:47,Computer Accessories,Premium Aluminum Monitor Arm,2,77.5,155.0
INV-101581,CUST-0086,2025-08-18 11:52:21,Specialty Gourmet,Single-Origin Espresso Bean Subscription (1kg),3,33.73,101.19
INV-103528,CUST-0271,2025-08-18 13:19:26,Electronics & Audio,Thunderbolt 4 Docking Station,3,234.75,704.25
INV-100535,CUST-0101,2025-08-18 14:22:14,Apparel & Lifestyle,Thermal Double-Wall Stainless Flask,5,40.61,203.05
INV-100535,CUST-0101,2025-08-18 15:32:27,Electronics & Audio,Thunderbolt 4 Docking Station,4,210.51,842.04
INV-103023,CUST-0044,2025-08-18 17:24:38,Electronics & Audio,4K Curved Ultra-Wide Gaming Monitor,2,521.4,1042.8
INV-101581,CUST-0086,2025-08-18 17:27:42,Wearables & Fitness,Titanium GPS Smart Fitness Watch,4,244.59,978.36
INV-100159,CUST-0121,2025-08-18 19:18:18,Computer Accessories,Ergonomic Multi-Device Wireless Mouse,5,85.56,427.8
INV-100535,CUST-0101,2025-08-18 19:38:59,Electronics & Audio,Thunderbolt 4 Docking Station,4,215.01,860.04
INV-100194,CUST-0418,2025-08-18 19:46:19,Computer Accessories,Ergonomic Multi-Device Wireless Mouse,6,87.02,522.12
INV-103355,CUST-0370,2025-08-18 21:21:20,Computer Accessories,Ergonomic Multi-Device Wireless Mouse,5,95.72,478.6
INV-103442,CUST-0362,2025-08-19 10:32:50,Computer Accessories,Premium Aluminum Monitor Arm,2,79.23,158.46
INV-100406,CUST-0090,2025-08-19 11:10:45,Smart Office & Furniture,Motorized Standing Desk Frame,5,415.9,2079.5
INV-103278,CUST-0260,2025-08-19 12:22:27,Smart Office & Furniture,Smart LED Desk Bar Lamp,2,57.99,115.98
INV-100216,CUST-0174,2025-08-19 15:00:21,Computer Accessories,Custom Mechanical RGB Keyboard,2,158.65,317.3
INV-102757,CUST-0133,2025-08-20 08:08:59,Specialty Gourmet,Single-Origin Espresso Bean Subscription (1kg),4,34.19,136.76
INV-102757,CUST-0133,2025-08-20 09:01:57,Computer Accessories,Ergonomic Multi-Device Wireless Mouse,5,80.65,403.25
INV-101692,CUST-0246,2025-08-20 11:28:12,Wearables & Fitness,Titanium GPS Smart Fitness Watch,3,245.08,735.24
INV-103536,CUST-0240,2025-08-20 12:59:45,Smart Office & Furniture,Ergonomic Lumbar Executive Chair,5,329.71,1648.55
INV-101047,CUST-0364,2025-08-20 13:10:36,Apparel & Lifestyle,Thermal Double-Wall Stainless Flask,6,39.92,239.52
INV-101067,CUST-0097,2025-08-20 14:18:38,Specialty Gourmet,Single-Origin Espresso Bean Subscription (1kg),5,35.04,175.2
INV-103395,CUST-0387,2025-08-20 14:43:47,Specialty Gourmet,Single-Origin Espresso Bean Subscription (1kg),3,38.29,114.87
INV-103536,CUST-0240,2025-08-20 14:56:55,Computer Accessories,Custom Mechanical RGB Keyboard,3,176.15,528.45
INV-102757,CUST-0133,2025-08-20 16:02:38,Electronics & Audio,Noise-Cancelling Studio Pro Headphones,3,326.49,979.47
INV-101810,CUST-0351,2025-08-20 18:34:32,Wearables & Fitness,Heart Rate Performance Sensor Band,3,87.91,263.73
INV-100969,CUST-0046,2025-08-20 21:08:21,Wearables & Fitness,Heart Rate Performance Sensor Band,6,98.31,589.86
INV-103189,CUST-0192,2025-08-20 22:28:23,Specialty Gourmet,Single-Origin Espresso Bean Subscription (1kg),4,33.83,135.32
INV-100824,CUST-0164,2025-08-21 10:56:59,Specialty Gourmet,Single-Origin Espresso Bean Subscription (1kg),6,34.51,207.06
INV-103279,CUST-0260,2025-08-21 11:19:15,Wearables & Fitness,Heart Rate Performance Sensor Band,4,109.54,438.16
INV-100824,CUST-0164,2025-08-21 11:34:24,Specialty Gourmet,Single-Origin Espresso Bean Subscription (1kg),2,36.59,73.18
INV-103356,CUST-0370,2025-08-21 16:30:59,Wearables & Fitness,Heart Rate Performance Sensor Band,3,109.19,327.57
INV-103218,CUST-0425,2025-08-21 16:58:49,Apparel & Lifestyle,Thermal Double-Wall Stainless Flask,5,41.66,208.3
INV-103738,CUST-0034,2025-08-21 17:13:23,Smart Office & Furniture,Smart LED Desk Bar Lamp,2,47.45,94.9
INV-100824,CUST-0164,2025-08-21 17:27:40,Specialty Gourmet,Single-Origin Espresso Bean Subscription (1kg),6,35.39,212.34
INV-100476,CUST-0146,2025-08-21 20:40:03,Apparel & Lifestyle,Full-Grain Leather Briefcase Sleeve,5,92.66,463.3
INV-103356,CUST-0370,2025-08-21 22:24:44,Wearables & Fitness,Titanium GPS Smart Fitness Watch,2,305.28,610.56
INV-101048,CUST-0364,2025-08-22 08:51:59,Computer Accessories,Ergonomic Multi-Device Wireless Mouse,6,87.14,522.84
INV-101425,CUST-0094,2025-08-22 09:55:43,Apparel & Lifestyle,Thermal Double-Wall Stainless Flask,2,37.37,74.74
INV-103152,CUST-0272,2025-08-22 10:04:16,Electronics & Audio,Thunderbolt 4 Docking Station,2,203.7,407.4
INV-100627,CUST-0363,2025-08-22 10:12:11,Smart Office & Furniture,Motorized Standing Desk Frame,5,426.54,2132.7
INV-102043,CUST-0056,2025-08-22 10:44:56,Electronics & Audio,Thunderbolt 4 Docking Station,3,194.81,584.43
INV-103152,CUST-0272,2025-08-22 10:51:24,Apparel & Lifestyle,Thermal Double-Wall Stainless Flask,2,37.26,74.52
INV-100455,CUST-0154,2025-08-22 11:34:33,Computer Accessories,Ergonomic Multi-Device Wireless Mouse,6,88.16,528.96
INV-103883,CUST-0374,2025-08-22 12:25:11,Specialty Gourmet,Single-Origin Espresso Bean Subscription (1kg),2,29.66,59.32
INV-101048,CUST-0364,2025-08-22 13:33:10,Computer Accessories,Custom Mechanical RGB Keyboard,2,163.71,327.42
INV-100436,CUST-0355,2025-08-22 14:00:46,Specialty Gourmet,Single-Origin Espresso Bean Subscription (1kg),4,35.6,142.4
INV-101918,CUST-0287,2025-08-22 14:30:09,Specialty Gourmet,Single-Origin Espresso Bean Subscription (1kg),2,33.76,67.52
INV-100596,CUST-0089,2025-08-22 14:37:14,Smart Office & Furniture,Ergonomic Lumbar Executive Chair,2,296.4,592.8
INV-101811,CUST-0351,2025-08-22 15:05:22,Apparel & Lifestyle,Thermal Double-Wall Stainless Flask,1,36.56,36.56
INV-103883,CUST-0374,2025-08-22 15:54:24,Apparel & Lifestyle,Thermal Double-Wall Stainless Flask,2,32.89,65.78
INV-100627,CUST-0363,2025-08-22 16:29:45,Electronics & Audio,4K Curved Ultra-Wide Gaming Monitor,3,545.15,1635.45
INV-100436,CUST-0355,2025-08-22 17:01:33,Computer Accessories,Ergonomic Multi-Device Wireless Mouse,1,91.29,91.29
INV-101425,CUST-0094,2025-08-22 17:31:11,Wearables & Fitness,Titanium GPS Smart Fitness Watch,2,242.79,485.58
INV-103152,CUST-0272,2025-08-22 17:31:50,Wearables & Fitness,Heart Rate Performance Sensor Band,1,96.61,96.61
INV-101048,CUST-0364,2025-08-22 18:24:46,Specialty Gourmet,Single-Origin Espresso Bean Subscription (1kg),5,35.55,177.75
INV-101144,CUST-0428,2025-08-22 19:01:35,Specialty Gourmet,Single-Origin Espresso Bean Subscription (1kg),4,32.97,131.88
INV-102043,CUST-0056,2025-08-22 19:12:02,Smart Office & Furniture,Ergonomic Lumbar Executive Chair,1,269.36,269.36
INV-100694,CUST-0421,2025-08-22 19:16:32,Smart Office & Furniture,Motorized Standing Desk Frame,1,428.85,428.85
INV-100596,CUST-0089,2025-08-22 19:27:47,Computer Accessories,Custom Mechanical RGB Keyboard,4,162.07,648.28
INV-101144,CUST-0428,2025-08-22 20:12:34,Computer Accessories,Custom Mechanical RGB Keyboard,1,153.27,153.27
INV-101919,CUST-0287,2025-08-22 20:38:40,Wearables & Fitness,Titanium GPS Smart Fitness Watch,2,246.17,492.34
INV-101919,CUST-0287,2025-08-22 21:04:05,Apparel & Lifestyle,Full-Grain Leather Briefcase Sleeve,4,81.75,327.0
INV-101919,CUST-0287,2025-08-22 21:07:37,Smart Office & Furniture,Ergonomic Lumbar Executive Chair,3,265.62,796.86
INV-101789,CUST-0178,2025-08-22 22:33:43,Specialty Gourmet,Single-Origin Espresso Bean Subscription (1kg),3,31.26,93.78
INV-101789,CUST-0178,2025-08-22 22:38:04,Specialty Gourmet,Single-Origin Espresso Bean Subscription (1kg),2,32.67,65.34
INV-103883,CUST-0374,2025-08-22 22:53:23,Apparel & Lifestyle,Thermal Double-Wall Stainless Flask,2,34.39,68.78
INV-103537,CUST-0240,2025-08-23 09:39:07,Specialty Gourmet,Single-Origin Espresso Bean Subscription (1kg),6,40.25,241.5
INV-102695,CUST-0087,2025-08-23 10:15:46,Smart Office & Furniture,Smart LED Desk Bar Lamp,1,53.74,53.74
INV-100437,CUST-0355,2025-08-23 11:13:54,Specialty Gourmet,Single-Origin Espresso Bean Subscription (1kg),1,35.18,35.18
INV-103621,CUST-0079,2025-08-23 15:39:42,Computer Accessories,Premium Aluminum Monitor Arm,6,79.21,475.26
INV-101158,CUST-0128,2025-08-23 16:29:27,Apparel & Lifestyle,Full-Grain Leather Briefcase Sleeve,3,87.44,262.32
INV-103537,CUST-0240,2025-08-23 18:13:44,Specialty Gourmet,Single-Origin Espresso Bean Subscription (1kg),2,37.48,74.96
INV-101608,CUST-0209,2025-08-23 19:07:45,Computer Accessories,Ergonomic Multi-Device Wireless Mouse,2,79.61,159.22
INV-100997,CUST-0269,2025-08-23 20:00:55,Electronics & Audio,Thunderbolt 4 Docking Station,6,213.43,1280.58
INV-100997,CUST-0269,2025-08-23 22:16:51,Computer Accessories,Premium Aluminum Monitor Arm,4,71.87,287.48
INV-102515,CUST-0258,2025-08-24 10:14:21,Electronics & Audio,Thunderbolt 4 Docking Station,2,191.9,383.8
INV-100217,CUST-0174,2025-08-24 10:37:45,Electronics & Audio,Thunderbolt 4 Docking Station,3,201.11,603.33
INV-103257,CUST-0055,2025-08-24 11:32:51,Apparel & Lifestyle,Thermal Double-Wall Stainless Flask,2,41.93,83.86
INV-103510,CUST-0129,2025-08-24 12:10:26,Computer Accessories,Ergonomic Multi-Device Wireless Mouse,6,97.24,583.44
INV-103107,CUST-0010,2025-08-24 14:26:35,Apparel & Lifestyle,Thermal Double-Wall Stainless Flask,5,36.79,183.95
INV-102515,CUST-0258,2025-08-24 20:06:39,Computer Accessories,Ergonomic Multi-Device Wireless Mouse,4,84.62,338.48
INV-100217,CUST-0174,2025-08-24 20:54:55,Computer Accessories,Custom Mechanical RGB Keyboard,6,160.73,964.38
INV-102911,CUST-0386,2025-08-24 22:19:22,Electronics & Audio,4K Curved Ultra-Wide Gaming Monitor,4,530.89,2123.56
INV-102515,CUST-0258,2025-08-24 22:31:27,Specialty Gourmet,Single-Origin Espresso Bean Subscription (1kg),2,32.84,65.68
INV-102792,CUST-0096,2025-08-25 09:52:44,Electronics & Audio,Thunderbolt 4 Docking Station,5,193.56,967.8
INV-101693,CUST-0246,2025-08-25 11:41:31,Smart Office & Furniture,Ergonomic Lumbar Executive Chair,2,264.38,528.76
INV-100498,CUST-0395,2025-08-25 12:19:32,Wearables & Fitness,Heart Rate Performance Sensor Band,3,100.17,300.51
INV-100477,CUST-0146,2025-08-25 12:29:10,Smart Office & Furniture,Ergonomic Lumbar Executive Chair,3,309.12,927.36
INV-100499,CUST-0395,2025-08-25 13:25:46,Apparel & Lifestyle,Full-Grain Leather Briefcase Sleeve,1,94.89,94.89
INV-101693,CUST-0246,2025-08-25 15:14:28,Computer Accessories,Ergonomic Multi-Device Wireless Mouse,4,78.43,313.72
INV-103497,CUST-0284,2025-08-25 18:34:14,Electronics & Audio,4K Curved Ultra-Wide Gaming Monitor,2,594.33,1188.66
INV-100852,CUST-0078,2025-08-25 19:57:13,Smart Office & Furniture,Smart LED Desk Bar Lamp,1,55.86,55.86
INV-100852,CUST-0078,2025-08-25 20:35:07,Wearables & Fitness,Heart Rate Performance Sensor Band,4,97.21,388.84
INV-100195,CUST-0418,2025-08-26 08:09:45,Smart Office & Furniture,Smart LED Desk Bar Lamp,2,54.64,109.28
INV-100364,CUST-0035,2025-08-26 11:26:35,Wearables & Fitness,Titanium GPS Smart Fitness Watch,6,271.65,1629.9
INV-101287,CUST-0343,2025-08-26 12:17:29,Computer Accessories,Custom Mechanical RGB Keyboard,4,151.88,607.52
INV-100554,CUST-0005,2025-08-26 13:35:00,Apparel & Lifestyle,Full-Grain Leather Briefcase Sleeve,6,97.19,583.14
INV-103407,CUST-0449,2025-08-26 15:21:26,Smart Office & Furniture,Motorized Standing Desk Frame,3,471.39,1414.17
INV-103407,CUST-0449,2025-08-26 15:32:48,Wearables & Fitness,Titanium GPS Smart Fitness Watch,6,307.29,1843.74
INV-100796,CUST-0202,2025-08-26 15:57:45,Smart Office & Furniture,Smart LED Desk Bar Lamp,3,52.95,158.85
INV-100554,CUST-0005,2025-08-26 16:21:43,Apparel & Lifestyle,Full-Grain Leather Briefcase Sleeve,5,95.52,477.6
INV-101887,CUST-0321,2025-08-26 19:27:38,Wearables & Fitness,Titanium GPS Smart Fitness Watch,3,247.94,743.82
INV-101887,CUST-0321,2025-08-26 21:33:43,Electronics & Audio,Noise-Cancelling Studio Pro Headphones,2,296.36,592.72
INV-103836,CUST-0117,2025-08-27 08:09:40,Computer Accessories,Premium Aluminum Monitor Arm,1,61.84,61.84
INV-100425,CUST-0012,2025-08-27 12:20:26,Smart Office & Furniture,Smart LED Desk Bar Lamp,5,53.47,267.35
INV-102974,CUST-0066,2025-08-27 12:23:33,Wearables & Fitness,Heart Rate Performance Sensor Band,5,92.38,461.9
INV-101559,CUST-0107,2025-08-27 12:35:49,Smart Office & Furniture,Ergonomic Lumbar Executive Chair,4,264.76,1059.04
INV-101559,CUST-0107,2025-08-27 14:06:00,Apparel & Lifestyle,Full-Grain Leather Briefcase Sleeve,4,83.07,332.28
INV-103836,CUST-0117,2025-08-27 17:48:00,Wearables & Fitness,Heart Rate Performance Sensor Band,2,86.53,173.06
INV-100407,CUST-0090,2025-08-27 18:15:33,Computer Accessories,Premium Aluminum Monitor Arm,3,68.56,205.68
INV-100407,CUST-0090,2025-08-27 18:17:18,Computer Accessories,Premium Aluminum Monitor Arm,5,72.7,363.5
INV-101559,CUST-0107,2025-08-27 18:49:01,Computer Accessories,Ergonomic Multi-Device Wireless Mouse,2,80.5,161.0
INV-103549,CUST-0196,2025-08-27 20:48:25,Computer Accessories,Custom Mechanical RGB Keyboard,3,184.95,554.85
INV-103291,CUST-0092,2025-08-28 08:08:14,Electronics & Audio,Noise-Cancelling Studio Pro Headphones,3,349.26,1047.78
INV-101734,CUST-0075,2025-08-28 09:25:17,Apparel & Lifestyle,Full-Grain Leather Briefcase Sleeve,2,85.19,170.38
INV-100318,CUST-0243,2025-08-28 10:26:34,Electronics & Audio,4K Curved Ultra-Wide Gaming Monitor,1,561.47,561.47
INV-100318,CUST-0243,2025-08-28 11:11:33,Smart Office & Furniture,Smart LED Desk Bar Lamp,6,54.19,325.14
INV-101832,CUST-0304,2025-08-28 13:55:49,Computer Accessories,Custom Mechanical RGB Keyboard,4,148.98,595.92
INV-102709,CUST-0417,2025-08-28 14:57:50,Computer Accessories,Custom Mechanical RGB Keyboard,5,152.24,761.2
INV-101832,CUST-0304,2025-08-28 16:51:58,Computer Accessories,Premium Aluminum Monitor Arm,2,66.75,133.5
INV-103757,CUST-0419,2025-08-28 18:02:45,Smart Office & Furniture,Ergonomic Lumbar Executive Chair,2,268.85,537.7
INV-100160,CUST-0121,2025-08-28 18:52:06,Specialty Gourmet,Single-Origin Espresso Bean Subscription (1kg),5,37.14,185.7
INV-102814,CUST-0103,2025-08-28 21:55:50,Computer Accessories,Premium Aluminum Monitor Arm,2,68.65,137.3
INV-100243,CUST-0242,2025-08-28 22:56:21,Wearables & Fitness,Heart Rate Performance Sensor Band,4,94.29,377.16
INV-101183,CUST-0189,2025-08-29 08:37:37,Smart Office & Furniture,Ergonomic Lumbar Executive Chair,1,267.35,267.35
INV-102113,CUST-0295,2025-08-29 11:03:44,Computer Accessories,Premium Aluminum Monitor Arm,4,63.07,252.28
INV-100456,CUST-0154,2025-08-29 16:02:16,Wearables & Fitness,Titanium GPS Smart Fitness Watch,5,282.8,1414.0
INV-103408,CUST-0449,2025-08-29 16:19:52,Apparel & Lifestyle,Thermal Double-Wall Stainless Flask,2,42.78,85.56
INV-102686,CUST-0320,2025-08-29 16:41:53,Apparel & Lifestyle,Full-Grain Leather Briefcase Sleeve,1,88.58,88.58
INV-103647,CUST-0025,2025-08-29 17:13:32,Computer Accessories,Premium Aluminum Monitor Arm,5,77.45,387.25
INV-103077,CUST-0158,2025-08-29 17:14:08,Computer Accessories,Custom Mechanical RGB Keyboard,1,151.33,151.33
INV-103219,CUST-0425,2025-08-29 17:23:32,Apparel & Lifestyle,Full-Grain Leather Briefcase Sleeve,3,99.57,298.71
INV-103467,CUST-0059,2025-08-29 17:26:07,Computer Accessories,Custom Mechanical RGB Keyboard,3,177.93,533.79
INV-100456,CUST-0154,2025-08-29 18:01:24,Smart Office & Furniture,Smart LED Desk Bar Lamp,2,55.85,111.7
INV-103077,CUST-0158,2025-08-29 19:05:47,Electronics & Audio,Noise-Cancelling Studio Pro Headphones,5,322.54,1612.7
INV-103647,CUST-0025,2025-08-29 19:20:03,Wearables & Fitness,Titanium GPS Smart Fitness Watch,2,296.29,592.58
INV-101183,CUST-0189,2025-08-29 19:49:37,Computer Accessories,Ergonomic Multi-Device Wireless Mouse,2,81.39,162.78
INV-103077,CUST-0158,2025-08-29 20:08:35,Computer Accessories,Ergonomic Multi-Device Wireless Mouse,3,83.84,251.52
INV-103242,CUST-0153,2025-08-29 22:44:30,Computer Accessories,Ergonomic Multi-Device Wireless Mouse,5,97.29,486.45
INV-103443,CUST-0362,2025-08-30 08:21:24,Electronics & Audio,4K Curved Ultra-Wide Gaming Monitor,6,619.95,3719.7
INV-102637,CUST-0436,2025-08-30 10:52:51,Smart Office & Furniture,Smart LED Desk Bar Lamp,1,52.53,52.53
INV-101620,CUST-0216,2025-08-30 12:00:08,Electronics & Audio,Thunderbolt 4 Docking Station,2,182.56,365.12
INV-100597,CUST-0089,2025-08-30 14:02:02,Wearables & Fitness,Titanium GPS Smart Fitness Watch,5,282.63,1413.15
INV-101620,CUST-0216,2025-08-30 14:17:25,Computer Accessories,Ergonomic Multi-Device Wireless Mouse,2,77.3,154.6
INV-102637,CUST-0436,2025-08-30 15:00:58,Computer Accessories,Premium Aluminum Monitor Arm,1,68.53,68.53
INV-103443,CUST-0362,2025-08-30 15:01:00,Specialty Gourmet,Single-Origin Espresso Bean Subscription (1kg),5,38.24,191.2
INV-103443,CUST-0362,2025-08-30 15:04:41,Wearables & Fitness,Heart Rate Performance Sensor Band,4,104.2,416.8
INV-100597,CUST-0089,2025-08-30 16:02:27,Electronics & Audio,Thunderbolt 4 Docking Station,4,212.34,849.36
INV-103368,CUST-0081,2025-08-30 17:28:54,Electronics & Audio,Noise-Cancelling Studio Pro Headphones,3,345.78,1037.34
INV-101735,CUST-0075,2025-08-30 17:43:18,Wearables & Fitness,Heart Rate Performance Sensor Band,2,90.4,180.8
INV-103143,CUST-0001,2025-08-30 20:05:13,Electronics & Audio,Thunderbolt 4 Docking Station,5,194.43,972.15
INV-103468,CUST-0059,2025-08-31 11:41:17,Computer Accessories,Custom Mechanical RGB Keyboard,5,183.2,916.0
INV-103564,CUST-0198,2025-08-31 13:58:16,Apparel & Lifestyle,Thermal Double-Wall Stainless Flask,4,42.78,171.12
INV-101498,CUST-0278,2025-08-31 14:55:40,Electronics & Audio,Noise-Cancelling Studio Pro Headphones,2,306.91,613.82
INV-103564,CUST-0198,2025-08-31 16:15:24,Computer Accessories,Premium Aluminum Monitor Arm,3,78.9,236.7
INV-102985,CUST-0065,2025-08-31 18:49:57,Apparel & Lifestyle,Thermal Double-Wall Stainless Flask,1,37.68,37.68
INV-102136,CUST-0377,2025-09-01 10:10:52,Apparel & Lifestyle,Thermal Double-Wall Stainless Flask,3,37.29,111.87
INV-102542,CUST-0018,2025-09-01 12:18:30,Wearables & Fitness,Heart Rate Performance Sensor Band,3,92.43,277.29
INV-100515,CUST-0062,2025-09-01 14:03:05,Smart Office & Furniture,Ergonomic Lumbar Executive Chair,6,291.62,1749.72
INV-103001,CUST-0439,2025-09-01 15:23:06,Computer Accessories,Custom Mechanical RGB Keyboard,2,154.43,308.86
INV-103001,CUST-0439,2025-09-01 16:38:14,Computer Accessories,Ergonomic Multi-Device Wireless Mouse,3,85.07,255.21
INV-102975,CUST-0066,2025-09-01 16:48:53,Computer Accessories,Premium Aluminum Monitor Arm,5,69.98,349.9
INV-102542,CUST-0018,2025-09-01 18:57:43,Smart Office & Furniture,Ergonomic Lumbar Executive Chair,1,297.15,297.15
INV-102975,CUST-0066,2025-09-01 21:55:15,Smart Office & Furniture,Smart LED Desk Bar Lamp,4,54.19,216.76
INV-101560,CUST-0107,2025-09-02 09:44:33,Smart Office & Furniture,Smart LED Desk Bar Lamp,1,49.0,49.0
INV-103469,CUST-0059,2025-09-02 10:42:54,Apparel & Lifestyle,Thermal Double-Wall Stainless Flask,2,44.53,89.06
INV-102976,CUST-0066,2025-09-02 11:38:40,Smart Office & Furniture,Ergonomic Lumbar Executive Chair,3,300.28,900.84
INV-103470,CUST-0059,2025-09-02 12:34:52,Electronics & Audio,Thunderbolt 4 Docking Station,4,233.8,935.2
INV-103456,CUST-0392,2025-09-02 12:42:41,Electronics & Audio,Thunderbolt 4 Docking Station,6,232.19,1393.14
INV-103469,CUST-0059,2025-09-02 13:39:31,Electronics & Audio,Noise-Cancelling Studio Pro Headphones,5,353.21,1766.05
INV-101335,CUST-0228,2025-09-02 14:03:26,Wearables & Fitness,Titanium GPS Smart Fitness Watch,4,239.15,956.6
INV-101609,CUST-0209,2025-09-02 14:08:00,Wearables & Fitness,Heart Rate Performance Sensor Band,1,85.92,85.92
INV-103426,CUST-0409,2025-09-02 14:56:59,Wearables & Fitness,Titanium GPS Smart Fitness Watch,3,309.51,928.53
INV-101560,CUST-0107,2025-09-02 15:18:54,Smart Office & Furniture,Ergonomic Lumbar Executive Chair,4,267.83,1071.32
INV-101560,CUST-0107,2025-09-02 16:41:46,Smart Office & Furniture,Ergonomic Lumbar Executive Chair,4,281.63,1126.52
INV-103529,CUST-0271,2025-09-02 20:07:13,Smart Office & Furniture,Smart LED Desk Bar Lamp,6,58.01,348.06
INV-101777,CUST-0197,2025-09-02 20:27:06,Apparel & Lifestyle,Thermal Double-Wall Stainless Flask,1,36.18,36.18
INV-100872,CUST-0307,2025-09-03 11:13:34,Electronics & Audio,Noise-Cancelling Studio Pro Headphones,6,325.53,1953.18
INV-103481,CUST-0006,2025-09-03 11:55:57,Smart Office & Furniture,Motorized Standing Desk Frame,3,463.34,1390.02
INV-103481,CUST-0006,2025-09-03 12:33:01,Electronics & Audio,Thunderbolt 4 Docking Station,5,224.4,1122.0
INV-101457,CUST-0324,2025-09-03 15:46:28,Specialty Gourmet,Single-Origin Espresso Bean Subscription (1kg),4,33.5,134.0
INV-101543,CUST-0134,2025-09-03 15:52:30,Apparel & Lifestyle,Full-Grain Leather Briefcase Sleeve,1,85.67,85.67
INV-103471,CUST-0059,2025-09-03 16:55:06,Wearables & Fitness,Titanium GPS Smart Fitness Watch,5,308.87,1544.35
INV-101544,CUST-0134,2025-09-03 17:25:23,Electronics & Audio,Thunderbolt 4 Docking Station,3,188.09,564.27
INV-102168,CUST-0297,2025-09-03 17:34:54,Smart Office & Furniture,Smart LED Desk Bar Lamp,1,48.16,48.16
INV-103481,CUST-0006,2025-09-03 20:29:01,Apparel & Lifestyle,Thermal Double-Wall Stainless Flask,2,44.81,89.62
INV-102033,CUST-0015,2025-09-03 20:38:46,Apparel & Lifestyle,Full-Grain Leather Briefcase Sleeve,2,82.27,164.54
INV-101543,CUST-0134,2025-09-03 22:23:46,Computer Accessories,Ergonomic Multi-Device Wireless Mouse,2,79.09,158.18
INV-102153,CUST-0100,2025-09-04 08:51:40,Electronics & Audio,Noise-Cancelling Studio Pro Headphones,4,294.98,1179.92
INV-102153,CUST-0100,2025-09-04 08:55:52,Apparel & Lifestyle,Full-Grain Leather Briefcase Sleeve,1,84.69,84.69
INV-102075,CUST-0040,2025-09-04 09:19:11,Electronics & Audio,Thunderbolt 4 Docking Station,2,192.98,385.96
INV-103190,CUST-0192,2025-09-04 10:32:36,Apparel & Lifestyle,Full-Grain Leather Briefcase Sleeve,4,88.12,352.48
INV-103057,CUST-0030,2025-09-04 10:44:07,Electronics & Audio,4K Curved Ultra-Wide Gaming Monitor,5,518.28,2591.4
INV-103472,CUST-0059,2025-09-04 12:24:00,Electronics & Audio,4K Curved Ultra-Wide Gaming Monitor,6,588.26,3529.56
INV-102805,CUST-0172,2025-09-04 12:37:27,Computer Accessories,Premium Aluminum Monitor Arm,5,67.41,337.05
INV-101145,CUST-0428,2025-09-04 14:44:27,Computer Accessories,Premium Aluminum Monitor Arm,4,65.51,262.04
INV-100196,CUST-0418,2025-09-04 16:26:44,Electronics & Audio,Noise-Cancelling Studio Pro Headphones,2,340.48,680.96
INV-103472,CUST-0059,2025-09-04 18:16:38,Electronics & Audio,Thunderbolt 4 Docking Station,4,226.86,907.44
INV-103339,CUST-0002,2025-09-04 19:03:05,Wearables & Fitness,Heart Rate Performance Sensor Band,2,108.23,216.46
INV-103716,CUST-0074,2025-09-04 20:40:19,Electronics & Audio,4K Curved Ultra-Wide Gaming Monitor,1,483.39,483.39
INV-102805,CUST-0172,2025-09-04 21:07:01,Smart Office & Furniture,Motorized Standing Desk Frame,3,405.64,1216.92
INV-102805,CUST-0172,2025-09-04 21:51:36,Smart Office & Furniture,Ergonomic Lumbar Executive Chair,2,281.0,562.0
INV-103057,CUST-0030,2025-09-04 22:33:49,Smart Office & Furniture,Smart LED Desk Bar Lamp,2,54.38,108.76
INV-103780,CUST-0088,2025-09-05 08:52:27,Wearables & Fitness,Titanium GPS Smart Fitness Watch,2,229.34,458.68
INV-103807,CUST-0084,2025-09-05 09:54:03,Specialty Gourmet,Single-Origin Espresso Bean Subscription (1kg),2,30.9,61.8
INV-101199,CUST-0381,2025-09-05 11:40:56,Computer Accessories,Custom Mechanical RGB Keyboard,4,147.38,589.52
INV-103474,CUST-0059,2025-09-05 14:05:29,Wearables & Fitness,Heart Rate Performance Sensor Band,3,103.22,309.66
INV-103093,CUST-0294,2025-09-05 14:53:51,Apparel & Lifestyle,Thermal Double-Wall Stainless Flask,5,38.55,192.75
INV-103807,CUST-0084,2025-09-05 15:28:49,Computer Accessories,Premium Aluminum Monitor Arm,1,62.08,62.08
INV-103473,CUST-0059,2025-09-05 15:46:35,Wearables & Fitness,Titanium GPS Smart Fitness Watch,5,309.76,1548.8
INV-103474,CUST-0059,2025-09-05 16:03:51,Specialty Gourmet,Single-Origin Espresso Bean Subscription (1kg),3,39.0,117.0
INV-101225,CUST-0070,2025-09-05 18:51:33,Apparel & Lifestyle,Full-Grain Leather Briefcase Sleeve,4,84.97,339.88
INV-100516,CUST-0062,2025-09-05 18:53:44,Computer Accessories,Custom Mechanical RGB Keyboard,5,170.15,850.75
INV-103780,CUST-0088,2025-09-05 20:25:54,Electronics & Audio,Noise-Cancelling Studio Pro Headphones,1,287.91,287.91
INV-103093,CUST-0294,2025-09-05 20:33:25,Smart Office & Furniture,Smart LED Desk Bar Lamp,3,54.02,162.06
INV-101225,CUST-0070,2025-09-05 21:07:02,Computer Accessories,Custom Mechanical RGB Keyboard,2,146.36,292.72
INV-101406,CUST-0207,2025-09-06 10:45:21,Apparel & Lifestyle,Full-Grain Leather Briefcase Sleeve,4,87.4,349.6
INV-101438,CUST-0226,2025-09-06 11:57:44,Wearables & Fitness,Titanium GPS Smart Fitness Watch,1,257.41,257.41
INV-101159,CUST-0128,2025-09-06 14:29:47,Wearables & Fitness,Titanium GPS Smart Fitness Watch,3,242.28,726.84
INV-102926,CUST-0308,2025-09-06 14:57:50,Specialty Gourmet,Single-Origin Espresso Bean Subscription (1kg),4,34.41,137.64
INV-103583,CUST-0306,2025-09-06 15:45:30,Specialty Gourmet,Single-Origin Espresso Bean Subscription (1kg),5,38.29,191.45
INV-103280,CUST-0260,2025-09-06 16:53:22,Electronics & Audio,Noise-Cancelling Studio Pro Headphones,2,349.47,698.94
INV-102733,CUST-0031,2025-09-06 17:13:27,Smart Office & Furniture,Ergonomic Lumbar Executive Chair,1,295.05,295.05
INV-103409,CUST-0449,2025-09-06 19:13:03,Computer Accessories,Ergonomic Multi-Device Wireless Mouse,2,95.79,191.58
INV-103280,CUST-0260,2025-09-06 20:13:15,Wearables & Fitness,Heart Rate Performance Sensor Band,5,105.36,526.8
INV-100573,CUST-0008,2025-09-06 20:41:42,Electronics & Audio,Noise-Cancelling Studio Pro Headphones,4,319.91,1279.64
INV-100573,CUST-0008,2025-09-06 20:46:02,Specialty Gourmet,Single-Origin Espresso Bean Subscription (1kg),3,34.48,103.44
INV-101668,CUST-0054,2025-09-06 21:06:38,Computer Accessories,Ergonomic Multi-Device Wireless Mouse,4,77.25,309.0
INV-103280,CUST-0260,2025-09-06 22:09:01,Electronics & Audio,4K Curved Ultra-Wide Gaming Monitor,5,584.88,2924.4
INV-103550,CUST-0196,2025-09-06 22:44:34,Smart Office & Furniture,Smart LED Desk Bar Lamp,5,59.0,295.0
INV-100244,CUST-0242,2025-09-07 08:21:52,Electronics & Audio,Noise-Cancelling Studio Pro Headphones,3,340.47,1021.41
INV-100873,CUST-0307,2025-09-07 19:46:14,Specialty Gourmet,Single-Origin Espresso Bean Subscription (1kg),2,36.61,73.22
INV-103538,CUST-0240,2025-09-07 20:10:01,Smart Office & Furniture,Ergonomic Lumbar Executive Chair,3,335.87,1007.61
INV-103538,CUST-0240,2025-09-07 21:01:07,Apparel & Lifestyle,Thermal Double-Wall Stainless Flask,2,42.58,85.16
INV-100244,CUST-0242,2025-09-07 21:31:54,Smart Office & Furniture,Ergonomic Lumbar Executive Chair,3,297.92,893.76
INV-103127,CUST-0166,2025-09-08 08:42:03,Computer Accessories,Premium Aluminum Monitor Arm,4,67.54,270.16
INV-102880,CUST-0390,2025-09-08 09:08:20,Computer Accessories,Ergonomic Multi-Device Wireless Mouse,3,84.34,253.02
INV-103778,CUST-0274,2025-09-08 11:58:58,Computer Accessories,Ergonomic Multi-Device Wireless Mouse,1,77.12,77.12
INV-103127,CUST-0166,2025-09-08 13:41:16,Computer Accessories,Premium Aluminum Monitor Arm,1,65.68,65.68
INV-103444,CUST-0362,2025-09-08 15:55:36,Smart Office & Furniture,Smart LED Desk Bar Lamp,5,59.06,295.3
INV-102986,CUST-0065,2025-09-08 16:04:04,Wearables & Fitness,Heart Rate Performance Sensor Band,1,92.84,92.84
INV-103126,CUST-0166,2025-09-08 19:15:19,Specialty Gourmet,Single-Origin Espresso Bean Subscription (1kg),4,33.87,135.48
INV-100695,CUST-0421,2025-09-08 19:20:29,Smart Office & Furniture,Motorized Standing Desk Frame,6,428.48,2570.88
INV-103444,CUST-0362,2025-09-08 21:41:25,Computer Accessories,Premium Aluminum Monitor Arm,3,74.76,224.28
INV-103657,CUST-0047,2025-09-09 08:49:55,Computer Accessories,Custom Mechanical RGB Keyboard,4,177.33,709.32
INV-101027,CUST-0423,2025-09-09 11:25:21,Apparel & Lifestyle,Full-Grain Leather Briefcase Sleeve,4,95.51,382.04
INV-101936,CUST-0265,2025-09-09 12:50:57,Specialty Gourmet,Single-Origin Espresso Bean Subscription (1kg),4,32.97,131.88
INV-101261,CUST-0411,2025-09-09 14:19:02,Computer Accessories,Premium Aluminum Monitor Arm,3,64.41,193.23
INV-102977,CUST-0066,2025-09-09 20:17:04,Specialty Gourmet,Single-Origin Espresso Bean Subscription (1kg),3,33.05,99.15
INV-100478,CUST-0146,2025-09-09 22:09:29,Wearables & Fitness,Titanium GPS Smart Fitness Watch,1,278.06,278.06
INV-101146,CUST-0428,2025-09-09 22:23:22,Electronics & Audio,Thunderbolt 4 Docking Station,1,195.52,195.52
INV-103009,CUST-0249,2025-09-10 08:26:44,Computer Accessories,Ergonomic Multi-Device Wireless Mouse,5,82.27,411.35
INV-102612,CUST-0289,2025-09-10 08:36:20,Computer Accessories,Premium Aluminum Monitor Arm,3,70.37,211.11
INV-102927,CUST-0308,2025-09-10 08:46:32,Specialty Gourmet,Single-Origin Espresso Bean Subscription (1kg),5,32.99,164.95
INV-100713,CUST-0157,2025-09-10 09:22:05,Smart Office & Furniture,Smart LED Desk Bar Lamp,6,56.6,339.6
INV-101147,CUST-0428,2025-09-10 09:37:00,Smart Office & Furniture,Motorized Standing Desk Frame,1,372.04,372.04
INV-102612,CUST-0289,2025-09-10 11:36:16,Wearables & Fitness,Heart Rate Performance Sensor Band,4,94.5,378.0
INV-100598,CUST-0089,2025-09-10 15:31:15,Smart Office & Furniture,Ergonomic Lumbar Executive Chair,6,310.28,1861.68
INV-101844,CUST-0255,2025-09-10 17:05:03,Wearables & Fitness,Titanium GPS Smart Fitness Watch,1,251.53,251.53
INV-102927,CUST-0308,2025-09-10 17:09:10,Computer Accessories,Custom Mechanical RGB Keyboard,4,154.07,616.28
INV-103009,CUST-0249,2025-09-10 17:34:39,Computer Accessories,Ergonomic Multi-Device Wireless Mouse,4,83.42,333.68
INV-103009,CUST-0249,2025-09-10 18:24:33,Computer Accessories,Custom Mechanical RGB Keyboard,5,159.32,796.6
INV-100517,CUST-0062,2025-09-10 18:51:34,Wearables & Fitness,Titanium GPS Smart Fitness Watch,2,278.57,557.14
INV-100517,CUST-0062,2025-09-10 20:48:29,Computer Accessories,Ergonomic Multi-Device Wireless Mouse,1,91.22,91.22
INV-102927,CUST-0308,2025-09-10 21:27:09,Apparel & Lifestyle,Thermal Double-Wall Stainless Flask,2,37.83,75.66
INV-103482,CUST-0006,2025-09-11 08:13:53,Electronics & Audio,Thunderbolt 4 Docking Station,4,222.69,890.76
INV-102509,CUST-0225,2025-09-11 09:15:16,Computer Accessories,Custom Mechanical RGB Keyboard,4,151.35,605.4
INV-103482,CUST-0006,2025-09-11 10:28:40,Specialty Gourmet,Single-Origin Espresso Bean Subscription (1kg),2,37.85,75.7
INV-103121,CUST-0251,2025-09-11 13:13:43,Apparel & Lifestyle,Thermal Double-Wall Stainless Flask,5,38.65,193.25
INV-100946,CUST-0022,2025-09-11 13:54:05,Computer Accessories,Ergonomic Multi-Device Wireless Mouse,3,87.23,261.69
INV-100479,CUST-0146,2025-09-11 14:20:28,Apparel & Lifestyle,Full-Grain Leather Briefcase Sleeve,5,90.77,453.85
INV-100574,CUST-0008,2025-09-11 17:14:59,Specialty Gourmet,Single-Origin Espresso Bean Subscription (1kg),5,34.75,173.75
INV-103396,CUST-0387,2025-09-11 17:39:46,Wearables & Fitness,Heart Rate Performance Sensor Band,6,110.12,660.72
INV-100479,CUST-0146,2025-09-11 17:57:44,Smart Office & Furniture,Ergonomic Lumbar Executive Chair,1,294.75,294.75
INV-100946,CUST-0022,2025-09-11 19:15:05,Apparel & Lifestyle,Thermal Double-Wall Stainless Flask,6,38.27,229.62
INV-100739,CUST-0003,2025-09-11 19:37:38,Apparel & Lifestyle,Full-Grain Leather Briefcase Sleeve,4,96.11,384.44
INV-100825,CUST-0164,2025-09-11 21:34:18,Electronics & Audio,Noise-Cancelling Studio Pro Headphones,5,332.29,1661.45
INV-102525,CUST-0009,2025-09-12 09:49:48,Specialty Gourmet,Single-Origin Espresso Bean Subscription (1kg),4,33.89,135.56
INV-103475,CUST-0059,2025-09-12 10:27:28,Apparel & Lifestyle,Thermal Double-Wall Stainless Flask,6,44.35,266.1
INV-102098,CUST-0159,2025-09-12 12:01:36,Wearables & Fitness,Titanium GPS Smart Fitness Watch,3,245.61,736.83
INV-102525,CUST-0009,2025-09-12 13:05:30,Wearables & Fitness,Heart Rate Performance Sensor Band,5,96.09,480.45
INV-102881,CUST-0390,2025-09-12 13:38:53,Smart Office & Furniture,Ergonomic Lumbar Executive Chair,4,280.72,1122.88
INV-102525,CUST-0009,2025-09-12 15:40:02,Specialty Gourmet,Single-Origin Espresso Bean Subscription (1kg),5,32.95,164.75
INV-101515,CUST-0234,2025-09-12 15:49:58,Electronics & Audio,Noise-Cancelling Studio Pro Headphones,4,289.88,1159.52
INV-100536,CUST-0101,2025-09-12 19:15:45,Wearables & Fitness,Titanium GPS Smart Fitness Watch,5,273.86,1369.3
INV-102720,CUST-0405,2025-09-12 20:45:15,Apparel & Lifestyle,Thermal Double-Wall Stainless Flask,1,36.63,36.63
INV-102739,CUST-0116,2025-09-13 09:59:45,Wearables & Fitness,Heart Rate Performance Sensor Band,4,95.1,380.4
INV-103457,CUST-0392,2025-09-13 13:49:46,Computer Accessories,Ergonomic Multi-Device Wireless Mouse,5,94.22,471.1
INV-101133,CUST-0131,2025-09-13 15:28:43,Computer Accessories,Ergonomic Multi-Device Wireless Mouse,2,77.96,155.92
INV-103243,CUST-0153,2025-09-13 17:01:50,Apparel & Lifestyle,Thermal Double-Wall Stainless Flask,4,42.33,169.32
INV-102739,CUST-0116,2025-09-13 17:45:39,Apparel & Lifestyle,Full-Grain Leather Briefcase Sleeve,4,89.85,359.4
INV-102739,CUST-0116,2025-09-13 18:23:18,Computer Accessories,Custom Mechanical RGB Keyboard,1,151.22,151.22
INV-101133,CUST-0131,2025-09-13 18:36:35,Specialty Gourmet,Single-Origin Espresso Bean Subscription (1kg),4,32.18,128.72
INV-103243,CUST-0153,2025-09-13 20:58:10,Electronics & Audio,4K Curved Ultra-Wide Gaming Monitor,3,582.81,1748.43
INV-101951,CUST-0301,2025-09-14 08:12:55,Specialty Gourmet,Single-Origin Espresso Bean Subscription (1kg),2,32.47,64.94
INV-102044,CUST-0056,2025-09-14 08:26:16,Apparel & Lifestyle,Full-Grain Leather Briefcase Sleeve,4,83.88,335.52
INV-102526,CUST-0009,2025-09-14 09:17:22,Specialty Gourmet,Single-Origin Espresso Bean Subscription (1kg),5,34.38,171.9
INV-100998,CUST-0269,2025-09-14 10:11:49,Computer Accessories,Ergonomic Multi-Device Wireless Mouse,2,85.01,170.02
INV-100906,CUST-0093,2025-09-14 11:13:10,Electronics & Audio,Thunderbolt 4 Docking Station,6,209.13,1254.78
INV-103378,CUST-0223,2025-09-14 12:00:15,Wearables & Fitness,Titanium GPS Smart Fitness Watch,5,304.22,1521.1
INV-102526,CUST-0009,2025-09-14 12:02:38,Computer Accessories,Custom Mechanical RGB Keyboard,4,153.62,614.48
INV-103378,CUST-0223,2025-09-14 12:23:17,Apparel & Lifestyle,Thermal Double-Wall Stainless Flask,3,44.44,133.32
INV-103739,CUST-0034,2025-09-14 12:38:04,Smart Office & Furniture,Motorized Standing Desk Frame,2,349.14,698.28
INV-101951,CUST-0301,2025-09-14 12:41:41,Smart Office & Furniture,Ergonomic Lumbar Executive Chair,2,269.34,538.68
INV-103551,CUST-0196,2025-09-14 13:38:46,Smart Office & Furniture,Smart LED Desk Bar Lamp,3,58.76,176.28
INV-101937,CUST-0265,2025-09-14 13:50:27,Smart Office & Furniture,Smart LED Desk Bar Lamp,4,49.63,198.52
INV-103483,CUST-0006,2025-09-14 14:40:41,Wearables & Fitness,Heart Rate Performance Sensor Band,5,103.1,515.5
INV-100998,CUST-0269,2025-09-14 14:46:17,Wearables & Fitness,Heart Rate Performance Sensor Band,1,94.87,94.87
INV-103551,CUST-0196,2025-09-14 15:11:09,Wearables & Fitness,Titanium GPS Smart Fitness Watch,2,306.94,613.88
INV-102127,CUST-0329,2025-09-14 16:27:51,Computer Accessories,Ergonomic Multi-Device Wireless Mouse,4,82.86,331.44
INV-101134,CUST-0131,2025-09-14 16:51:50,Computer Accessories,Custom Mechanical RGB Keyboard,2,149.2,298.4
INV-102044,CUST-0056,2025-09-14 18:52:03,Smart Office & Furniture,Smart LED Desk Bar Lamp,4,48.78,195.12
INV-100998,CUST-0269,2025-09-14 20:50:30,Electronics & Audio,Thunderbolt 4 Docking Station,4,207.56,830.24
INV-103230,CUST-0285,2025-09-14 20:58:30,Electronics & Audio,4K Curved Ultra-Wide Gaming Monitor,4,606.14,2424.56
INV-101951,CUST-0301,2025-09-14 21:04:57,Computer Accessories,Premium Aluminum Monitor Arm,4,65.46,261.84
INV-103739,CUST-0034,2025-09-14 21:35:01,Computer Accessories,Custom Mechanical RGB Keyboard,2,139.3,278.6
INV-101937,CUST-0265,2025-09-14 21:50:59,Smart Office & Furniture,Motorized Standing Desk Frame,3,369.72,1109.16
INV-102034,CUST-0015,2025-09-14 22:31:46,Electronics & Audio,4K Curved Ultra-Wide Gaming Monitor,1,499.89,499.89
INV-103612,CUST-0412,2025-09-15 10:49:49,Smart Office & Furniture,Smart LED Desk Bar Lamp,4,60.93,243.72
INV-101845,CUST-0255,2025-09-15 14:16:31,Electronics & Audio,Noise-Cancelling Studio Pro Headphones,1,300.46,300.46
INV-100740,CUST-0003,2025-09-15 17:46:39,Specialty Gourmet,Single-Origin Espresso Bean Subscription (1kg),4,35.71,142.84
INV-101545,CUST-0134,2025-09-15 18:48:56,Computer Accessories,Premium Aluminum Monitor Arm,3,62.68,188.04
INV-100740,CUST-0003,2025-09-15 21:31:14,Electronics & Audio,Noise-Cancelling Studio Pro Headphones,6,340.68,2044.08
INV-102076,CUST-0040,2025-09-16 08:38:19,Wearables & Fitness,Heart Rate Performance Sensor Band,2,86.29,172.58
INV-102771,CUST-0231,2025-09-16 10:20:51,Computer Accessories,Ergonomic Multi-Device Wireless Mouse,4,86.31,345.24
INV-103203,CUST-0397,2025-09-16 13:15:06,Computer Accessories,Ergonomic Multi-Device Wireless Mouse,6,95.72,574.32
INV-102863,CUST-0398,2025-09-16 13:17:13,Electronics & Audio,4K Curved Ultra-Wide Gaming Monitor,1,526.44,526.44
INV-101091,CUST-0176,2025-09-16 15:33:27,Computer Accessories,Custom Mechanical RGB Keyboard,3,165.38,496.14
INV-103203,CUST-0397,2025-09-16 16:21:18,Apparel & Lifestyle,Thermal Double-Wall Stainless Flask,6,44.53,267.18
INV-102771,CUST-0231,2025-09-16 18:11:15,Computer Accessories,Ergonomic Multi-Device Wireless Mouse,1,84.11,84.11
INV-101091,CUST-0176,2025-09-16 18:15:07,Computer Accessories,Custom Mechanical RGB Keyboard,1,167.38,167.38
INV-103108,CUST-0010,2025-09-16 19:03:05,Wearables & Fitness,Heart Rate Performance Sensor Band,3,92.97,278.91
INV-101091,CUST-0176,2025-09-16 22:02:36,Computer Accessories,Custom Mechanical RGB Keyboard,2,159.91,319.82
INV-101516,CUST-0234,2025-09-17 09:59:17,Smart Office & Furniture,Ergonomic Lumbar Executive Chair,4,280.69,1122.76
INV-101516,CUST-0234,2025-09-17 10:20:01,Computer Accessories,Custom Mechanical RGB Keyboard,3,145.95,437.85
INV-101516,CUST-0234,2025-09-17 19:38:29,Computer Accessories,Premium Aluminum Monitor Arm,4,63.34,253.36
INV-100763,CUST-0060,2025-09-17 20:23:29,Computer Accessories,Ergonomic Multi-Device Wireless Mouse,5,85.73,428.65
INV-100924,CUST-0264,2025-09-17 20:42:42,Specialty Gourmet,Single-Origin Espresso Bean Subscription (1kg),4,36.54,146.16
INV-100657,CUST-0241,2025-09-17 21:04:31,Electronics & Audio,Thunderbolt 4 Docking Station,1,212.42,212.42
INV-100924,CUST-0264,2025-09-17 21:52:41,Wearables & Fitness,Heart Rate Performance Sensor Band,1,100.08,100.08
INV-100885,CUST-0383,2025-09-18 08:07:49,Electronics & Audio,Noise-Cancelling Studio Pro Headphones,6,339.0,2034.0
INV-103322,CUST-0323,2025-09-18 08:17:39,Smart Office & Furniture,Smart LED Desk Bar Lamp,5,61.58,307.9
INV-100457,CUST-0154,2025-09-18 08:29:41,Computer Accessories,Ergonomic Multi-Device Wireless Mouse,6,88.72,532.32
INV-103322,CUST-0323,2025-09-18 09:17:18,Electronics & Audio,Thunderbolt 4 Docking Station,2,221.4,442.8
INV-100885,CUST-0383,2025-09-18 11:38:37,Apparel & Lifestyle,Full-Grain Leather Briefcase Sleeve,6,90.86,545.16
INV-100885,CUST-0383,2025-09-18 12:38:29,Computer Accessories,Premium Aluminum Monitor Arm,6,71.77,430.62
INV-102128,CUST-0329,2025-09-18 12:45:23,Wearables & Fitness,Titanium GPS Smart Fitness Watch,2,257.85,515.7
INV-103322,CUST-0323,2025-09-18 17:45:48,Electronics & Audio,Noise-Cancelling Studio Pro Headphones,2,358.33,716.66
INV-100426,CUST-0012,2025-09-19 08:53:08,Electronics & Audio,Thunderbolt 4 Docking Station,5,211.1,1055.5
INV-101068,CUST-0097,2025-09-19 09:11:51,Wearables & Fitness,Heart Rate Performance Sensor Band,3,97.1,291.3
INV-103613,CUST-0412,2025-09-19 10:11:21,Smart Office & Furniture,Ergonomic Lumbar Executive Chair,3,329.93,989.79
INV-101068,CUST-0097,2025-09-19 10:22:15,Specialty Gourmet,Single-Origin Espresso Bean Subscription (1kg),3,35.55,106.65
INV-100172,CUST-0145,2025-09-19 15:22:46,Electronics & Audio,Thunderbolt 4 Docking Station,5,210.95,1054.75
INV-100172,CUST-0145,2025-09-19 16:36:00,Apparel & Lifestyle,Full-Grain Leather Briefcase Sleeve,6,90.83,544.98
INV-103685,CUST-0261,2025-09-19 16:40:25,Apparel & Lifestyle,Thermal Double-Wall Stainless Flask,4,43.18,172.72
INV-103300,CUST-0257,2025-09-19 18:37:51,Apparel & Lifestyle,Full-Grain Leather Briefcase Sleeve,5,103.46,517.3
INV-103840,CUST-0024,2025-09-19 19:56:33,Smart Office & Furniture,Smart LED Desk Bar Lamp,2,49.09,98.18
INV-103244,CUST-0153,2025-09-20 08:36:02,Apparel & Lifestyle,Thermal Double-Wall Stainless Flask,3,43.56,130.68
INV-103244,CUST-0153,2025-09-20 08:46:12,Smart Office & Furniture,Ergonomic Lumbar Executive Chair,5,325.37,1626.85
INV-101262,CUST-0411,2025-09-20 10:32:10,Apparel & Lifestyle,Full-Grain Leather Briefcase Sleeve,4,85.63,342.52
INV-100797,CUST-0202,2025-09-20 16:12:42,Computer Accessories,Custom Mechanical RGB Keyboard,5,164.91,824.55
INV-102527,CUST-0009,2025-09-20 16:47:05,Smart Office & Furniture,Smart LED Desk Bar Lamp,1,51.84,51.84
INV-103144,CUST-0001,2025-09-20 17:00:04,Computer Accessories,Premium Aluminum Monitor Arm,1,69.1,69.1
INV-101262,CUST-0411,2025-09-20 19:33:12,Specialty Gourmet,Single-Origin Espresso Bean Subscription (1kg),3,33.51,100.53
INV-101262,CUST-0411,2025-09-20 20:17:36,Specialty Gourmet,Single-Origin Espresso Bean Subscription (1kg),1,32.29,32.29
INV-102613,CUST-0289,2025-09-20 20:35:02,Specialty Gourmet,Single-Origin Espresso Bean Subscription (1kg),5,35.02,175.1
INV-100797,CUST-0202,2025-09-20 21:17:36,Computer Accessories,Custom Mechanical RGB Keyboard,6,163.62,981.72
INV-102527,CUST-0009,2025-09-20 21:28:16,Computer Accessories,Premium Aluminum Monitor Arm,1,66.75,66.75
INV-100537,CUST-0101,2025-09-21 08:02:36,Smart Office & Furniture,Motorized Standing Desk Frame,5,420.55,2102.75
INV-100741,CUST-0003,2025-09-21 09:31:39,Smart Office & Furniture,Motorized Standing Desk Frame,4,431.01,1724.04
INV-101160,CUST-0128,2025-09-21 11:49:34,Computer Accessories,Custom Mechanical RGB Keyboard,3,145.02,435.06
INV-100741,CUST-0003,2025-09-21 12:57:41,Smart Office & Furniture,Smart LED Desk Bar Lamp,3,55.22,165.66
INV-102563,CUST-0433,2025-09-21 13:27:03,Electronics & Audio,4K Curved Ultra-Wide Gaming Monitor,4,536.9,2147.6
INV-103498,CUST-0284,2025-09-21 13:57:27,Computer Accessories,Ergonomic Multi-Device Wireless Mouse,4,95.73,382.92
INV-101160,CUST-0128,2025-09-21 14:02:39,Specialty Gourmet,Single-Origin Espresso Bean Subscription (1kg),3,32.08,96.24
INV-102937,CUST-0348,2025-09-21 15:11:04,Specialty Gourmet,Single-Origin Espresso Bean Subscription (1kg),5,34.58,172.9
INV-103231,CUST-0285,2025-09-21 15:30:10,Computer Accessories,Custom Mechanical RGB Keyboard,5,182.99,914.95
INV-100295,CUST-0292,2025-09-21 15:47:41,Smart Office & Furniture,Smart LED Desk Bar Lamp,3,53.31,159.93
INV-103498,CUST-0284,2025-09-21 18:08:54,Wearables & Fitness,Heart Rate Performance Sensor Band,3,104.18,312.54
INV-101160,CUST-0128,2025-09-21 18:16:50,Computer Accessories,Ergonomic Multi-Device Wireless Mouse,3,79.02,237.06
INV-103231,CUST-0285,2025-09-21 18:19:12,Specialty Gourmet,Single-Origin Espresso Bean Subscription (1kg),4,38.37,153.48
INV-101868,CUST-0077,2025-09-21 19:21:42,Wearables & Fitness,Titanium GPS Smart Fitness Watch,1,247.93,247.93
INV-100438,CUST-0355,2025-09-21 22:35:32,Apparel & Lifestyle,Thermal Double-Wall Stainless Flask,6,40.62,243.72
INV-102758,CUST-0133,2025-09-22 09:39:21,Wearables & Fitness,Titanium GPS Smart Fitness Watch,3,256.07,768.21
INV-103220,CUST-0425,2025-09-22 10:14:08,Smart Office & Furniture,Smart LED Desk Bar Lamp,5,62.28,311.4
INV-102077,CUST-0040,2025-09-22 11:48:25,Wearables & Fitness,Titanium GPS Smart Fitness Watch,1,254.36,254.36
INV-102864,CUST-0398,2025-09-22 13:57:26,Electronics & Audio,Thunderbolt 4 Docking Station,2,206.75,413.5
INV-101426,CUST-0094,2025-09-22 15:01:39,Wearables & Fitness,Titanium GPS Smart Fitness Watch,2,255.26,510.52
INV-103220,CUST-0425,2025-09-22 18:00:27,Electronics & Audio,Thunderbolt 4 Docking Station,5,228.04,1140.2
INV-102589,CUST-0365,2025-09-22 20:42:13,Wearables & Fitness,Titanium GPS Smart Fitness Watch,3,263.48,790.44
INV-103220,CUST-0425,2025-09-22 21:16:21,Computer Accessories,Custom Mechanical RGB Keyboard,2,184.24,368.48
INV-102589,CUST-0365,2025-09-22 21:20:00,Smart Office & Furniture,Motorized Standing Desk Frame,5,411.41,2057.05
INV-102734,CUST-0031,2025-09-22 21:27:12,Smart Office & Furniture,Smart LED Desk Bar Lamp,4,51.99,207.96
INV-100947,CUST-0022,2025-09-22 22:31:51,Electronics & Audio,Noise-Cancelling Studio Pro Headphones,6,324.34,1946.04
INV-102864,CUST-0398,2025-09-22 22:41:44,Smart Office & Furniture,Smart LED Desk Bar Lamp,2,53.45,106.9
INV-101426,CUST-0094,2025-09-22 22:49:11,Wearables & Fitness,Titanium GPS Smart Fitness Watch,4,253.11,1012.44
INV-101896,CUST-0402,2025-09-23 10:48:20,Wearables & Fitness,Titanium GPS Smart Fitness Watch,2,243.69,487.38
INV-100365,CUST-0035,2025-09-23 10:54:55,Computer Accessories,Premium Aluminum Monitor Arm,6,70.37,422.22
INV-103301,CUST-0257,2025-09-23 11:42:36,Computer Accessories,Ergonomic Multi-Device Wireless Mouse,2,96.68,193.36
INV-100365,CUST-0035,2025-09-23 12:36:22,Smart Office & Furniture,Ergonomic Lumbar Executive Chair,5,302.11,1510.55
INV-101069,CUST-0097,2025-09-23 13:07:00,Wearables & Fitness,Heart Rate Performance Sensor Band,3,95.12,285.36
INV-103511,CUST-0129,2025-09-23 17:20:13,Smart Office & Furniture,Smart LED Desk Bar Lamp,2,60.64,121.28
INV-103221,CUST-0425,2025-09-23 19:06:39,Electronics & Audio,4K Curved Ultra-Wide Gaming Monitor,6,591.24,3547.44
INV-101028,CUST-0423,2025-09-23 19:47:30,Computer Accessories,Premium Aluminum Monitor Arm,5,70.87,354.35
INV-103484,CUST-0006,2025-09-23 21:04:51,Computer Accessories,Ergonomic Multi-Device Wireless Mouse,4,95.25,381.0
INV-102951,CUST-0085,2025-09-24 08:10:46,Smart Office & Furniture,Smart LED Desk Bar Lamp,3,53.85,161.55
INV-103410,CUST-0449,2025-09-24 08:41:40,Electronics & Audio,4K Curved Ultra-Wide Gaming Monitor,3,590.0,1770.0
INV-101736,CUST-0075,2025-09-24 10:01:15,Smart Office & Furniture,Smart LED Desk Bar Lamp,3,49.62,148.86
INV-101736,CUST-0075,2025-09-24 10:23:46,Wearables & Fitness,Heart Rate Performance Sensor Band,4,90.83,363.32
INV-101833,CUST-0304,2025-09-24 12:19:55,Smart Office & Furniture,Motorized Standing Desk Frame,4,381.18,1524.72
INV-103410,CUST-0449,2025-09-24 14:06:56,Wearables & Fitness,Heart Rate Performance Sensor Band,5,106.51,532.55
INV-103410,CUST-0449,2025-09-24 16:13:24,Wearables & Fitness,Heart Rate Performance Sensor Band,2,106.73,213.46
INV-100809,CUST-0263,2025-09-24 17:00:29,Smart Office & Furniture,Motorized Standing Desk Frame,5,427.61,2138.05
INV-100874,CUST-0307,2025-09-24 18:00:04,Computer Accessories,Premium Aluminum Monitor Arm,3,69.15,207.45
INV-102951,CUST-0085,2025-09-24 18:59:45,Smart Office & Furniture,Ergonomic Lumbar Executive Chair,2,282.22,564.44
INV-102656,CUST-0298,2025-09-24 21:14:14,Smart Office & Furniture,Smart LED Desk Bar Lamp,3,53.09,159.27
INV-102951,CUST-0085,2025-09-24 21:33:30,Computer Accessories,Premium Aluminum Monitor Arm,2,67.97,135.94
INV-101356,CUST-0224,2025-09-25 09:05:11,Computer Accessories,Custom Mechanical RGB Keyboard,4,151.07,604.28
INV-101546,CUST-0134,2025-09-25 09:38:16,Smart Office & Furniture,Smart LED Desk Bar Lamp,3,51.84,155.52
INV-100826,CUST-0164,2025-09-25 09:50:30,Electronics & Audio,Noise-Cancelling Studio Pro Headphones,4,322.31,1289.24
INV-101318,CUST-0437,2025-09-25 13:31:29,Apparel & Lifestyle,Full-Grain Leather Briefcase Sleeve,1,86.02,86.02
INV-101356,CUST-0224,2025-09-25 14:12:13,Apparel & Lifestyle,Thermal Double-Wall Stainless Flask,1,35.85,35.85
INV-101938,CUST-0265,2025-09-25 15:21:34,Smart Office & Furniture,Motorized Standing Desk Frame,3,379.7,1139.1
INV-102045,CUST-0056,2025-09-25 15:29:29,Apparel & Lifestyle,Thermal Double-Wall Stainless Flask,2,37.25,74.5
INV-103245,CUST-0153,2025-09-25 15:32:31,Smart Office & Furniture,Motorized Standing Desk Frame,4,448.74,1794.96
INV-100826,CUST-0164,2025-09-25 21:32:37,Computer Accessories,Ergonomic Multi-Device Wireless Mouse,3,90.51,271.53
INV-103245,CUST-0153,2025-09-25 21:53:41,Wearables & Fitness,Heart Rate Performance Sensor Band,5,106.0,530.0
INV-103805,CUST-0190,2025-09-25 22:21:01,Computer Accessories,Ergonomic Multi-Device Wireless Mouse,2,73.12,146.24
INV-103302,CUST-0257,2025-09-25 22:50:50,Computer Accessories,Premium Aluminum Monitor Arm,2,75.94,151.88
INV-100764,CUST-0060,2025-09-26 08:27:56,Apparel & Lifestyle,Full-Grain Leather Briefcase Sleeve,4,90.37,361.48
INV-102638,CUST-0436,2025-09-26 09:03:29,Apparel & Lifestyle,Full-Grain Leather Briefcase Sleeve,5,85.94,429.7
INV-103427,CUST-0409,2025-09-26 17:28:23,Computer Accessories,Custom Mechanical RGB Keyboard,3,174.94,524.82
INV-103864,CUST-0283,2025-09-27 08:27:37,Apparel & Lifestyle,Full-Grain Leather Briefcase Sleeve,2,81.07,162.14
INV-103585,CUST-0306,2025-09-27 09:07:26,Specialty Gourmet,Single-Origin Espresso Bean Subscription (1kg),5,39.71,198.55
INV-103664,CUST-0253,2025-09-27 09:09:37,Smart Office & Furniture,Smart LED Desk Bar Lamp,2,60.47,120.94
INV-103222,CUST-0425,2025-09-27 09:36:27,Electronics & Audio,Noise-Cancelling Studio Pro Headphones,4,346.86,1387.44
INV-102079,CUST-0040,2025-09-27 10:33:49,Computer Accessories,Custom Mechanical RGB Keyboard,3,148.2,444.6
INV-103622,CUST-0079,2025-09-27 10:40:52,Computer Accessories,Ergonomic Multi-Device Wireless Mouse,4,93.63,374.52
INV-101389,CUST-0156,2025-09-27 10:43:17,Apparel & Lifestyle,Full-Grain Leather Briefcase Sleeve,2,83.0,166.0
INV-102078,CUST-0040,2025-09-27 10:58:02,Wearables & Fitness,Heart Rate Performance Sensor Band,1,88.96,88.96
INV-102023,CUST-0165,2025-09-27 14:20:16,Apparel & Lifestyle,Thermal Double-Wall Stainless Flask,1,35.98,35.98
INV-103658,CUST-0047,2025-09-27 16:00:06,Wearables & Fitness,Titanium GPS Smart Fitness Watch,5,291.46,1457.3
INV-103585,CUST-0306,2025-09-27 16:50:38,Apparel & Lifestyle,Thermal Double-Wall Stainless Flask,2,43.81,87.62
INV-101561,CUST-0107,2025-09-27 18:09:53,Computer Accessories,Ergonomic Multi-Device Wireless Mouse,3,79.43,238.29
INV-103585,CUST-0306,2025-09-27 19:59:00,Apparel & Lifestyle,Thermal Double-Wall Stainless Flask,4,41.72,166.88
INV-100500,CUST-0395,2025-09-27 21:21:59,Specialty Gourmet,Single-Origin Espresso Bean Subscription (1kg),2,34.87,69.74
INV-103864,CUST-0283,2025-09-27 22:22:57,Electronics & Audio,Thunderbolt 4 Docking Station,1,172.94,172.94
INV-103584,CUST-0306,2025-09-27 22:46:46,Electronics & Audio,4K Curved Ultra-Wide Gaming Monitor,6,601.69,3610.14
INV-103664,CUST-0253,2025-09-27 22:58:44,Specialty Gourmet,Single-Origin Espresso Bean Subscription (1kg),4,37.49,149.96
INV-100100,CUST-0170,2025-09-28 09:59:28,Computer Accessories,Ergonomic Multi-Device Wireless Mouse,2,86.7,173.4
INV-102772,CUST-0231,2025-09-28 10:19:07,Computer Accessories,Custom Mechanical RGB Keyboard,1,156.91,156.91
INV-100068,CUST-0267,2025-09-28 15:06:43,Electronics & Audio,Noise-Cancelling Studio Pro Headphones,4,325.51,1302.04
INV-102600,CUST-0019,2025-09-28 18:32:26,Computer Accessories,Premium Aluminum Monitor Arm,3,68.98,206.94
INV-103884,CUST-0374,2025-09-28 18:46:11,Smart Office & Furniture,Ergonomic Lumbar Executive Chair,2,259.69,519.38
INV-103884,CUST-0374,2025-09-28 18:52:10,Specialty Gourmet,Single-Origin Espresso Bean Subscription (1kg),2,29.91,59.82
INV-102772,CUST-0231,2025-09-28 20:02:17,Specialty Gourmet,Single-Origin Espresso Bean Subscription (1kg),3,34.16,102.48
INV-101439,CUST-0226,2025-09-28 22:53:21,Computer Accessories,Ergonomic Multi-Device Wireless Mouse,2,80.92,161.84
INV-102129,CUST-0329,2025-09-29 11:05:04,Computer Accessories,Custom Mechanical RGB Keyboard,3,148.75,446.25
INV-100977,CUST-0171,2025-09-29 11:18:45,Apparel & Lifestyle,Full-Grain Leather Briefcase Sleeve,3,92.03,276.09
INV-101737,CUST-0075,2025-09-29 12:05:29,Smart Office & Furniture,Smart LED Desk Bar Lamp,3,51.83,155.49
INV-103145,CUST-0001,2025-09-29 12:10:31,Electronics & Audio,Noise-Cancelling Studio Pro Headphones,4,325.34,1301.36
INV-101737,CUST-0075,2025-09-29 12:40:24,Computer Accessories,Custom Mechanical RGB Keyboard,1,153.85,153.85
INV-101427,CUST-0094,2025-09-29 12:59:18,Smart Office & Furniture,Smart LED Desk Bar Lamp,1,51.22,51.22
INV-103411,CUST-0449,2025-09-29 16:20:18,Electronics & Audio,Thunderbolt 4 Docking Station,3,231.32,693.96
INV-103246,CUST-0153,2025-09-29 18:03:45,Apparel & Lifestyle,Full-Grain Leather Briefcase Sleeve,4,100.52,402.08
INV-100628,CUST-0363,2025-09-30 08:50:00,Smart Office & Furniture,Smart LED Desk Bar Lamp,6,54.83,328.98
INV-101184,CUST-0189,2025-09-30 10:32:46,Wearables & Fitness,Heart Rate Performance Sensor Band,4,87.72,350.88
INV-100978,CUST-0171,2025-09-30 11:18:02,Electronics & Audio,Thunderbolt 4 Docking Station,2,200.87,401.74
INV-103530,CUST-0271,2025-09-30 11:38:49,Apparel & Lifestyle,Full-Grain Leather Briefcase Sleeve,5,98.48,492.4
INV-100628,CUST-0363,2025-09-30 12:31:35,Computer Accessories,Ergonomic Multi-Device Wireless Mouse,3,90.24,270.72
INV-103766,CUST-0139,2025-09-30 14:13:12,Electronics & Audio,Noise-Cancelling Studio Pro Headphones,2,287.99,575.98
INV-101278,CUST-0239,2025-09-30 15:29:23,Smart Office & Furniture,Motorized Standing Desk Frame,1,368.5,368.5
INV-103766,CUST-0139,2025-09-30 16:14:55,Computer Accessories,Ergonomic Multi-Device Wireless Mouse,1,75.34,75.34
INV-103530,CUST-0271,2025-09-30 16:45:23,Apparel & Lifestyle,Full-Grain Leather Briefcase Sleeve,3,100.06,300.18
INV-102740,CUST-0116,2025-09-30 17:18:32,Smart Office & Furniture,Smart LED Desk Bar Lamp,3,52.18,156.54
INV-101278,CUST-0239,2025-09-30 18:23:16,Smart Office & Furniture,Ergonomic Lumbar Executive Chair,1,283.56,283.56
INV-103303,CUST-0257,2025-09-30 21:37:51,Smart Office & Furniture,Smart LED Desk Bar Lamp,2,61.58,123.16
INV-102824,CUST-0407,2025-10-01 09:22:25,Electronics & Audio,Noise-Cancelling Studio Pro Headphones,1,309.24,309.24
INV-100834,CUST-0382,2025-10-01 12:19:47,Computer Accessories,Custom Mechanical RGB Keyboard,2,167.3,334.6
INV-101642,CUST-0213,2025-10-01 15:08:09,Wearables & Fitness,Titanium GPS Smart Fitness Watch,1,241.98,241.98
INV-101694,CUST-0246,2025-10-01 19:23:33,Specialty Gourmet,Single-Origin Espresso Bean Subscription (1kg),2,31.49,62.98
INV-103648,CUST-0025,2025-10-01 21:43:24,Electronics & Audio,Noise-Cancelling Studio Pro Headphones,6,364.16,2184.96
INV-103247,CUST-0153,2025-10-02 11:39:12,Computer Accessories,Premium Aluminum Monitor Arm,4,80.16,320.64
INV-103665,CUST-0253,2025-10-02 12:36:22,Apparel & Lifestyle,Thermal Double-Wall Stainless Flask,2,44.11,88.22
INV-103247,CUST-0153,2025-10-02 15:23:51,Computer Accessories,Ergonomic Multi-Device Wireless Mouse,2,97.68,195.36
INV-103412,CUST-0449,2025-10-02 17:21:08,Specialty Gourmet,Single-Origin Espresso Bean Subscription (1kg),5,39.25,196.25
INV-100338,CUST-0431,2025-10-02 18:01:52,Electronics & Audio,4K Curved Ultra-Wide Gaming Monitor,1,564.25,564.25
INV-103247,CUST-0153,2025-10-02 19:45:47,Computer Accessories,Custom Mechanical RGB Keyboard,5,181.41,907.05
INV-101897,CUST-0402,2025-10-02 22:07:39,Computer Accessories,Custom Mechanical RGB Keyboard,3,150.98,452.94
INV-101101,CUST-0314,2025-10-03 08:31:59,Wearables & Fitness,Titanium GPS Smart Fitness Watch,3,269.26,807.78
INV-100384,CUST-0160,2025-10-03 09:44:33,Wearables & Fitness,Heart Rate Performance Sensor Band,2,97.56,195.12
INV-100979,CUST-0171,2025-10-03 12:55:50,Specialty Gourmet,Single-Origin Espresso Bean Subscription (1kg),3,36.97,110.91
INV-101029,CUST-0423,2025-10-03 15:09:40,Smart Office & Furniture,Ergonomic Lumbar Executive Chair,5,294.17,1470.85
INV-101101,CUST-0314,2025-10-03 18:09:33,Apparel & Lifestyle,Thermal Double-Wall Stainless Flask,6,38.48,230.88
INV-101562,CUST-0107,2025-10-03 20:47:51,Smart Office & Furniture,Ergonomic Lumbar Executive Chair,2,264.13,528.26
INV-100714,CUST-0157,2025-10-03 21:17:36,Computer Accessories,Ergonomic Multi-Device Wireless Mouse,2,89.65,179.3
INV-100458,CUST-0154,2025-10-04 09:01:18,Electronics & Audio,4K Curved Ultra-Wide Gaming Monitor,6,542.76,3256.56
INV-102928,CUST-0308,2025-10-04 09:50:20,Smart Office & Furniture,Smart LED Desk Bar Lamp,4,52.77,211.08
INV-103499,CUST-0284,2025-10-04 13:13:21,Apparel & Lifestyle,Thermal Double-Wall Stainless Flask,2,41.67,83.34
INV-100458,CUST-0154,2025-10-04 14:32:45,Wearables & Fitness,Heart Rate Performance Sensor Band,6,97.01,582.06
INV-102987,CUST-0065,2025-10-04 15:01:30,Computer Accessories,Custom Mechanical RGB Keyboard,2,162.96,325.92
INV-100458,CUST-0154,2025-10-04 15:55:38,Wearables & Fitness,Heart Rate Performance Sensor Band,1,101.06,101.06
INV-103499,CUST-0284,2025-10-04 17:30:13,Smart Office & Furniture,Smart LED Desk Bar Lamp,6,59.3,355.8
INV-102987,CUST-0065,2025-10-04 18:14:45,Wearables & Fitness,Titanium GPS Smart Fitness Watch,2,253.52,507.04
INV-100480,CUST-0146,2025-10-04 22:29:05,Smart Office & Furniture,Ergonomic Lumbar Executive Chair,6,312.08,1872.48
INV-103024,CUST-0044,2025-10-05 08:48:18,Specialty Gourmet,Single-Origin Espresso Bean Subscription (1kg),5,34.53,172.65
INV-102080,CUST-0040,2025-10-05 10:36:46,Specialty Gourmet,Single-Origin Espresso Bean Subscription (1kg),1,32.76,32.76
INV-100999,CUST-0269,2025-10-05 14:38:50,Computer Accessories,Ergonomic Multi-Device Wireless Mouse,4,87.76,351.04
INV-101221,CUST-0095,2025-10-05 15:16:26,Smart Office & Furniture,Ergonomic Lumbar Executive Chair,2,265.3,530.6
INV-101185,CUST-0189,2025-10-05 15:21:03,Specialty Gourmet,Single-Origin Espresso Bean Subscription (1kg),1,31.8,31.8
INV-100080,CUST-0331,2025-10-05 17:23:26,Electronics & Audio,Thunderbolt 4 Docking Station,2,207.7,415.4
INV-101135,CUST-0131,2025-10-05 20:08:57,Wearables & Fitness,Titanium GPS Smart Fitness Watch,1,243.09,243.09
INV-100262,CUST-0163,2025-10-05 22:21:23,Computer Accessories,Custom Mechanical RGB Keyboard,3,163.94,491.82
INV-100006,CUST-0038,2025-10-05 22:22:59,Specialty Gourmet,Single-Origin Espresso Bean Subscription (1kg),2,36.66,73.32
INV-100853,CUST-0078,2025-10-06 08:04:40,Electronics & Audio,Thunderbolt 4 Docking Station,5,200.86,1004.3
INV-102778,CUST-0385,2025-10-06 08:19:05,Computer Accessories,Custom Mechanical RGB Keyboard,2,161.64,323.28
INV-101812,CUST-0351,2025-10-06 09:46:40,Smart Office & Furniture,Ergonomic Lumbar Executive Chair,1,285.2,285.2
INV-102590,CUST-0365,2025-10-06 10:08:47,Smart Office & Furniture,Motorized Standing Desk Frame,4,392.51,1570.04
INV-100853,CUST-0078,2025-10-06 10:16:13,Electronics & Audio,4K Curved Ultra-Wide Gaming Monitor,3,544.95,1634.85
INV-102901,CUST-0238,2025-10-06 10:46:52,Computer Accessories,Custom Mechanical RGB Keyboard,3,156.24,468.72
INV-103512,CUST-0129,2025-10-06 11:36:32,Electronics & Audio,Thunderbolt 4 Docking Station,2,222.4,444.8
INV-102670,CUST-0293,2025-10-06 11:49:54,Computer Accessories,Ergonomic Multi-Device Wireless Mouse,5,81.64,408.2
INV-102802,CUST-0345,2025-10-06 11:51:43,Smart Office & Furniture,Smart LED Desk Bar Lamp,4,53.16,212.64
INV-101683,CUST-0011,2025-10-06 12:41:38,Computer Accessories,Ergonomic Multi-Device Wireless Mouse,1,81.22,81.22
INV-100122,CUST-0007,2025-10-06 13:35:24,Apparel & Lifestyle,Thermal Double-Wall Stainless Flask,4,39.57,158.28
INV-101812,CUST-0351,2025-10-06 15:17:24,Smart Office & Furniture,Smart LED Desk Bar Lamp,1,51.73,51.73
INV-100853,CUST-0078,2025-10-06 15:24:21,Apparel & Lifestyle,Full-Grain Leather Briefcase Sleeve,6,94.81,568.86
INV-100555,CUST-0005,2025-10-06 16:06:43,Apparel & Lifestyle,Thermal Double-Wall Stainless Flask,1,39.32,39.32
INV-103623,CUST-0079,2025-10-06 16:23:39,Wearables & Fitness,Heart Rate Performance Sensor Band,6,106.19,637.14
INV-100765,CUST-0060,2025-10-06 16:25:37,Computer Accessories,Custom Mechanical RGB Keyboard,1,163.26,163.26
INV-102802,CUST-0345,2025-10-06 17:04:56,Computer Accessories,Ergonomic Multi-Device Wireless Mouse,4,83.31,333.24
INV-101745,CUST-0032,2025-10-06 18:20:14,Computer Accessories,Custom Mechanical RGB Keyboard,2,145.61,291.22
INV-102081,CUST-0040,2025-10-06 19:23:39,Smart Office & Furniture,Smart LED Desk Bar Lamp,2,49.37,98.74
INV-101812,CUST-0351,2025-10-06 20:42:11,Computer Accessories,Custom Mechanical RGB Keyboard,4,146.34,585.36
INV-101523,CUST-0051,2025-10-06 21:44:14,Wearables & Fitness,Heart Rate Performance Sensor Band,1,85.81,85.81
INV-101102,CUST-0314,2025-10-07 08:27:22,Computer Accessories,Ergonomic Multi-Device Wireless Mouse,1,87.81,87.81
INV-101204,CUST-0150,2025-10-07 09:11:29,Smart Office & Furniture,Ergonomic Lumbar Executive Chair,2,278.57,557.14
INV-101484,CUST-0221,2025-10-07 09:39:07,Computer Accessories,Premium Aluminum Monitor Arm,3,65.98,197.94
INV-103094,CUST-0294,2025-10-07 10:23:49,Wearables & Fitness,Heart Rate Performance Sensor Band,2,94.15,188.3
INV-101102,CUST-0314,2025-10-07 12:00:29,Wearables & Fitness,Heart Rate Performance Sensor Band,3,94.49,283.47
INV-102759,CUST-0133,2025-10-07 12:18:30,Electronics & Audio,Thunderbolt 4 Docking Station,1,205.82,205.82
INV-102759,CUST-0133,2025-10-07 15:18:46,Apparel & Lifestyle,Full-Grain Leather Briefcase Sleeve,5,88.61,443.05
INV-100742,CUST-0003,2025-10-07 15:22:28,Computer Accessories,Premium Aluminum Monitor Arm,3,72.23,216.69
INV-100742,CUST-0003,2025-10-07 17:58:43,Apparel & Lifestyle,Full-Grain Leather Briefcase Sleeve,2,93.56,187.12
INV-100766,CUST-0060,2025-10-07 18:27:28,Apparel & Lifestyle,Thermal Double-Wall Stainless Flask,3,39.87,119.61
INV-103500,CUST-0284,2025-10-07 18:42:52,Electronics & Audio,Thunderbolt 4 Docking Station,5,222.32,1111.6
INV-101484,CUST-0221,2025-10-07 18:55:29,Apparel & Lifestyle,Full-Grain Leather Briefcase Sleeve,1,82.66,82.66
INV-101102,CUST-0314,2025-10-07 21:37:07,Wearables & Fitness,Heart Rate Performance Sensor Band,1,95.69,95.69
INV-100742,CUST-0003,2025-10-07 21:53:45,Electronics & Audio,Noise-Cancelling Studio Pro Headphones,3,341.12,1023.36
INV-101416,CUST-0279,2025-10-08 09:46:17,Smart Office & Furniture,Ergonomic Lumbar Executive Chair,1,279.0,279.0
INV-102564,CUST-0433,2025-10-08 10:16:19,Smart Office & Furniture,Ergonomic Lumbar Executive Chair,1,285.83,285.83
INV-103002,CUST-0439,2025-10-08 10:18:15,Computer Accessories,Premium Aluminum Monitor Arm,3,69.42,208.26
INV-100020,CUST-0042,2025-10-08 10:31:44,Smart Office & Furniture,Ergonomic Lumbar Executive Chair,4,298.6,1194.4
INV-103379,CUST-0223,2025-10-08 12:37:29,Electronics & Audio,4K Curved Ultra-Wide Gaming Monitor,2,595.73,1191.46
INV-102114,CUST-0295,2025-10-08 13:07:10,Smart Office & Furniture,Ergonomic Lumbar Executive Chair,1,267.94,267.94
INV-103046,CUST-0124,2025-10-08 13:45:08,Specialty Gourmet,Single-Origin Espresso Bean Subscription (1kg),5,32.8,164.0
INV-103258,CUST-0055,2025-10-08 13:45:47,Apparel & Lifestyle,Thermal Double-Wall Stainless Flask,4,44.59,178.36
INV-102952,CUST-0085,2025-10-08 14:13:46,Computer Accessories,Premium Aluminum Monitor Arm,4,65.97,263.88
INV-102962,CUST-0244,2025-10-08 15:57:18,Apparel & Lifestyle,Thermal Double-Wall Stainless Flask,3,38.81,116.43
INV-103379,CUST-0223,2025-10-08 16:18:18,Electronics & Audio,Noise-Cancelling Studio Pro Headphones,2,346.47,692.94
INV-103002,CUST-0439,2025-10-08 16:27:49,Apparel & Lifestyle,Full-Grain Leather Briefcase Sleeve,3,90.9,272.7
INV-103002,CUST-0439,2025-10-08 17:08:35,Specialty Gourmet,Single-Origin Espresso Bean Subscription (1kg),5,33.24,166.2
INV-102962,CUST-0244,2025-10-08 17:38:03,Smart Office & Furniture,Smart LED Desk Bar Lamp,5,52.97,264.85
INV-100886,CUST-0383,2025-10-08 17:57:05,Apparel & Lifestyle,Full-Grain Leather Briefcase Sleeve,4,92.73,370.92
INV-101416,CUST-0279,2025-10-08 19:01:45,Apparel & Lifestyle,Full-Grain Leather Briefcase Sleeve,3,88.04,264.12
INV-101249,CUST-0130,2025-10-08 19:53:53,Wearables & Fitness,Titanium GPS Smart Fitness Watch,4,242.49,969.96
INV-102952,CUST-0085,2025-10-08 20:25:56,Computer Accessories,Ergonomic Multi-Device Wireless Mouse,1,82.57,82.57
INV-103258,CUST-0055,2025-10-08 21:15:52,Specialty Gourmet,Single-Origin Espresso Bean Subscription (1kg),2,39.27,78.54
INV-103071,CUST-0123,2025-10-08 22:46:51,Smart Office & Furniture,Motorized Standing Desk Frame,1,412.88,412.88
INV-103501,CUST-0284,2025-10-09 08:19:45,Smart Office & Furniture,Smart LED Desk Bar Lamp,5,62.02,310.1
INV-103595,CUST-0410,2025-10-09 09:49:45,Computer Accessories,Premium Aluminum Monitor Arm,6,75.13,450.78
INV-102865,CUST-0398,2025-10-09 09:58:03,Specialty Gourmet,Single-Origin Espresso Bean Subscription (1kg),2,34.98,69.96
INV-101888,CUST-0321,2025-10-09 13:12:42,Electronics & Audio,Noise-Cancelling Studio Pro Headphones,1,301.46,301.46
INV-102773,CUST-0231,2025-10-09 13:34:21,Computer Accessories,Premium Aluminum Monitor Arm,4,68.27,273.08
INV-102865,CUST-0398,2025-10-09 17:03:33,Computer Accessories,Premium Aluminum Monitor Arm,1,68.93,68.93
INV-102773,CUST-0231,2025-10-09 21:37:59,Specialty Gourmet,Single-Origin Espresso Bean Subscription (1kg),3,34.01,102.03
INV-103369,CUST-0081,2025-10-09 21:43:04,Computer Accessories,Ergonomic Multi-Device Wireless Mouse,6,95.65,573.9
INV-103174,CUST-0083,2025-10-10 08:26:23,Apparel & Lifestyle,Thermal Double-Wall Stainless Flask,5,38.22,191.1
INV-100081,CUST-0331,2025-10-10 09:33:28,Apparel & Lifestyle,Full-Grain Leather Briefcase Sleeve,5,96.29,481.45
INV-100228,CUST-0188,2025-10-10 10:03:06,Smart Office & Furniture,Motorized Standing Desk Frame,5,431.03,2155.15
INV-100228,CUST-0188,2025-10-10 11:26:44,Wearables & Fitness,Heart Rate Performance Sensor Band,3,95.59,286.77
INV-103586,CUST-0306,2025-10-10 14:45:41,Computer Accessories,Ergonomic Multi-Device Wireless Mouse,5,94.02,470.1
INV-101669,CUST-0054,2025-10-10 16:35:46,Apparel & Lifestyle,Full-Grain Leather Briefcase Sleeve,2,84.82,169.64
INV-102614,CUST-0289,2025-10-10 17:16:17,Specialty Gourmet,Single-Origin Espresso Bean Subscription (1kg),1,33.22,33.22
INV-103831,CUST-0413,2025-10-10 17:52:27,Computer Accessories,Ergonomic Multi-Device Wireless Mouse,1,77.49,77.49
INV-103831,CUST-0413,2025-10-10 18:35:12,Smart Office & Furniture,Motorized Standing Desk Frame,1,354.0,354.0
INV-100081,CUST-0331,2025-10-10 20:15:43,Specialty Gourmet,Single-Origin Espresso Bean Subscription (1kg),6,36.68,220.08
INV-103174,CUST-0083,2025-10-10 20:20:54,Computer Accessories,Premium Aluminum Monitor Arm,4,66.31,265.24
INV-103174,CUST-0083,2025-10-10 21:19:12,Computer Accessories,Custom Mechanical RGB Keyboard,2,160.71,321.42
INV-102825,CUST-0407,2025-10-10 21:21:12,Smart Office & Furniture,Smart LED Desk Bar Lamp,1,53.28,53.28
INV-100875,CUST-0307,2025-10-11 11:08:05,Electronics & Audio,4K Curved Ultra-Wide Gaming Monitor,6,570.51,3423.06
INV-103175,CUST-0083,2025-10-11 11:49:44,Computer Accessories,Ergonomic Multi-Device Wireless Mouse,3,83.07,249.21
INV-101485,CUST-0221,2025-10-11 19:05:00,Electronics & Audio,Thunderbolt 4 Docking Station,1,184.73,184.73
INV-100123,CUST-0007,2025-10-11 20:39:18,Wearables & Fitness,Heart Rate Performance Sensor Band,6,96.96,581.76
INV-101377,CUST-0069,2025-10-11 21:31:49,Specialty Gourmet,Single-Origin Espresso Bean Subscription (1kg),3,32.09,96.27
INV-100875,CUST-0307,2025-10-11 21:50:59,Computer Accessories,Custom Mechanical RGB Keyboard,2,166.21,332.42
INV-103259,CUST-0055,2025-10-11 22:48:04,Wearables & Fitness,Heart Rate Performance Sensor Band,6,110.74,664.44
INV-102963,CUST-0244,2025-10-12 09:07:17,Specialty Gourmet,Single-Origin Espresso Bean Subscription (1kg),2,33.05,66.1
INV-103865,CUST-0283,2025-10-12 10:05:44,Smart Office & Furniture,Ergonomic Lumbar Executive Chair,1,266.95,266.95
INV-102815,CUST-0103,2025-10-12 12:08:24,Electronics & Audio,Thunderbolt 4 Docking Station,3,199.03,597.09
INV-101538,CUST-0193,2025-10-12 12:29:59,Electronics & Audio,Noise-Cancelling Studio Pro Headphones,1,295.24,295.24
INV-100658,CUST-0241,2025-10-12 13:09:19,Specialty Gourmet,Single-Origin Espresso Bean Subscription (1kg),4,36.05,144.2
INV-102964,CUST-0244,2025-10-12 13:33:47,Smart Office & Furniture,Motorized Standing Desk Frame,3,414.57,1243.71
INV-103260,CUST-0055,2025-10-12 15:54:48,Apparel & Lifestyle,Thermal Double-Wall Stainless Flask,2,42.62,85.24
INV-102866,CUST-0398,2025-10-12 16:02:11,Electronics & Audio,4K Curved Ultra-Wide Gaming Monitor,3,538.77,1616.31
INV-103323,CUST-0323,2025-10-12 17:27:28,Specialty Gourmet,Single-Origin Espresso Bean Subscription (1kg),4,38.48,153.92
INV-100040,CUST-0282,2025-10-12 18:49:36,Wearables & Fitness,Heart Rate Performance Sensor Band,1,94.62,94.62
INV-102866,CUST-0398,2025-10-12 19:00:51,Wearables & Fitness,Titanium GPS Smart Fitness Watch,4,261.89,1047.56
INV-102815,CUST-0103,2025-10-12 19:43:33,Computer Accessories,Custom Mechanical RGB Keyboard,1,162.42,162.42
INV-100040,CUST-0282,2025-10-12 20:36:26,Apparel & Lifestyle,Full-Grain Leather Briefcase Sleeve,3,94.63,283.89
INV-102815,CUST-0103,2025-10-12 21:09:01,Smart Office & Furniture,Smart LED Desk Bar Lamp,2,54.1,108.2
INV-101125,CUST-0316,2025-10-12 22:22:08,Wearables & Fitness,Heart Rate Performance Sensor Band,4,85.74,342.96
INV-100040,CUST-0282,2025-10-12 22:36:02,Computer Accessories,Custom Mechanical RGB Keyboard,5,162.85,814.25
INV-100133,CUST-0110,2025-10-12 22:36:12,Apparel & Lifestyle,Thermal Double-Wall Stainless Flask,4,39.17,156.68
INV-101440,CUST-0226,2025-10-13 10:38:15,Specialty Gourmet,Single-Origin Espresso Bean Subscription (1kg),4,31.32,125.28
INV-102710,CUST-0417,2025-10-13 11:01:31,Computer Accessories,Custom Mechanical RGB Keyboard,4,152.3,609.2
INV-100069,CUST-0267,2025-10-13 11:48:18,Smart Office & Furniture,Smart LED Desk Bar Lamp,4,54.89,219.56
INV-101440,CUST-0226,2025-10-13 14:43:36,Apparel & Lifestyle,Thermal Double-Wall Stainless Flask,3,37.1,111.3
INV-102565,CUST-0433,2025-10-13 17:16:03,Computer Accessories,Ergonomic Multi-Device Wireless Mouse,3,82.6,247.8
INV-103825,CUST-0052,2025-10-13 17:27:15,Computer Accessories,Custom Mechanical RGB Keyboard,1,144.86,144.86
INV-103825,CUST-0052,2025-10-13 17:45:12,Computer Accessories,Custom Mechanical RGB Keyboard,2,137.34,274.68
INV-101834,CUST-0304,2025-10-13 19:57:42,Smart Office & Furniture,Smart LED Desk Bar Lamp,3,50.03,150.09
INV-102920,CUST-0247,2025-10-13 21:43:09,Computer Accessories,Ergonomic Multi-Device Wireless Mouse,3,83.0,249.0
INV-101440,CUST-0226,2025-10-13 22:41:47,Computer Accessories,Premium Aluminum Monitor Arm,3,62.98,188.94
INV-101473,CUST-0281,2025-10-13 22:50:42,Wearables & Fitness,Heart Rate Performance Sensor Band,2,86.23,172.46
INV-100069,CUST-0267,2025-10-13 22:56:56,Electronics & Audio,Noise-Cancelling Studio Pro Headphones,2,327.53,655.06
INV-101148,CUST-0428,2025-10-14 08:55:46,Apparel & Lifestyle,Full-Grain Leather Briefcase Sleeve,1,88.34,88.34
INV-101968,CUST-0191,2025-10-14 09:00:35,Smart Office & Furniture,Smart LED Desk Bar Lamp,4,50.85,203.4
INV-101968,CUST-0191,2025-10-14 11:23:24,Wearables & Fitness,Heart Rate Performance Sensor Band,1,91.26,91.26
INV-101226,CUST-0070,2025-10-14 12:07:27,Apparel & Lifestyle,Full-Grain Leather Briefcase Sleeve,4,84.32,337.28
INV-100876,CUST-0307,2025-10-14 12:10:46,Smart Office & Furniture,Smart LED Desk Bar Lamp,4,55.98,223.92
INV-103128,CUST-0166,2025-10-14 12:15:42,Apparel & Lifestyle,Thermal Double-Wall Stainless Flask,3,38.15,114.45
INV-102024,CUST-0165,2025-10-14 16:16:11,Computer Accessories,Premium Aluminum Monitor Arm,3,62.47,187.41
INV-101407,CUST-0207,2025-10-14 19:52:56,Computer Accessories,Premium Aluminum Monitor Arm,4,62.45,249.8
INV-102965,CUST-0244,2025-10-14 22:00:27,Wearables & Fitness,Titanium GPS Smart Fitness Watch,1,271.8,271.8
INV-101357,CUST-0224,2025-10-15 11:07:31,Wearables & Fitness,Titanium GPS Smart Fitness Watch,1,242.28,242.28
INV-101992,CUST-0336,2025-10-15 12:45:28,Specialty Gourmet,Single-Origin Espresso Bean Subscription (1kg),2,31.62,63.24
INV-102566,CUST-0433,2025-10-15 13:46:29,Apparel & Lifestyle,Full-Grain Leather Briefcase Sleeve,4,89.85,359.4
INV-102566,CUST-0433,2025-10-15 18:51:20,Specialty Gourmet,Single-Origin Espresso Bean Subscription (1kg),3,33.34,100.02
INV-100427,CUST-0012,2025-10-16 09:02:36,Electronics & Audio,Noise-Cancelling Studio Pro Headphones,1,329.6,329.6
INV-100101,CUST-0170,2025-10-16 09:12:51,Apparel & Lifestyle,Full-Grain Leather Briefcase Sleeve,5,90.06,450.3
INV-102639,CUST-0436,2025-10-16 10:24:35,Computer Accessories,Custom Mechanical RGB Keyboard,2,158.62,317.24
INV-101227,CUST-0070,2025-10-16 12:30:29,Computer Accessories,Ergonomic Multi-Device Wireless Mouse,3,80.02,240.06
INV-101227,CUST-0070,2025-10-16 13:36:41,Apparel & Lifestyle,Full-Grain Leather Briefcase Sleeve,3,85.78,257.34
INV-100101,CUST-0170,2025-10-16 14:43:38,Electronics & Audio,4K Curved Ultra-Wide Gaming Monitor,2,529.21,1058.42
INV-101227,CUST-0070,2025-10-16 16:43:13,Specialty Gourmet,Single-Origin Espresso Bean Subscription (1kg),2,31.57,63.14
INV-102921,CUST-0247,2025-10-17 12:08:30,Apparel & Lifestyle,Thermal Double-Wall Stainless Flask,2,36.61,73.22
INV-103445,CUST-0362,2025-10-17 12:08:35,Electronics & Audio,Thunderbolt 4 Docking Station,3,232.15,696.45
INV-100877,CUST-0307,2025-10-17 12:36:28,Smart Office & Furniture,Motorized Standing Desk Frame,5,409.61,2048.05
INV-103485,CUST-0006,2025-10-17 15:34:48,Electronics & Audio,4K Curved Ultra-Wide Gaming Monitor,3,601.56,1804.68
INV-103485,CUST-0006,2025-10-17 15:34:54,Electronics & Audio,Thunderbolt 4 Docking Station,6,231.01,1386.06
INV-100459,CUST-0154,2025-10-17 16:59:45,Computer Accessories,Custom Mechanical RGB Keyboard,5,171.15,855.75
INV-101161,CUST-0128,2025-10-17 17:42:20,Apparel & Lifestyle,Thermal Double-Wall Stainless Flask,1,34.92,34.92
INV-103445,CUST-0362,2025-10-17 22:07:56,Wearables & Fitness,Heart Rate Performance Sensor Band,6,107.0,642.0
INV-101993,CUST-0336,2025-10-17 22:34:59,Electronics & Audio,Thunderbolt 4 Docking Station,4,183.02,732.08
INV-101358,CUST-0224,2025-10-18 09:51:32,Computer Accessories,Premium Aluminum Monitor Arm,4,62.91,251.64
INV-103552,CUST-0196,2025-10-18 10:43:23,Specialty Gourmet,Single-Origin Espresso Bean Subscription (1kg),6,40.06,240.36
INV-102816,CUST-0103,2025-10-18 14:01:50,Apparel & Lifestyle,Thermal Double-Wall Stainless Flask,4,38.33,153.32
INV-100460,CUST-0154,2025-10-18 15:25:47,Computer Accessories,Ergonomic Multi-Device Wireless Mouse,5,86.52,432.6
INV-101358,CUST-0224,2025-10-18 16:07:29,Specialty Gourmet,Single-Origin Espresso Bean Subscription (1kg),3,32.44,97.32
INV-101869,CUST-0077,2025-10-18 17:12:27,Smart Office & Furniture,Motorized Standing Desk Frame,2,365.93,731.86
INV-101869,CUST-0077,2025-10-18 17:47:46,Smart Office & Furniture,Smart LED Desk Bar Lamp,2,48.78,97.56
INV-102816,CUST-0103,2025-10-18 20:13:27,Apparel & Lifestyle,Thermal Double-Wall Stainless Flask,2,36.91,73.82
INV-103010,CUST-0249,2025-10-18 21:54:27,Apparel & Lifestyle,Full-Grain Leather Briefcase Sleeve,1,91.91,91.91
INV-102882,CUST-0390,2025-10-18 22:35:23,Computer Accessories,Ergonomic Multi-Device Wireless Mouse,5,86.17,430.85
INV-102687,CUST-0320,2025-10-19 11:59:51,Apparel & Lifestyle,Thermal Double-Wall Stainless Flask,5,38.27,191.35
INV-100518,CUST-0062,2025-10-19 15:19:43,Electronics & Audio,4K Curved Ultra-Wide Gaming Monitor,6,547.51,3285.06
INV-101299,CUST-0353,2025-10-19 18:11:43,Smart Office & Furniture,Smart LED Desk Bar Lamp,3,51.04,153.12
INV-100058,CUST-0180,2025-10-19 18:15:02,Apparel & Lifestyle,Full-Grain Leather Briefcase Sleeve,4,90.87,363.48
INV-101643,CUST-0213,2025-10-19 18:42:42,Computer Accessories,Ergonomic Multi-Device Wireless Mouse,4,77.49,309.96
INV-101643,CUST-0213,2025-10-19 19:30:27,Computer Accessories,Ergonomic Multi-Device Wireless Mouse,3,80.41,241.23
INV-101663,CUST-0218,2025-10-20 10:09:21,Specialty Gourmet,Single-Origin Espresso Bean Subscription (1kg),1,33.78,33.78
INV-103539,CUST-0240,2025-10-20 14:01:31,Specialty Gourmet,Single-Origin Espresso Bean Subscription (1kg),4,39.29,157.16
INV-103031,CUST-0375,2025-10-20 14:15:25,Smart Office & Furniture,Motorized Standing Desk Frame,4,411.45,1645.8
INV-103539,CUST-0240,2025-10-20 16:30:49,Computer Accessories,Ergonomic Multi-Device Wireless Mouse,2,94.01,188.02
INV-103324,CUST-0323,2025-10-20 17:46:26,Computer Accessories,Custom Mechanical RGB Keyboard,6,177.15,1062.9
INV-101663,CUST-0218,2025-10-20 19:34:12,Wearables & Fitness,Titanium GPS Smart Fitness Watch,2,249.44,498.88
INV-101103,CUST-0314,2025-10-20 22:18:50,Electronics & Audio,Noise-Cancelling Studio Pro Headphones,3,320.43,961.29
INV-101889,CUST-0321,2025-10-20 22:25:27,Wearables & Fitness,Titanium GPS Smart Fitness Watch,3,255.74,767.22
INV-101889,CUST-0321,2025-10-20 22:28:59,Apparel & Lifestyle,Thermal Double-Wall Stainless Flask,2,36.93,73.86
INV-103761,CUST-0450,2025-10-21 11:12:46,Smart Office & Furniture,Smart LED Desk Bar Lamp,2,46.46,92.92
INV-103761,CUST-0450,2025-10-21 15:33:00,Computer Accessories,Premium Aluminum Monitor Arm,1,62.61,62.61
INV-103624,CUST-0079,2025-10-21 16:13:40,Apparel & Lifestyle,Full-Grain Leather Briefcase Sleeve,3,102.21,306.63
INV-103176,CUST-0083,2025-10-21 16:15:12,Apparel & Lifestyle,Thermal Double-Wall Stainless Flask,1,36.74,36.74
INV-103153,CUST-0272,2025-10-21 20:39:55,Wearables & Fitness,Titanium GPS Smart Fitness Watch,2,268.62,537.24
INV-103176,CUST-0083,2025-10-21 22:51:48,Electronics & Audio,Thunderbolt 4 Docking Station,1,195.86,195.86
INV-101969,CUST-0191,2025-10-22 09:37:32,Specialty Gourmet,Single-Origin Espresso Bean Subscription (1kg),2,32.87,65.74
INV-102978,CUST-0066,2025-10-22 09:40:47,Apparel & Lifestyle,Full-Grain Leather Briefcase Sleeve,5,91.97,459.85
INV-101126,CUST-0316,2025-10-22 10:22:32,Apparel & Lifestyle,Full-Grain Leather Briefcase Sleeve,3,81.66,244.98
INV-101969,CUST-0191,2025-10-22 12:59:20,Computer Accessories,Ergonomic Multi-Device Wireless Mouse,2,82.44,164.88
INV-103129,CUST-0166,2025-10-22 15:08:11,Specialty Gourmet,Single-Origin Espresso Bean Subscription (1kg),3,34.66,103.98
INV-100827,CUST-0164,2025-10-22 15:11:20,Computer Accessories,Custom Mechanical RGB Keyboard,3,164.97,494.91
INV-100827,CUST-0164,2025-10-22 18:48:32,Wearables & Fitness,Titanium GPS Smart Fitness Watch,4,279.41,1117.64
INV-101474,CUST-0281,2025-10-22 20:05:22,Wearables & Fitness,Heart Rate Performance Sensor Band,3,90.51,271.53
INV-102978,CUST-0066,2025-10-22 21:26:57,Computer Accessories,Custom Mechanical RGB Keyboard,3,161.67,485.01
INV-103784,CUST-0312,2025-10-22 22:16:39,Computer Accessories,Ergonomic Multi-Device Wireless Mouse,1,78.14,78.14
INV-103428,CUST-0409,2025-10-23 08:13:37,Smart Office & Furniture,Ergonomic Lumbar Executive Chair,2,321.36,642.72
INV-103428,CUST-0409,2025-10-23 09:21:43,Computer Accessories,Premium Aluminum Monitor Arm,2,79.99,159.98
INV-102169,CUST-0297,2025-10-23 10:06:53,Apparel & Lifestyle,Full-Grain Leather Briefcase Sleeve,1,82.8,82.8
INV-102169,CUST-0297,2025-10-23 13:47:18,Computer Accessories,Custom Mechanical RGB Keyboard,2,153.38,306.76
INV-103633,CUST-0057,2025-10-23 13:50:47,Electronics & Audio,Noise-Cancelling Studio Pro Headphones,6,361.8,2170.8
INV-103428,CUST-0409,2025-10-23 18:58:29,Wearables & Fitness,Heart Rate Performance Sensor Band,6,102.85,617.1
INV-101359,CUST-0224,2025-10-23 21:06:22,Computer Accessories,Premium Aluminum Monitor Arm,4,63.99,255.96
INV-102054,CUST-0076,2025-10-23 21:10:24,Computer Accessories,Premium Aluminum Monitor Arm,4,62.9,251.6
INV-101319,CUST-0437,2025-10-23 21:52:50,Wearables & Fitness,Heart Rate Performance Sensor Band,1,91.42,91.42
INV-102065,CUST-0179,2025-10-23 22:39:58,Specialty Gourmet,Single-Origin Espresso Bean Subscription (1kg),3,33.61,100.83
INV-103078,CUST-0158,2025-10-24 08:02:41,Electronics & Audio,Noise-Cancelling Studio Pro Headphones,2,306.37,612.74
INV-103047,CUST-0124,2025-10-24 08:33:41,Computer Accessories,Premium Aluminum Monitor Arm,5,68.19,340.95
INV-102115,CUST-0295,2025-10-24 11:05:54,Smart Office & Furniture,Ergonomic Lumbar Executive Chair,2,273.38,546.76
INV-100887,CUST-0383,2025-10-24 14:16:44,Computer Accessories,Custom Mechanical RGB Keyboard,4,160.58,642.32
INV-100610,CUST-0403,2025-10-24 14:28:47,Wearables & Fitness,Heart Rate Performance Sensor Band,2,97.7,195.4
INV-102671,CUST-0293,2025-10-24 14:56:19,Smart Office & Furniture,Ergonomic Lumbar Executive Chair,4,298.17,1192.68
INV-103634,CUST-0057,2025-10-24 15:03:32,Computer Accessories,Premium Aluminum Monitor Arm,4,75.53,302.12
INV-100610,CUST-0403,2025-10-24 18:34:59,Smart Office & Furniture,Smart LED Desk Bar Lamp,3,54.62,163.86
INV-102741,CUST-0116,2025-10-25 08:23:06,Specialty Gourmet,Single-Origin Espresso Bean Subscription (1kg),2,35.44,70.88
INV-101920,CUST-0287,2025-10-25 11:30:46,Specialty Gourmet,Single-Origin Espresso Bean Subscription (1kg),4,31.48,125.92
INV-101920,CUST-0287,2025-10-25 13:11:15,Apparel & Lifestyle,Thermal Double-Wall Stainless Flask,4,37.14,148.56
INV-103686,CUST-0071,2025-10-25 13:37:58,Specialty Gourmet,Single-Origin Espresso Bean Subscription (1kg),2,31.84,63.68
INV-103841,CUST-0024,2025-10-25 14:43:51,Smart Office & Furniture,Smart LED Desk Bar Lamp,2,46.84,93.68
INV-100501,CUST-0395,2025-10-25 15:09:40,Specialty Gourmet,Single-Origin Espresso Bean Subscription (1kg),1,36.17,36.17
INV-101790,CUST-0178,2025-10-25 15:14:05,Electronics & Audio,4K Curved Ultra-Wide Gaming Monitor,2,486.96,973.92
INV-103841,CUST-0024,2025-10-25 15:32:24,Specialty Gourmet,Single-Origin Espresso Bean Subscription (1kg),2,31.68,63.36
INV-103841,CUST-0024,2025-10-25 15:42:25,Computer Accessories,Ergonomic Multi-Device Wireless Mouse,2,76.97,153.94
INV-100715,CUST-0157,2025-10-25 15:43:06,Wearables & Fitness,Titanium GPS Smart Fitness Watch,1,268.34,268.34
INV-103325,CUST-0323,2025-10-25 15:49:43,Specialty Gourmet,Single-Origin Espresso Bean Subscription (1kg),6,40.52,243.12
INV-100173,CUST-0145,2025-10-25 15:55:13,Apparel & Lifestyle,Full-Grain Leather Briefcase Sleeve,4,94.37,377.48
INV-100575,CUST-0008,2025-10-25 15:58:58,Apparel & Lifestyle,Full-Grain Leather Briefcase Sleeve,4,94.65,378.6
INV-103625,CUST-0079,2025-10-25 15:58:58,Electronics & Audio,Noise-Cancelling Studio Pro Headphones,6,371.8,2230.8
INV-100715,CUST-0157,2025-10-25 17:11:26,Wearables & Fitness,Titanium GPS Smart Fitness Watch,1,274.47,274.47
INV-103625,CUST-0079,2025-10-25 18:13:05,Wearables & Fitness,Titanium GPS Smart Fitness Watch,6,307.47,1844.82
INV-103325,CUST-0323,2025-10-25 19:14:23,Computer Accessories,Premium Aluminum Monitor Arm,2,79.37,158.74
INV-103325,CUST-0323,2025-10-25 22:59:48,Computer Accessories,Custom Mechanical RGB Keyboard,3,185.85,557.55
INV-100556,CUST-0005,2025-10-26 08:01:39,Computer Accessories,Custom Mechanical RGB Keyboard,3,161.71,485.13
INV-102601,CUST-0019,2025-10-26 08:03:24,Smart Office & Furniture,Smart LED Desk Bar Lamp,4,51.54,206.16
INV-101441,CUST-0226,2025-10-26 08:40:44,Electronics & Audio,Noise-Cancelling Studio Pro Headphones,4,294.07,1176.28
INV-102601,CUST-0019,2025-10-26 10:16:30,Wearables & Fitness,Heart Rate Performance Sensor Band,4,92.34,369.36
INV-103502,CUST-0284,2025-10-26 13:18:58,Computer Accessories,Ergonomic Multi-Device Wireless Mouse,3,94.58,283.74
INV-101644,CUST-0213,2025-10-26 18:02:23,Wearables & Fitness,Titanium GPS Smart Fitness Watch,2,256.88,513.76
INV-101458,CUST-0324,2025-10-26 18:25:08,Computer Accessories,Premium Aluminum Monitor Arm,3,63.66,190.98
INV-102601,CUST-0019,2025-10-26 20:48:22,Computer Accessories,Ergonomic Multi-Device Wireless Mouse,4,82.7,330.8
INV-101441,CUST-0226,2025-10-26 21:57:12,Smart Office & Furniture,Motorized Standing Desk Frame,4,376.26,1505.04
INV-103088,CUST-0318,2025-10-27 09:48:36,Computer Accessories,Premium Aluminum Monitor Arm,4,69.91,279.64
INV-102055,CUST-0076,2025-10-27 10:16:13,Specialty Gourmet,Single-Origin Espresso Bean Subscription (1kg),1,31.43,31.43
INV-100629,CUST-0363,2025-10-27 15:07:41,Computer Accessories,Ergonomic Multi-Device Wireless Mouse,6,90.24,541.44
INV-103866,CUST-0283,2025-10-27 17:12:51,Apparel & Lifestyle,Thermal Double-Wall Stainless Flask,2,35.21,70.42
INV-103088,CUST-0318,2025-10-27 17:17:42,Computer Accessories,Custom Mechanical RGB Keyboard,3,157.26,471.78
INV-103743,CUST-0162,2025-10-27 19:38:01,Electronics & Audio,4K Curved Ultra-Wide Gaming Monitor,2,486.39,972.78
INV-103743,CUST-0162,2025-10-27 20:42:38,Apparel & Lifestyle,Thermal Double-Wall Stainless Flask,2,35.13,70.26
INV-103596,CUST-0410,2025-10-27 20:47:37,Electronics & Audio,Noise-Cancelling Studio Pro Headphones,5,345.87,1729.35
INV-103743,CUST-0162,2025-10-27 22:24:49,Wearables & Fitness,Titanium GPS Smart Fitness Watch,2,228.93,457.86
INV-100366,CUST-0035,2025-10-28 10:06:13,Apparel & Lifestyle,Full-Grain Leather Briefcase Sleeve,4,95.62,382.48
INV-101228,CUST-0070,2025-10-28 19:53:30,Computer Accessories,Ergonomic Multi-Device Wireless Mouse,2,77.75,155.5
INV-101835,CUST-0304,2025-10-28 20:55:20,Wearables & Fitness,Heart Rate Performance Sensor Band,4,92.31,369.24
INV-103885,CUST-0374,2025-10-28 21:04:07,Apparel & Lifestyle,Full-Grain Leather Briefcase Sleeve,2,82.61,165.22
INV-102803,CUST-0345,2025-10-29 10:27:28,Electronics & Audio,Thunderbolt 4 Docking Station,4,197.27,789.08
INV-101712,CUST-0232,2025-10-29 10:53:38,Apparel & Lifestyle,Full-Grain Leather Briefcase Sleeve,3,87.63,262.89
INV-103871,CUST-0194,2025-10-29 12:34:32,Electronics & Audio,Thunderbolt 4 Docking Station,1,177.48,177.48
INV-102803,CUST-0345,2025-10-29 12:42:55,Specialty Gourmet,Single-Origin Espresso Bean Subscription (1kg),1,33.03,33.03
INV-102779,CUST-0385,2025-10-29 13:43:15,Smart Office & Furniture,Smart LED Desk Bar Lamp,2,54.19,108.38
INV-101712,CUST-0232,2025-10-29 14:11:39,Specialty Gourmet,Single-Origin Espresso Bean Subscription (1kg),2,33.68,67.36
INV-103232,CUST-0285,2025-10-29 15:33:31,Computer Accessories,Premium Aluminum Monitor Arm,4,78.16,312.64
INV-102803,CUST-0345,2025-10-29 20:22:10,Specialty Gourmet,Single-Origin Espresso Bean Subscription (1kg),1,34.98,34.98
INV-101360,CUST-0224,2025-10-29 21:41:19,Computer Accessories,Ergonomic Multi-Device Wireless Mouse,1,79.48,79.48
INV-103513,CUST-0129,2025-10-29 21:48:24,Electronics & Audio,Thunderbolt 4 Docking Station,6,227.38,1364.28
INV-103871,CUST-0194,2025-10-29 21:49:41,Wearables & Fitness,Titanium GPS Smart Fitness Watch,1,232.85,232.85
INV-101716,CUST-0356,2025-10-30 08:27:31,Computer Accessories,Ergonomic Multi-Device Wireless Mouse,2,82.0,164.0
INV-100925,CUST-0264,2025-10-30 09:07:05,Wearables & Fitness,Heart Rate Performance Sensor Band,4,96.86,387.44
INV-102929,CUST-0308,2025-10-30 09:49:01,Wearables & Fitness,Heart Rate Performance Sensor Band,4,95.53,382.12
INV-101746,CUST-0032,2025-10-30 09:58:48,Computer Accessories,Premium Aluminum Monitor Arm,1,65.65,65.65
INV-103710,CUST-0443,2025-10-30 12:14:00,Apparel & Lifestyle,Thermal Double-Wall Stainless Flask,1,33.53,33.53
INV-102742,CUST-0116,2025-10-30 13:42:58,Wearables & Fitness,Heart Rate Performance Sensor Band,3,92.95,278.85
INV-101652,CUST-0376,2025-10-30 14:59:29,Apparel & Lifestyle,Thermal Double-Wall Stainless Flask,4,36.95,147.8
INV-100970,CUST-0046,2025-10-30 16:38:23,Apparel & Lifestyle,Thermal Double-Wall Stainless Flask,6,40.48,242.88
INV-103025,CUST-0044,2025-10-30 21:57:45,Smart Office & Furniture,Smart LED Desk Bar Lamp,3,51.01,153.03
INV-100907,CUST-0093,2025-10-31 08:10:59,Wearables & Fitness,Heart Rate Performance Sensor Band,4,101.76,407.04
INV-101361,CUST-0224,2025-10-31 08:17:46,Apparel & Lifestyle,Full-Grain Leather Briefcase Sleeve,4,87.56,350.24
INV-101952,CUST-0301,2025-10-31 09:38:50,Apparel & Lifestyle,Full-Grain Leather Briefcase Sleeve,1,87.05,87.05
INV-102154,CUST-0100,2025-10-31 10:11:09,Computer Accessories,Premium Aluminum Monitor Arm,1,64.47,64.47
INV-100878,CUST-0307,2025-10-31 10:30:28,Computer Accessories,Custom Mechanical RGB Keyboard,3,163.65,490.95
INV-100767,CUST-0060,2025-10-31 10:32:08,Specialty Gourmet,Single-Origin Espresso Bean Subscription (1kg),4,36.68,146.72
INV-103095,CUST-0294,2025-10-31 10:33:57,Wearables & Fitness,Heart Rate Performance Sensor Band,2,96.24,192.48
INV-102154,CUST-0100,2025-10-31 10:38:20,Wearables & Fitness,Titanium GPS Smart Fitness Watch,3,252.87,758.61
INV-100767,CUST-0060,2025-10-31 10:45:32,Apparel & Lifestyle,Full-Grain Leather Briefcase Sleeve,4,95.08,380.32
INV-102780,CUST-0385,2025-10-31 15:54:53,Specialty Gourmet,Single-Origin Espresso Bean Subscription (1kg),4,34.41,137.64
INV-103744,CUST-0162,2025-10-31 18:59:01,Electronics & Audio,4K Curved Ultra-Wide Gaming Monitor,2,463.59,927.18
INV-102154,CUST-0100,2025-10-31 19:16:15,Wearables & Fitness,Titanium GPS Smart Fitness Watch,4,257.87,1031.48
INV-100878,CUST-0307,2025-10-31 19:27:48,Apparel & Lifestyle,Thermal Double-Wall Stainless Flask,4,39.62,158.48
INV-100907,CUST-0093,2025-10-31 20:17:14,Electronics & Audio,4K Curved Ultra-Wide Gaming Monitor,3,566.58,1699.74
INV-100878,CUST-0307,2025-10-31 20:30:01,Smart Office & Furniture,Ergonomic Lumbar Executive Chair,2,310.23,620.46
INV-100520,CUST-0062,2025-11-01 08:04:30,Computer Accessories,Premium Aluminum Monitor Arm,3,70.68,212.04
INV-103446,CUST-0362,2025-11-01 09:39:35,Computer Accessories,Premium Aluminum Monitor Arm,2,77.88,155.76
INV-102850,CUST-0373,2025-11-01 10:10:59,Apparel & Lifestyle,Thermal Double-Wall Stainless Flask,5,38.45,192.25
INV-100576,CUST-0008,2025-11-01 10:40:03,Computer Accessories,Ergonomic Multi-Device Wireless Mouse,6,85.29,511.74
INV-100519,CUST-0062,2025-11-01 11:09:55,Apparel & Lifestyle,Full-Grain Leather Briefcase Sleeve,4,91.49,365.96
INV-102850,CUST-0373,2025-11-01 12:01:01,Computer Accessories,Premium Aluminum Monitor Arm,2,66.57,133.14
INV-103486,CUST-0006,2025-11-01 12:22:39,Specialty Gourmet,Single-Origin Espresso Bean Subscription (1kg),4,39.61,158.44
INV-103486,CUST-0006,2025-11-01 14:24:14,Smart Office & Furniture,Motorized Standing Desk Frame,6,449.85,2699.1
INV-103261,CUST-0055,2025-11-01 14:27:51,Smart Office & Furniture,Smart LED Desk Bar Lamp,2,61.88,123.76
INV-103446,CUST-0362,2025-11-01 14:50:01,Computer Accessories,Custom Mechanical RGB Keyboard,4,173.99,695.96
INV-102628,CUST-0311,2025-11-01 15:46:09,Smart Office & Furniture,Motorized Standing Desk Frame,2,390.56,781.12
INV-100332,CUST-0144,2025-11-01 17:53:16,Computer Accessories,Premium Aluminum Monitor Arm,2,69.16,138.32
INV-100520,CUST-0062,2025-11-01 18:21:50,Computer Accessories,Ergonomic Multi-Device Wireless Mouse,2,89.29,178.58
INV-100332,CUST-0144,2025-11-01 21:32:09,Specialty Gourmet,Single-Origin Espresso Bean Subscription (1kg),4,36.91,147.64
INV-102567,CUST-0433,2025-11-01 22:33:40,Specialty Gourmet,Single-Origin Espresso Bean Subscription (1kg),1,34.83,34.83
INV-101695,CUST-0246,2025-11-02 08:04:36,Electronics & Audio,4K Curved Ultra-Wide Gaming Monitor,3,508.84,1526.52
INV-101030,CUST-0423,2025-11-02 08:59:51,Wearables & Fitness,Titanium GPS Smart Fitness Watch,5,279.91,1399.55
INV-103712,CUST-0396,2025-11-02 13:45:29,Apparel & Lifestyle,Thermal Double-Wall Stainless Flask,2,35.38,70.76
INV-100743,CUST-0003,2025-11-02 14:26:53,Electronics & Audio,Thunderbolt 4 Docking Station,3,212.17,636.51
INV-101250,CUST-0130,2025-11-02 17:40:01,Electronics & Audio,Thunderbolt 4 Docking Station,1,184.73,184.73
INV-101250,CUST-0130,2025-11-02 19:05:36,Computer Accessories,Ergonomic Multi-Device Wireless Mouse,4,80.34,321.36
INV-103487,CUST-0006,2025-11-02 22:01:10,Computer Accessories,Ergonomic Multi-Device Wireless Mouse,4,92.66,370.64
INV-101250,CUST-0130,2025-11-02 22:05:11,Smart Office & Furniture,Smart LED Desk Bar Lamp,4,48.34,193.36
INV-103458,CUST-0392,2025-11-02 22:12:15,Computer Accessories,Ergonomic Multi-Device Wireless Mouse,4,92.76,371.04
INV-101092,CUST-0176,2025-11-02 22:39:44,Electronics & Audio,4K Curved Ultra-Wide Gaming Monitor,1,539.04,539.04
INV-102066,CUST-0179,2025-11-03 11:00:29,Computer Accessories,Custom Mechanical RGB Keyboard,1,154.23,154.23
INV-102130,CUST-0329,2025-11-03 11:18:56,Smart Office & Furniture,Smart LED Desk Bar Lamp,3,48.18,144.54
INV-102657,CUST-0298,2025-11-03 13:40:47,Electronics & Audio,4K Curved Ultra-Wide Gaming Monitor,3,505.88,1517.64
INV-102066,CUST-0179,2025-11-03 13:50:23,Smart Office & Furniture,Smart LED Desk Bar Lamp,4,50.37,201.48
INV-100174,CUST-0145,2025-11-03 14:22:27,Electronics & Audio,Thunderbolt 4 Docking Station,1,209.94,209.94
INV-102552,CUST-0229,2025-11-03 15:48:23,Computer Accessories,Custom Mechanical RGB Keyboard,2,160.86,321.72
INV-100671,CUST-0204,2025-11-03 18:54:50,Computer Accessories,Premium Aluminum Monitor Arm,4,69.26,277.04
INV-103713,CUST-0396,2025-11-03 20:39:54,Specialty Gourmet,Single-Origin Espresso Bean Subscription (1kg),1,29.81,29.81
INV-102066,CUST-0179,2025-11-03 21:28:11,Apparel & Lifestyle,Thermal Double-Wall Stainless Flask,4,35.7,142.8
INV-103635,CUST-0057,2025-11-04 09:01:42,Electronics & Audio,Noise-Cancelling Studio Pro Headphones,3,366.85,1100.55
INV-103762,CUST-0450,2025-11-04 17:07:15,Specialty Gourmet,Single-Origin Espresso Bean Subscription (1kg),1,30.1,30.1
INV-100971,CUST-0046,2025-11-04 22:06:08,Computer Accessories,Ergonomic Multi-Device Wireless Mouse,5,87.07,435.35
INV-102046,CUST-0056,2025-11-05 11:08:49,Specialty Gourmet,Single-Origin Espresso Bean Subscription (1kg),1,32.79,32.79
INV-100461,CUST-0154,2025-11-05 12:15:32,Computer Accessories,Premium Aluminum Monitor Arm,3,70.13,210.39
INV-103262,CUST-0055,2025-11-05 14:15:01,Specialty Gourmet,Single-Origin Espresso Bean Subscription (1kg),3,40.5,121.5
INV-103304,CUST-0257,2025-11-05 14:35:35,Computer Accessories,Ergonomic Multi-Device Wireless Mouse,4,97.62,390.48
INV-101870,CUST-0077,2025-11-05 15:41:56,Computer Accessories,Custom Mechanical RGB Keyboard,1,151.91,151.91
INV-100659,CUST-0241,2025-11-05 16:49:31,Electronics & Audio,4K Curved Ultra-Wide Gaming Monitor,1,555.97,555.97
INV-100319,CUST-0243,2025-11-05 18:21:21,Electronics & Audio,4K Curved Ultra-Wide Gaming Monitor,2,565.74,1131.48
INV-103304,CUST-0257,2025-11-05 18:38:09,Electronics & Audio,Thunderbolt 4 Docking Station,5,235.7,1178.5
INV-100082,CUST-0331,2025-11-05 21:35:57,Computer Accessories,Premium Aluminum Monitor Arm,5,68.75,343.75
INV-103263,CUST-0055,2025-11-06 09:42:42,Smart Office & Furniture,Motorized Standing Desk Frame,3,468.6,1405.8
INV-100835,CUST-0382,2025-11-06 10:54:48,Wearables & Fitness,Heart Rate Performance Sensor Band,6,98.71,592.26
INV-100102,CUST-0170,2025-11-06 11:47:07,Smart Office & Furniture,Smart LED Desk Bar Lamp,1,53.72,53.72
INV-102867,CUST-0398,2025-11-06 12:04:21,Specialty Gourmet,Single-Origin Espresso Bean Subscription (1kg),2,33.68,67.36
INV-100521,CUST-0062,2025-11-06 13:38:36,Smart Office & Furniture,Ergonomic Lumbar Executive Chair,2,297.23,594.46
INV-100810,CUST-0263,2025-11-06 13:41:43,Apparel & Lifestyle,Thermal Double-Wall Stainless Flask,5,39.98,199.9
INV-102806,CUST-0172,2025-11-06 14:37:08,Wearables & Fitness,Heart Rate Performance Sensor Band,3,89.76,269.28
INV-102817,CUST-0103,2025-11-06 15:46:47,Specialty Gourmet,Single-Origin Espresso Bean Subscription (1kg),5,34.41,172.05
INV-100835,CUST-0382,2025-11-06 22:16:00,Computer Accessories,Ergonomic Multi-Device Wireless Mouse,6,89.58,537.48
INV-100102,CUST-0170,2025-11-06 22:21:19,Apparel & Lifestyle,Full-Grain Leather Briefcase Sleeve,4,91.32,365.28
INV-103263,CUST-0055,2025-11-06 22:45:27,Apparel & Lifestyle,Full-Grain Leather Briefcase Sleeve,6,103.28,619.68
INV-102516,CUST-0258,2025-11-07 08:05:30,Electronics & Audio,Thunderbolt 4 Docking Station,5,193.11,965.55
INV-100672,CUST-0204,2025-11-07 08:19:36,Apparel & Lifestyle,Thermal Double-Wall Stainless Flask,2,38.93,77.86
INV-103026,CUST-0044,2025-11-07 08:57:13,Computer Accessories,Premium Aluminum Monitor Arm,4,69.13,276.52
INV-103233,CUST-0285,2025-11-07 09:21:57,Specialty Gourmet,Single-Origin Espresso Bean Subscription (1kg),5,38.57,192.85
INV-102966,CUST-0244,2025-11-07 11:06:26,Computer Accessories,Custom Mechanical RGB Keyboard,3,156.31,468.93
INV-101093,CUST-0176,2025-11-07 11:22:40,Electronics & Audio,Thunderbolt 4 Docking Station,2,202.96,405.92
INV-102577,CUST-0335,2025-11-07 12:08:13,Electronics & Audio,4K Curved Ultra-Wide Gaming Monitor,2,524.63,1049.26
INV-101000,CUST-0269,2025-11-07 14:26:35,Electronics & Audio,Thunderbolt 4 Docking Station,6,215.48,1292.88
INV-100577,CUST-0008,2025-11-07 17:04:52,Apparel & Lifestyle,Thermal Double-Wall Stainless Flask,5,38.56,192.8
INV-102577,CUST-0335,2025-11-07 17:12:14,Electronics & Audio,Noise-Cancelling Studio Pro Headphones,1,304.03,304.03
INV-100577,CUST-0008,2025-11-07 17:51:39,Electronics & Audio,4K Curved Ultra-Wide Gaming Monitor,1,531.96,531.96
INV-101093,CUST-0176,2025-11-07 19:17:31,Computer Accessories,Premium Aluminum Monitor Arm,6,72.79,436.74
INV-103540,CUST-0240,2025-11-07 20:45:09,Electronics & Audio,Noise-Cancelling Studio Pro Headphones,5,358.66,1793.3
INV-102516,CUST-0258,2025-11-07 21:23:25,Wearables & Fitness,Titanium GPS Smart Fitness Watch,1,264.57,264.57
INV-102516,CUST-0258,2025-11-07 21:49:34,Smart Office & Furniture,Smart LED Desk Bar Lamp,5,54.34,271.7
INV-103011,CUST-0249,2025-11-07 22:05:05,Electronics & Audio,4K Curved Ultra-Wide Gaming Monitor,3,529.03,1587.09
INV-102615,CUST-0289,2025-11-08 09:22:58,Apparel & Lifestyle,Thermal Double-Wall Stainless Flask,1,38.71,38.71
INV-101001,CUST-0269,2025-11-08 11:24:05,Smart Office & Furniture,Smart LED Desk Bar Lamp,5,55.15,275.75
INV-101653,CUST-0376,2025-11-08 11:28:16,Wearables & Fitness,Titanium GPS Smart Fitness Watch,3,255.67,767.01
INV-100218,CUST-0174,2025-11-08 13:19:20,Apparel & Lifestyle,Thermal Double-Wall Stainless Flask,4,39.87,159.48
INV-100218,CUST-0174,2025-11-08 13:45:42,Apparel & Lifestyle,Thermal Double-Wall Stainless Flask,3,41.06,123.18
INV-103191,CUST-0192,2025-11-08 16:21:17,Electronics & Audio,Thunderbolt 4 Docking Station,5,194.36,971.8
INV-103191,CUST-0192,2025-11-08 17:00:38,Computer Accessories,Premium Aluminum Monitor Arm,1,69.12,69.12
INV-103079,CUST-0158,2025-11-08 17:31:47,Specialty Gourmet,Single-Origin Espresso Bean Subscription (1kg),3,34.29,102.87
INV-101653,CUST-0376,2025-11-08 21:02:52,Computer Accessories,Custom Mechanical RGB Keyboard,3,154.69,464.07
INV-103714,CUST-0396,2025-11-08 21:15:56,Apparel & Lifestyle,Thermal Double-Wall Stainless Flask,2,33.45,66.9
INV-101229,CUST-0070,2025-11-09 08:19:44,Smart Office & Furniture,Motorized Standing Desk Frame,2,379.1,758.2
INV-102578,CUST-0335,2025-11-09 08:51:43,Smart Office & Furniture,Smart LED Desk Bar Lamp,2,54.12,108.24
INV-101378,CUST-0069,2025-11-09 12:04:50,Wearables & Fitness,Heart Rate Performance Sensor Band,3,90.87,272.61
INV-102578,CUST-0335,2025-11-09 13:55:05,Electronics & Audio,4K Curved Ultra-Wide Gaming Monitor,4,516.88,2067.52
INV-102735,CUST-0031,2025-11-09 18:31:19,Computer Accessories,Ergonomic Multi-Device Wireless Mouse,1,80.79,80.79
INV-102578,CUST-0335,2025-11-09 19:21:08,Wearables & Fitness,Titanium GPS Smart Fitness Watch,3,268.62,805.86
INV-101953,CUST-0301,2025-11-09 19:40:12,Computer Accessories,Ergonomic Multi-Device Wireless Mouse,1,78.33,78.33
INV-103012,CUST-0249,2025-11-09 19:59:28,Apparel & Lifestyle,Full-Grain Leather Briefcase Sleeve,5,87.54,437.7
INV-100462,CUST-0154,2025-11-09 22:52:01,Electronics & Audio,4K Curved Ultra-Wide Gaming Monitor,3,565.53,1696.59
INV-100296,CUST-0292,2025-11-10 08:52:05,Computer Accessories,Premium Aluminum Monitor Arm,1,71.27,71.27
INV-102591,CUST-0365,2025-11-10 09:10:45,Wearables & Fitness,Titanium GPS Smart Fitness Watch,4,253.11,1012.44
INV-100175,CUST-0145,2025-11-10 11:35:38,Electronics & Audio,Thunderbolt 4 Docking Station,3,210.86,632.58
INV-100557,CUST-0005,2025-11-10 11:38:40,Specialty Gourmet,Single-Origin Espresso Bean Subscription (1kg),6,36.88,221.28
INV-101970,CUST-0191,2025-11-10 12:26:55,Apparel & Lifestyle,Thermal Double-Wall Stainless Flask,2,35.12,70.24
INV-102988,CUST-0065,2025-11-10 18:10:41,Electronics & Audio,Noise-Cancelling Studio Pro Headphones,2,310.09,620.18
INV-100836,CUST-0382,2025-11-10 18:32:48,Computer Accessories,Premium Aluminum Monitor Arm,6,68.18,409.08
INV-101136,CUST-0131,2025-11-10 18:46:58,Apparel & Lifestyle,Thermal Double-Wall Stainless Flask,1,35.54,35.54
INV-101970,CUST-0191,2025-11-10 20:06:02,Computer Accessories,Ergonomic Multi-Device Wireless Mouse,3,82.02,246.06
INV-100836,CUST-0382,2025-11-10 21:37:48,Computer Accessories,Ergonomic Multi-Device Wireless Mouse,4,91.02,364.08
INV-100176,CUST-0145,2025-11-10 21:42:56,Wearables & Fitness,Titanium GPS Smart Fitness Watch,6,263.53,1581.18
INV-100385,CUST-0160,2025-11-11 14:37:06,Wearables & Fitness,Heart Rate Performance Sensor Band,1,99.26,99.26
INV-100041,CUST-0282,2025-11-11 18:19:30,Electronics & Audio,Noise-Cancelling Studio Pro Headphones,6,331.19,1987.14
INV-101499,CUST-0278,2025-11-11 18:57:11,Computer Accessories,Premium Aluminum Monitor Arm,4,66.0,264.0
INV-101395,CUST-0325,2025-11-11 19:51:31,Wearables & Fitness,Heart Rate Performance Sensor Band,1,85.53,85.53
INV-101395,CUST-0325,2025-11-11 21:16:22,Specialty Gourmet,Single-Origin Espresso Bean Subscription (1kg),3,32.29,96.87
INV-100339,CUST-0431,2025-11-12 08:35:16,Computer Accessories,Premium Aluminum Monitor Arm,5,69.32,346.6
INV-103745,CUST-0162,2025-11-12 11:24:28,Wearables & Fitness,Titanium GPS Smart Fitness Watch,2,235.83,471.66
INV-100059,CUST-0180,2025-11-12 13:26:09,Apparel & Lifestyle,Full-Grain Leather Briefcase Sleeve,2,89.9,179.8
INV-100837,CUST-0382,2025-11-12 13:54:12,Apparel & Lifestyle,Full-Grain Leather Briefcase Sleeve,3,95.68,287.04
INV-102517,CUST-0258,2025-11-12 14:26:06,Computer Accessories,Ergonomic Multi-Device Wireless Mouse,1,83.55,83.55
INV-100837,CUST-0382,2025-11-12 16:37:50,Apparel & Lifestyle,Thermal Double-Wall Stainless Flask,2,39.52,79.04
INV-100837,CUST-0382,2025-11-12 19:52:29,Computer Accessories,Custom Mechanical RGB Keyboard,5,168.39,841.95
INV-102841,CUST-0183,2025-11-12 20:53:14,Apparel & Lifestyle,Full-Grain Leather Briefcase Sleeve,1,90.24,90.24
INV-101629,CUST-0067,2025-11-13 08:21:23,Apparel & Lifestyle,Thermal Double-Wall Stainless Flask,2,35.75,71.5
INV-103305,CUST-0257,2025-11-13 11:16:05,Computer Accessories,Custom Mechanical RGB Keyboard,2,186.74,373.48
INV-102851,CUST-0373,2025-11-13 13:12:49,Computer Accessories,Ergonomic Multi-Device Wireless Mouse,4,85.12,340.48
INV-102672,CUST-0293,2025-11-13 14:15:31,Apparel & Lifestyle,Thermal Double-Wall Stainless Flask,1,36.62,36.62
INV-103597,CUST-0410,2025-11-13 14:58:45,Electronics & Audio,Noise-Cancelling Studio Pro Headphones,6,367.24,2203.44
INV-103833,CUST-0149,2025-11-13 17:10:19,Apparel & Lifestyle,Thermal Double-Wall Stainless Flask,2,33.58,67.16
INV-102851,CUST-0373,2025-11-13 19:11:08,Electronics & Audio,Thunderbolt 4 Docking Station,4,200.95,803.8
INV-103597,CUST-0410,2025-11-13 20:03:33,Electronics & Audio,Noise-Cancelling Studio Pro Headphones,3,359.63,1078.89
INV-101871,CUST-0077,2025-11-13 20:18:11,Computer Accessories,Ergonomic Multi-Device Wireless Mouse,1,77.66,77.66
INV-101738,CUST-0075,2025-11-13 21:55:02,Specialty Gourmet,Single-Origin Espresso Bean Subscription (1kg),3,33.17,99.51
INV-103264,CUST-0055,2025-11-14 09:20:02,Electronics & Audio,Thunderbolt 4 Docking Station,2,226.64,453.28
INV-100103,CUST-0170,2025-11-14 11:25:58,Apparel & Lifestyle,Full-Grain Leather Briefcase Sleeve,6,94.28,565.68
INV-101170,CUST-0366,2025-11-14 11:51:20,Electronics & Audio,Thunderbolt 4 Docking Station,1,183.53,183.53
INV-101236,CUST-0227,2025-11-14 13:19:53,Computer Accessories,Premium Aluminum Monitor Arm,4,65.56,262.24
INV-101994,CUST-0336,2025-11-14 17:23:00,Electronics & Audio,Noise-Cancelling Studio Pro Headphones,1,290.19,290.19
INV-101475,CUST-0281,2025-11-14 17:26:10,Apparel & Lifestyle,Thermal Double-Wall Stainless Flask,1,36.35,36.35
INV-103177,CUST-0083,2025-11-14 17:45:30,Computer Accessories,Ergonomic Multi-Device Wireless Mouse,5,86.93,434.65
INV-101994,CUST-0336,2025-11-14 18:44:48,Apparel & Lifestyle,Thermal Double-Wall Stainless Flask,3,37.28,111.84
INV-100103,CUST-0170,2025-11-14 20:18:24,Specialty Gourmet,Single-Origin Espresso Bean Subscription (1kg),2,35.9,71.8
INV-102842,CUST-0183,2025-11-14 20:30:30,Apparel & Lifestyle,Full-Grain Leather Briefcase Sleeve,2,92.46,184.92
INV-101994,CUST-0336,2025-11-14 22:51:06,Electronics & Audio,4K Curved Ultra-Wide Gaming Monitor,2,512.73,1025.46
INV-101336,CUST-0228,2025-11-15 08:52:45,Apparel & Lifestyle,Thermal Double-Wall Stainless Flask,4,36.77,147.08
INV-101670,CUST-0054,2025-11-15 09:03:19,Apparel & Lifestyle,Thermal Double-Wall Stainless Flask,3,34.67,104.01
INV-100879,CUST-0307,2025-11-15 10:35:46,Smart Office & Furniture,Motorized Standing Desk Frame,3,421.18,1263.54
INV-100070,CUST-0267,2025-11-15 11:34:47,Wearables & Fitness,Heart Rate Performance Sensor Band,1,99.09,99.09
INV-103130,CUST-0166,2025-11-15 12:06:14,Computer Accessories,Premium Aluminum Monitor Arm,5,66.84,334.2
INV-101576,CUST-0440,2025-11-15 14:38:01,Smart Office & Furniture,Smart LED Desk Bar Lamp,4,51.08,204.32
INV-100879,CUST-0307,2025-11-15 15:19:29,Electronics & Audio,4K Curved Ultra-Wide Gaming Monitor,2,538.24,1076.48
INV-101670,CUST-0054,2025-11-15 16:52:27,Electronics & Audio,Thunderbolt 4 Docking Station,3,185.65,556.95
INV-100538,CUST-0101,2025-11-15 19:05:09,Computer Accessories,Premium Aluminum Monitor Arm,5,70.85,354.25
INV-102781,CUST-0385,2025-11-15 20:02:13,Computer Accessories,Custom Mechanical RGB Keyboard,2,161.51,323.02
INV-103515,CUST-0129,2025-11-16 08:07:23,Smart Office & Furniture,Smart LED Desk Bar Lamp,2,60.18,120.36
INV-102793,CUST-0096,2025-11-16 09:51:46,Smart Office & Furniture,Ergonomic Lumbar Executive Chair,1,286.6,286.6
INV-101149,CUST-0428,2025-11-16 10:18:02,Electronics & Audio,Noise-Cancelling Studio Pro Headphones,1,291.03,291.03
INV-102743,CUST-0116,2025-11-16 10:54:11,Computer Accessories,Premium Aluminum Monitor Arm,5,66.62,333.1
INV-100386,CUST-0160,2025-11-16 12:15:17,Wearables & Fitness,Titanium GPS Smart Fitness Watch,3,267.04,801.12
INV-100229,CUST-0188,2025-11-16 12:19:15,Specialty Gourmet,Single-Origin Espresso Bean Subscription (1kg),5,35.08,175.4
INV-101963,CUST-0268,2025-11-16 12:24:14,Computer Accessories,Ergonomic Multi-Device Wireless Mouse,4,81.06,324.24
INV-103515,CUST-0129,2025-11-16 12:53:51,Specialty Gourmet,Single-Origin Espresso Bean Subscription (1kg),3,38.08,114.24
INV-100439,CUST-0355,2025-11-16 15:22:09,Specialty Gourmet,Single-Origin Espresso Bean Subscription (1kg),2,34.59,69.18
INV-103514,CUST-0129,2025-11-16 17:03:20,Computer Accessories,Custom Mechanical RGB Keyboard,4,178.9,715.6
INV-101049,CUST-0364,2025-11-16 18:36:50,Electronics & Audio,4K Curved Ultra-Wide Gaming Monitor,2,549.09,1098.18
INV-103571,CUST-0033,2025-11-16 19:50:16,Electronics & Audio,Noise-Cancelling Studio Pro Headphones,3,357.45,1072.35
INV-100673,CUST-0204,2025-11-16 19:54:37,Computer Accessories,Custom Mechanical RGB Keyboard,6,171.03,1026.18
INV-103571,CUST-0033,2025-11-16 21:33:40,Electronics & Audio,Thunderbolt 4 Docking Station,2,222.68,445.36
INV-102543,CUST-0018,2025-11-17 09:18:24,Specialty Gourmet,Single-Origin Espresso Bean Subscription (1kg),1,33.97,33.97
INV-100230,CUST-0188,2025-11-17 10:03:23,Computer Accessories,Premium Aluminum Monitor Arm,5,72.88,364.4
INV-103488,CUST-0006,2025-11-17 10:04:10,Smart Office & Furniture,Smart LED Desk Bar Lamp,6,58.43,350.58
INV-103749,CUST-0434,2025-11-17 10:49:56,Specialty Gourmet,Single-Origin Espresso Bean Subscription (1kg),2,31.17,62.34
INV-101872,CUST-0077,2025-11-17 10:59:21,Computer Accessories,Ergonomic Multi-Device Wireless Mouse,4,80.7,322.8
INV-101500,CUST-0278,2025-11-17 14:30:09,Specialty Gourmet,Single-Origin Espresso Bean Subscription (1kg),2,31.45,62.9
INV-100854,CUST-0078,2025-11-17 15:31:29,Computer Accessories,Premium Aluminum Monitor Arm,3,71.92,215.76
INV-102543,CUST-0018,2025-11-17 17:21:46,Specialty Gourmet,Single-Origin Espresso Bean Subscription (1kg),1,35.01,35.01
INV-100854,CUST-0078,2025-11-17 19:58:08,Apparel & Lifestyle,Thermal Double-Wall Stainless Flask,1,38.81,38.81
INV-102902,CUST-0238,2025-11-17 20:38:48,Smart Office & Furniture,Ergonomic Lumbar Executive Chair,3,281.18,843.54
INV-101873,CUST-0077,2025-11-18 12:24:08,Wearables & Fitness,Titanium GPS Smart Fitness Watch,2,242.03,484.06
INV-101873,CUST-0077,2025-11-18 17:12:44,Computer Accessories,Ergonomic Multi-Device Wireless Mouse,1,82.07,82.07
INV-103003,CUST-0439,2025-11-18 21:53:01,Electronics & Audio,Noise-Cancelling Studio Pro Headphones,3,307.54,922.62
INV-101874,CUST-0077,2025-11-19 09:51:47,Specialty Gourmet,Single-Origin Espresso Bean Subscription (1kg),4,33.38,133.52
INV-101362,CUST-0224,2025-11-19 10:36:00,Computer Accessories,Ergonomic Multi-Device Wireless Mouse,2,82.12,164.24
INV-103873,CUST-0194,2025-11-19 11:00:20,Apparel & Lifestyle,Full-Grain Leather Briefcase Sleeve,2,78.83,157.66
INV-103872,CUST-0194,2025-11-19 11:18:25,Computer Accessories,Ergonomic Multi-Device Wireless Mouse,1,76.55,76.55
INV-101874,CUST-0077,2025-11-19 11:45:42,Computer Accessories,Premium Aluminum Monitor Arm,1,66.08,66.08
INV-103873,CUST-0194,2025-11-19 13:44:19,Computer Accessories,Custom Mechanical RGB Keyboard,2,144.87,289.74
INV-102568,CUST-0433,2025-11-19 14:37:13,Computer Accessories,Premium Aluminum Monitor Arm,3,69.61,208.83
INV-103122,CUST-0251,2025-11-19 16:48:43,Specialty Gourmet,Single-Origin Espresso Bean Subscription (1kg),5,34.24,171.2
INV-103048,CUST-0124,2025-11-19 19:14:00,Computer Accessories,Ergonomic Multi-Device Wireless Mouse,2,85.25,170.5
INV-103687,CUST-0346,2025-11-19 20:28:24,Specialty Gourmet,Single-Origin Espresso Bean Subscription (1kg),2,29.96,59.92
INV-100263,CUST-0163,2025-11-19 21:40:37,Computer Accessories,Ergonomic Multi-Device Wireless Mouse,1,87.68,87.68
INV-102938,CUST-0348,2025-11-20 12:24:03,Apparel & Lifestyle,Full-Grain Leather Briefcase Sleeve,1,87.42,87.42
INV-100838,CUST-0382,2025-11-20 15:54:35,Specialty Gourmet,Single-Origin Espresso Bean Subscription (1kg),4,34.92,139.68
INV-102640,CUST-0436,2025-11-20 16:42:59,Computer Accessories,Custom Mechanical RGB Keyboard,3,162.6,487.8
INV-101524,CUST-0051,2025-11-20 21:08:32,Electronics & Audio,Noise-Cancelling Studio Pro Headphones,2,310.79,621.58
INV-103397,CUST-0387,2025-11-20 22:06:47,Wearables & Fitness,Heart Rate Performance Sensor Band,5,104.93,524.65
INV-101748,CUST-0032,2025-11-21 08:37:06,Apparel & Lifestyle,Full-Grain Leather Briefcase Sleeve,1,88.38,88.38
INV-101747,CUST-0032,2025-11-21 09:29:32,Smart Office & Furniture,Smart LED Desk Bar Lamp,3,51.96,155.88
INV-102082,CUST-0040,2025-11-21 10:10:09,Specialty Gourmet,Single-Origin Espresso Bean Subscription (1kg),2,33.56,67.12
INV-101748,CUST-0032,2025-11-21 10:13:52,Apparel & Lifestyle,Thermal Double-Wall Stainless Flask,1,34.59,34.59
INV-101050,CUST-0364,2025-11-21 10:20:13,Apparel & Lifestyle,Full-Grain Leather Briefcase Sleeve,3,96.02,288.06
INV-100071,CUST-0267,2025-11-21 14:50:31,Specialty Gourmet,Single-Origin Espresso Bean Subscription (1kg),1,37.17,37.17
INV-101171,CUST-0366,2025-11-21 14:53:37,Apparel & Lifestyle,Thermal Double-Wall Stainless Flask,3,37.27,111.81
INV-101104,CUST-0314,2025-11-21 17:58:05,Apparel & Lifestyle,Full-Grain Leather Briefcase Sleeve,6,91.23,547.38
INV-101104,CUST-0314,2025-11-21 19:17:09,Wearables & Fitness,Heart Rate Performance Sensor Band,2,101.45,202.9
INV-100071,CUST-0267,2025-11-21 21:11:59,Specialty Gourmet,Single-Origin Espresso Bean Subscription (1kg),2,35.52,71.04
INV-103753,CUST-0029,2025-11-21 21:58:53,Specialty Gourmet,Single-Origin Espresso Bean Subscription (1kg),2,31.77,63.54
INV-103154,CUST-0272,2025-11-22 12:40:40,Specialty Gourmet,Single-Origin Espresso Bean Subscription (1kg),3,33.99,101.97
INV-102666,CUST-0142,2025-11-22 14:27:04,Wearables & Fitness,Titanium GPS Smart Fitness Watch,4,271.7,1086.8
INV-101428,CUST-0094,2025-11-22 15:12:38,Wearables & Fitness,Heart Rate Performance Sensor Band,2,91.85,183.7
INV-101582,CUST-0086,2025-11-22 19:18:12,Apparel & Lifestyle,Full-Grain Leather Briefcase Sleeve,2,87.06,174.12
INV-100428,CUST-0012,2025-11-22 19:37:16,Computer Accessories,Premium Aluminum Monitor Arm,4,71.1,284.4
INV-101002,CUST-0269,2025-11-22 20:47:14,Smart Office & Furniture,Motorized Standing Desk Frame,5,427.25,2136.25
INV-102807,CUST-0172,2025-11-23 10:38:14,Specialty Gourmet,Single-Origin Espresso Bean Subscription (1kg),4,34.7,138.8
INV-101408,CUST-0207,2025-11-23 10:42:17,Wearables & Fitness,Titanium GPS Smart Fitness Watch,1,243.94,243.94
INV-101764,CUST-0073,2025-11-23 11:14:41,Apparel & Lifestyle,Thermal Double-Wall Stainless Flask,2,35.73,71.46
INV-101408,CUST-0207,2025-11-23 11:28:52,Computer Accessories,Ergonomic Multi-Device Wireless Mouse,1,78.77,78.77
INV-100161,CUST-0121,2025-11-23 12:55:41,Apparel & Lifestyle,Full-Grain Leather Briefcase Sleeve,4,96.63,386.52
INV-101003,CUST-0269,2025-11-23 13:23:54,Electronics & Audio,Noise-Cancelling Studio Pro Headphones,1,318.36,318.36
INV-101003,CUST-0269,2025-11-23 15:08:58,Computer Accessories,Custom Mechanical RGB Keyboard,1,163.17,163.17
INV-101764,CUST-0073,2025-11-23 15:55:42,Specialty Gourmet,Single-Origin Espresso Bean Subscription (1kg),3,31.98,95.94
INV-100264,CUST-0163,2025-11-23 16:07:55,Wearables & Fitness,Titanium GPS Smart Fitness Watch,4,282.43,1129.72
INV-100674,CUST-0204,2025-11-23 16:30:27,Computer Accessories,Ergonomic Multi-Device Wireless Mouse,1,88.36,88.36
INV-101749,CUST-0032,2025-11-23 16:59:00,Smart Office & Furniture,Motorized Standing Desk Frame,2,390.26,780.52
INV-102807,CUST-0172,2025-11-23 18:03:55,Smart Office & Furniture,Motorized Standing Desk Frame,1,387.6,387.6
INV-102807,CUST-0172,2025-11-23 20:28:56,Computer Accessories,Premium Aluminum Monitor Arm,4,69.17,276.68
INV-101717,CUST-0356,2025-11-24 09:33:09,Computer Accessories,Custom Mechanical RGB Keyboard,2,152.38,304.76
INV-100558,CUST-0005,2025-11-24 10:24:42,Specialty Gourmet,Single-Origin Espresso Bean Subscription (1kg),1,36.77,36.77
INV-100888,CUST-0383,2025-11-24 17:19:46,Specialty Gourmet,Single-Origin Espresso Bean Subscription (1kg),6,36.86,221.16
INV-101717,CUST-0356,2025-11-24 19:40:34,Apparel & Lifestyle,Thermal Double-Wall Stainless Flask,4,34.77,139.08
INV-103626,CUST-0079,2025-11-24 20:23:49,Computer Accessories,Custom Mechanical RGB Keyboard,5,186.67,933.35
INV-103626,CUST-0079,2025-11-24 20:37:52,Electronics & Audio,Noise-Cancelling Studio Pro Headphones,6,360.27,2161.62
INV-102658,CUST-0298,2025-11-25 08:29:58,Computer Accessories,Ergonomic Multi-Device Wireless Mouse,4,85.89,343.56
INV-101205,CUST-0150,2025-11-25 11:56:54,Computer Accessories,Premium Aluminum Monitor Arm,3,63.3,189.9
INV-103770,CUST-0237,2025-11-25 12:37:56,Electronics & Audio,Thunderbolt 4 Docking Station,2,186.89,373.78
INV-100177,CUST-0145,2025-11-25 14:18:41,Smart Office & Furniture,Smart LED Desk Bar Lamp,5,53.62,268.1
INV-103326,CUST-0323,2025-11-25 14:40:25,Wearables & Fitness,Titanium GPS Smart Fitness Watch,6,300.8,1804.8
INV-101205,CUST-0150,2025-11-25 15:53:51,Wearables & Fitness,Heart Rate Performance Sensor Band,2,90.95,181.9
INV-101172,CUST-0366,2025-11-25 18:05:04,Apparel & Lifestyle,Full-Grain Leather Briefcase Sleeve,4,86.79,347.16
INV-101205,CUST-0150,2025-11-25 18:15:01,Computer Accessories,Premium Aluminum Monitor Arm,4,65.02,260.08
INV-100340,CUST-0431,2025-11-26 10:23:25,Specialty Gourmet,Single-Origin Espresso Bean Subscription (1kg),4,36.19,144.76
INV-101288,CUST-0343,2025-11-26 11:01:45,Specialty Gourmet,Single-Origin Espresso Bean Subscription (1kg),3,31.45,94.35
INV-101718,CUST-0356,2025-11-26 12:54:21,Apparel & Lifestyle,Full-Grain Leather Briefcase Sleeve,4,82.72,330.88
INV-100231,CUST-0188,2025-11-26 15:12:06,Electronics & Audio,4K Curved Ultra-Wide Gaming Monitor,6,554.39,3326.34
INV-102953,CUST-0085,2025-11-26 15:26:49,Computer Accessories,Ergonomic Multi-Device Wireless Mouse,1,81.02,81.02
INV-102629,CUST-0311,2025-11-26 17:01:09,Smart Office & Furniture,Ergonomic Lumbar Executive Chair,4,291.63,1166.52
INV-100481,CUST-0146,2025-11-26 19:46:07,Wearables & Fitness,Heart Rate Performance Sensor Band,6,100.22,601.32
INV-101875,CUST-0077,2025-11-26 20:06:14,Computer Accessories,Premium Aluminum Monitor Arm,4,66.17,264.68
INV-100333,CUST-0144,2025-11-26 21:48:59,Computer Accessories,Custom Mechanical RGB Keyboard,5,169.64,848.2
INV-103080,CUST-0158,2025-11-27 09:09:39,Apparel & Lifestyle,Thermal Double-Wall Stainless Flask,5,37.69,188.45
INV-101750,CUST-0032,2025-11-27 15:16:46,Computer Accessories,Premium Aluminum Monitor Arm,4,65.21,260.84
INV-103178,CUST-0083,2025-11-27 20:55:38,Electronics & Audio,Noise-Cancelling Studio Pro Headphones,2,310.93,621.86
INV-103666,CUST-0253,2025-11-27 21:49:51,Electronics & Audio,Thunderbolt 4 Docking Station,6,234.16,1404.96
INV-102868,CUST-0398,2025-11-28 08:39:47,Specialty Gourmet,Single-Origin Espresso Bean Subscription (1kg),2,34.47,68.94
INV-100178,CUST-0145,2025-11-28 09:15:31,Specialty Gourmet,Single-Origin Espresso Bean Subscription (1kg),2,35.74,71.48
INV-102794,CUST-0096,2025-11-28 09:25:30,Computer Accessories,Custom Mechanical RGB Keyboard,2,152.06,304.12
INV-103096,CUST-0294,2025-11-28 09:33:13,Smart Office & Furniture,Smart LED Desk Bar Lamp,1,53.58,53.58
INV-101396,CUST-0325,2025-11-28 09:49:52,Smart Office & Furniture,Smart LED Desk Bar Lamp,4,50.65,202.6
INV-101813,CUST-0351,2025-11-28 10:54:39,Smart Office & Furniture,Ergonomic Lumbar Executive Chair,4,272.46,1089.84
INV-102602,CUST-0019,2025-11-29 21:08:18,Computer Accessories,Ergonomic Multi-Device Wireless Mouse,4,85.96,343.84
INV-103874,CUST-0194,2025-11-29 21:34:57,Apparel & Lifestyle,Full-Grain Leather Briefcase Sleeve,1,77.54,77.54
INV-100297,CUST-0292,2025-11-30 08:52:14,Wearables & Fitness,Heart Rate Performance Sensor Band,3,96.83,290.49
INV-100599,CUST-0089,2025-11-30 11:08:22,Apparel & Lifestyle,Full-Grain Leather Briefcase Sleeve,6,95.23,571.38
INV-102641,CUST-0436,2025-11-30 11:45:20,Wearables & Fitness,Heart Rate Performance Sensor Band,4,96.6,386.4
INV-102641,CUST-0436,2025-11-30 13:29:32,Wearables & Fitness,Titanium GPS Smart Fitness Watch,1,259.79,259.79
INV-103049,CUST-0124,2025-11-30 18:15:39,Computer Accessories,Custom Mechanical RGB Keyboard,3,161.75,485.25
INV-100297,CUST-0292,2025-11-30 18:42:29,Specialty Gourmet,Single-Origin Espresso Bean Subscription (1kg),5,35.93,179.65
INV-100839,CUST-0382,2025-11-30 19:00:31,Electronics & Audio,Thunderbolt 4 Docking Station,2,205.21,410.42
INV-102144,CUST-0068,2025-11-30 20:37:51,Computer Accessories,Ergonomic Multi-Device Wireless Mouse,1,82.75,82.75
INV-103049,CUST-0124,2025-11-30 21:01:20,Wearables & Fitness,Titanium GPS Smart Fitness Watch,4,269.99,1079.96
INV-102155,CUST-0100,2025-11-30 21:18:09,Smart Office & Furniture,Ergonomic Lumbar Executive Chair,2,264.47,528.94
INV-101876,CUST-0077,2025-12-01 09:56:47,Smart Office & Furniture,Motorized Standing Desk Frame,1,372.68,372.68
INV-101876,CUST-0077,2025-12-01 10:13:54,Computer Accessories,Ergonomic Multi-Device Wireless Mouse,3,81.58,244.74
INV-101031,CUST-0423,2025-12-01 11:55:01,Smart Office & Furniture,Motorized Standing Desk Frame,4,408.42,1633.68
INV-101876,CUST-0077,2025-12-01 16:23:24,Electronics & Audio,Thunderbolt 4 Docking Station,3,190.25,570.75
INV-100696,CUST-0421,2025-12-01 18:19:20,Wearables & Fitness,Heart Rate Performance Sensor Band,1,97.12,97.12
INV-102156,CUST-0100,2025-12-01 18:51:16,Computer Accessories,Premium Aluminum Monitor Arm,4,65.42,261.68
INV-100696,CUST-0421,2025-12-01 20:41:08,Apparel & Lifestyle,Full-Grain Leather Briefcase Sleeve,2,94.47,188.94
INV-100908,CUST-0093,2025-12-02 09:50:44,Specialty Gourmet,Single-Origin Espresso Bean Subscription (1kg),6,36.39,218.34
INV-101150,CUST-0428,2025-12-02 10:38:25,Wearables & Fitness,Titanium GPS Smart Fitness Watch,2,258.92,517.84
INV-100908,CUST-0093,2025-12-02 10:59:34,Wearables & Fitness,Heart Rate Performance Sensor Band,6,94.95,569.7
INV-102818,CUST-0103,2025-12-02 13:40:43,Apparel & Lifestyle,Full-Grain Leather Briefcase Sleeve,4,85.74,342.96
INV-102116,CUST-0295,2025-12-02 13:59:18,Computer Accessories,Ergonomic Multi-Device Wireless Mouse,3,80.61,241.83
INV-102067,CUST-0179,2025-12-02 14:07:59,Computer Accessories,Ergonomic Multi-Device Wireless Mouse,1,78.4,78.4
INV-102067,CUST-0179,2025-12-02 18:16:41,Computer Accessories,Ergonomic Multi-Device Wireless Mouse,3,77.04,231.12
INV-100611,CUST-0403,2025-12-02 20:14:53,Computer Accessories,Ergonomic Multi-Device Wireless Mouse,1,84.53,84.53
INV-100197,CUST-0418,2025-12-03 10:40:52,Smart Office & Furniture,Ergonomic Lumbar Executive Chair,5,292.71,1463.55
INV-102939,CUST-0348,2025-12-03 11:34:42,Computer Accessories,Ergonomic Multi-Device Wireless Mouse,2,80.56,161.12
INV-101206,CUST-0150,2025-12-03 12:58:03,Apparel & Lifestyle,Thermal Double-Wall Stainless Flask,4,35.78,143.12
INV-101206,CUST-0150,2025-12-03 14:25:51,Electronics & Audio,Noise-Cancelling Studio Pro Headphones,3,304.19,912.57
INV-100482,CUST-0146,2025-12-03 16:45:24,Apparel & Lifestyle,Full-Grain Leather Briefcase Sleeve,6,92.47,554.82
INV-103726,CUST-0203,2025-12-03 16:54:09,Apparel & Lifestyle,Full-Grain Leather Briefcase Sleeve,1,83.04,83.04
INV-100197,CUST-0418,2025-12-03 17:03:27,Apparel & Lifestyle,Full-Grain Leather Briefcase Sleeve,4,90.32,361.28
INV-100630,CUST-0363,2025-12-03 19:41:15,Computer Accessories,Ergonomic Multi-Device Wireless Mouse,2,87.83,175.66
INV-101507,CUST-0399,2025-12-03 22:08:20,Computer Accessories,Premium Aluminum Monitor Arm,3,65.52,196.56
INV-103162,CUST-0277,2025-12-03 22:24:00,Computer Accessories,Custom Mechanical RGB Keyboard,2,158.01,316.02
INV-101476,CUST-0281,2025-12-03 22:58:01,Computer Accessories,Ergonomic Multi-Device Wireless Mouse,3,82.98,248.94
INV-103852,CUST-0186,2025-12-04 08:58:47,Computer Accessories,Custom Mechanical RGB Keyboard,1,136.81,136.81
INV-101671,CUST-0054,2025-12-04 10:17:21,Specialty Gourmet,Single-Origin Espresso Bean Subscription (1kg),3,33.32,99.96
INV-103853,CUST-0186,2025-12-04 13:09:08,Wearables & Fitness,Titanium GPS Smart Fitness Watch,2,227.91,455.82
INV-103853,CUST-0186,2025-12-04 13:29:57,Electronics & Audio,4K Curved Ultra-Wide Gaming Monitor,1,475.14,475.14
INV-100245,CUST-0242,2025-12-04 14:38:41,Apparel & Lifestyle,Thermal Double-Wall Stainless Flask,3,38.87,116.61
INV-103370,CUST-0081,2025-12-04 14:48:56,Apparel & Lifestyle,Full-Grain Leather Briefcase Sleeve,5,102.92,514.6
INV-100612,CUST-0403,2025-12-04 15:37:42,Wearables & Fitness,Heart Rate Performance Sensor Band,6,100.15,600.9
INV-100612,CUST-0403,2025-12-04 16:28:29,Smart Office & Furniture,Motorized Standing Desk Frame,6,419.01,2514.06
INV-103155,CUST-0272,2025-12-04 18:52:20,Specialty Gourmet,Single-Origin Espresso Bean Subscription (1kg),2,33.25,66.5
INV-100245,CUST-0242,2025-12-04 19:28:49,Electronics & Audio,4K Curved Ultra-Wide Gaming Monitor,2,540.14,1080.28
INV-103746,CUST-0162,2025-12-04 20:11:48,Electronics & Audio,Noise-Cancelling Studio Pro Headphones,2,276.29,552.58
INV-101525,CUST-0051,2025-12-04 20:18:31,Computer Accessories,Premium Aluminum Monitor Arm,4,62.02,248.08
INV-100083,CUST-0331,2025-12-04 21:33:28,Wearables & Fitness,Titanium GPS Smart Fitness Watch,2,266.55,533.1
INV-100084,CUST-0331,2025-12-04 22:32:28,Computer Accessories,Custom Mechanical RGB Keyboard,5,164.84,824.2
INV-100612,CUST-0403,2025-12-04 22:50:19,Computer Accessories,Premium Aluminum Monitor Arm,3,71.33,213.99
INV-102826,CUST-0407,2025-12-05 11:30:19,Wearables & Fitness,Heart Rate Performance Sensor Band,3,93.56,280.68
INV-103204,CUST-0397,2025-12-05 12:10:23,Wearables & Fitness,Titanium GPS Smart Fitness Watch,6,305.57,1833.42
INV-101300,CUST-0353,2025-12-05 17:32:05,Wearables & Fitness,Heart Rate Performance Sensor Band,2,86.43,172.86
INV-101300,CUST-0353,2025-12-05 18:01:39,Computer Accessories,Premium Aluminum Monitor Arm,4,64.04,256.16
INV-102892,CUST-0349,2025-12-05 18:38:23,Electronics & Audio,4K Curved Ultra-Wide Gaming Monitor,3,515.78,1547.34
INV-102892,CUST-0349,2025-12-05 22:31:16,Wearables & Fitness,Heart Rate Performance Sensor Band,4,94.78,379.12
INV-101363,CUST-0224,2025-12-06 08:38:51,Computer Accessories,Custom Mechanical RGB Keyboard,4,153.14,612.56
INV-102808,CUST-0172,2025-12-06 09:08:36,Wearables & Fitness,Titanium GPS Smart Fitness Watch,3,269.12,807.36
INV-102711,CUST-0417,2025-12-06 12:34:39,Computer Accessories,Premium Aluminum Monitor Arm,1,70.13,70.13
INV-102808,CUST-0172,2025-12-06 12:43:56,Apparel & Lifestyle,Full-Grain Leather Briefcase Sleeve,5,91.23,456.15
INV-101739,CUST-0075,2025-12-06 18:11:18,Apparel & Lifestyle,Thermal Double-Wall Stainless Flask,3,35.54,106.62
INV-101719,CUST-0356,2025-12-06 19:01:55,Apparel & Lifestyle,Full-Grain Leather Briefcase Sleeve,1,86.87,86.87
INV-102711,CUST-0417,2025-12-06 20:53:49,Smart Office & Furniture,Ergonomic Lumbar Executive Chair,4,293.17,1172.68
INV-101429,CUST-0094,2025-12-06 22:42:35,Wearables & Fitness,Titanium GPS Smart Fitness Watch,3,257.72,773.16
INV-101713,CUST-0232,2025-12-07 12:24:49,Computer Accessories,Ergonomic Multi-Device Wireless Mouse,1,77.96,77.96
INV-100613,CUST-0403,2025-12-07 12:49:54,Computer Accessories,Ergonomic Multi-Device Wireless Mouse,4,86.99,347.96
INV-101186,CUST-0189,2025-12-07 14:20:48,Specialty Gourmet,Single-Origin Espresso Bean Subscription (1kg),4,31.94,127.76
INV-100219,CUST-0174,2025-12-07 15:41:20,Computer Accessories,Custom Mechanical RGB Keyboard,4,168.84,675.36
INV-100600,CUST-0089,2025-12-07 18:19:10,Wearables & Fitness,Heart Rate Performance Sensor Band,1,94.11,94.11
INV-101713,CUST-0232,2025-12-07 20:49:53,Smart Office & Furniture,Ergonomic Lumbar Executive Chair,2,284.38,568.76
INV-100502,CUST-0395,2025-12-07 21:26:59,Apparel & Lifestyle,Thermal Double-Wall Stainless Flask,3,39.48,118.44
INV-103791,CUST-0350,2025-12-07 22:41:02,Apparel & Lifestyle,Full-Grain Leather Briefcase Sleeve,1,78.86,78.86
INV-101791,CUST-0178,2025-12-08 09:29:00,Computer Accessories,Ergonomic Multi-Device Wireless Mouse,4,80.19,320.76
INV-100042,CUST-0282,2025-12-08 09:44:03,Apparel & Lifestyle,Thermal Double-Wall Stainless Flask,4,38.96,155.84
INV-102642,CUST-0436,2025-12-08 11:21:22,Apparel & Lifestyle,Thermal Double-Wall Stainless Flask,2,39.3,78.6
INV-101547,CUST-0134,2025-12-08 13:32:58,Computer Accessories,Premium Aluminum Monitor Arm,2,66.51,133.02
INV-102744,CUST-0116,2025-12-08 14:08:48,Apparel & Lifestyle,Full-Grain Leather Briefcase Sleeve,4,86.79,347.16
INV-103636,CUST-0057,2025-12-08 14:42:24,Apparel & Lifestyle,Thermal Double-Wall Stainless Flask,5,44.72,223.6
INV-101547,CUST-0134,2025-12-08 16:55:43,Computer Accessories,Ergonomic Multi-Device Wireless Mouse,4,79.59,318.36
INV-103854,CUST-0186,2025-12-08 17:01:21,Apparel & Lifestyle,Thermal Double-Wall Stainless Flask,2,33.82,67.64
INV-103854,CUST-0186,2025-12-08 19:11:22,Specialty Gourmet,Single-Origin Espresso Bean Subscription (1kg),1,30.81,30.81
INV-101791,CUST-0178,2025-12-08 22:25:06,Specialty Gourmet,Single-Origin Espresso Bean Subscription (1kg),2,31.73,63.46
INV-101751,CUST-0032,2025-12-08 22:26:58,Specialty Gourmet,Single-Origin Espresso Bean Subscription (1kg),1,33.7,33.7
INV-101791,CUST-0178,2025-12-08 22:58:10,Apparel & Lifestyle,Full-Grain Leather Briefcase Sleeve,2,87.38,174.76
INV-100539,CUST-0101,2025-12-09 09:33:56,Smart Office & Furniture,Smart LED Desk Bar Lamp,3,54.83,164.49
INV-103089,CUST-0318,2025-12-09 09:48:46,Computer Accessories,Custom Mechanical RGB Keyboard,1,153.8,153.8
INV-103306,CUST-0257,2025-12-09 09:54:54,Computer Accessories,Custom Mechanical RGB Keyboard,2,180.21,360.42
INV-101814,CUST-0351,2025-12-09 10:53:53,Smart Office & Furniture,Motorized Standing Desk Frame,4,386.64,1546.56
INV-100265,CUST-0163,2025-12-09 11:21:26,Smart Office & Furniture,Smart LED Desk Bar Lamp,2,53.39,106.78
INV-101320,CUST-0437,2025-12-09 12:35:34,Apparel & Lifestyle,Full-Grain Leather Briefcase Sleeve,3,85.05,255.15
INV-101320,CUST-0437,2025-12-09 14:40:06,Specialty Gourmet,Single-Origin Espresso Bean Subscription (1kg),3,32.93,98.79
INV-100265,CUST-0163,2025-12-09 15:09:20,Smart Office & Furniture,Motorized Standing Desk Frame,5,431.14,2155.7
INV-101137,CUST-0131,2025-12-09 15:32:22,Smart Office & Furniture,Smart LED Desk Bar Lamp,2,50.27,100.54
INV-100539,CUST-0101,2025-12-09 15:40:47,Apparel & Lifestyle,Thermal Double-Wall Stainless Flask,5,38.3,191.5
INV-101853,CUST-0219,2025-12-09 15:46:41,Specialty Gourmet,Single-Origin Espresso Bean Subscription (1kg),3,32.29,96.87
INV-101137,CUST-0131,2025-12-09 16:54:08,Computer Accessories,Custom Mechanical RGB Keyboard,3,151.41,454.23
INV-101477,CUST-0281,2025-12-09 19:19:16,Specialty Gourmet,Single-Origin Espresso Bean Subscription (1kg),1,32.89,32.89
INV-103572,CUST-0033,2025-12-10 08:00:44,Computer Accessories,Ergonomic Multi-Device Wireless Mouse,5,98.28,491.4
INV-102553,CUST-0229,2025-12-10 09:36:41,Apparel & Lifestyle,Full-Grain Leather Briefcase Sleeve,3,87.33,261.99
INV-101995,CUST-0336,2025-12-10 09:51:27,Smart Office & Furniture,Motorized Standing Desk Frame,1,365.8,365.8
INV-100828,CUST-0164,2025-12-10 11:14:57,Smart Office & Furniture,Ergonomic Lumbar Executive Chair,5,306.12,1530.6
INV-101995,CUST-0336,2025-12-10 11:52:55,Wearables & Fitness,Heart Rate Performance Sensor Band,1,90.74,90.74
INV-102667,CUST-0142,2025-12-10 12:11:51,Specialty Gourmet,Single-Origin Espresso Bean Subscription (1kg),4,35.26,141.04
INV-102105,CUST-0371,2025-12-10 14:21:19,Apparel & Lifestyle,Full-Grain Leather Briefcase Sleeve,1,85.88,85.88
INV-103742,CUST-0206,2025-12-10 15:39:10,Apparel & Lifestyle,Full-Grain Leather Briefcase Sleeve,2,83.8,167.6
INV-102105,CUST-0371,2025-12-10 16:43:46,Computer Accessories,Custom Mechanical RGB Keyboard,2,144.36,288.72
INV-101995,CUST-0336,2025-12-10 17:08:12,Computer Accessories,Ergonomic Multi-Device Wireless Mouse,4,77.04,308.16
INV-100828,CUST-0164,2025-12-10 17:25:40,Smart Office & Furniture,Smart LED Desk Bar Lamp,4,54.87,219.48
INV-101589,CUST-0027,2025-12-10 17:46:17,Wearables & Fitness,Heart Rate Performance Sensor Band,1,86.23,86.23
INV-101589,CUST-0027,2025-12-10 18:36:03,Specialty Gourmet,Single-Origin Espresso Bean Subscription (1kg),2,31.3,62.6
INV-101442,CUST-0226,2025-12-10 19:14:04,Apparel & Lifestyle,Full-Grain Leather Briefcase Sleeve,4,82.48,329.92
INV-103081,CUST-0158,2025-12-10 20:02:21,Computer Accessories,Ergonomic Multi-Device Wireless Mouse,2,86.59,173.18
INV-102745,CUST-0116,2025-12-10 21:00:30,Computer Accessories,Premium Aluminum Monitor Arm,1,66.42,66.42
INV-102518,CUST-0258,2025-12-11 08:19:15,Smart Office & Furniture,Motorized Standing Desk Frame,3,410.16,1230.48
INV-102518,CUST-0258,2025-12-11 09:42:12,Smart Office & Furniture,Ergonomic Lumbar Executive Chair,3,282.41,847.23
INV-102518,CUST-0258,2025-12-11 09:45:10,Computer Accessories,Ergonomic Multi-Device Wireless Mouse,3,83.83,251.49
INV-102145,CUST-0068,2025-12-11 10:10:42,Specialty Gourmet,Single-Origin Espresso Bean Subscription (1kg),1,32.38,32.38
INV-101720,CUST-0356,2025-12-11 11:30:51,Electronics & Audio,Noise-Cancelling Studio Pro Headphones,1,289.97,289.97
INV-102616,CUST-0289,2025-12-11 12:39:53,Specialty Gourmet,Single-Origin Espresso Bean Subscription (1kg),2,33.67,67.34
INV-100198,CUST-0418,2025-12-11 13:59:51,Electronics & Audio,Thunderbolt 4 Docking Station,3,204.46,613.38
INV-102774,CUST-0231,2025-12-11 14:00:10,Computer Accessories,Custom Mechanical RGB Keyboard,4,158.28,633.12
INV-101162,CUST-0128,2025-12-11 15:02:22,Apparel & Lifestyle,Thermal Double-Wall Stainless Flask,1,35.83,35.83
INV-101162,CUST-0128,2025-12-11 16:13:26,Smart Office & Furniture,Ergonomic Lumbar Executive Chair,4,278.03,1112.12
INV-101237,CUST-0227,2025-12-11 18:53:17,Smart Office & Furniture,Smart LED Desk Bar Lamp,2,51.81,103.62
INV-102145,CUST-0068,2025-12-11 22:23:03,Apparel & Lifestyle,Thermal Double-Wall Stainless Flask,2,35.4,70.8
INV-101720,CUST-0356,2025-12-11 22:34:41,Computer Accessories,Ergonomic Multi-Device Wireless Mouse,1,79.51,79.51
INV-102688,CUST-0320,2025-12-12 08:03:11,Computer Accessories,Premium Aluminum Monitor Arm,2,65.08,130.16
INV-102106,CUST-0371,2025-12-12 08:49:22,Computer Accessories,Custom Mechanical RGB Keyboard,1,148.21,148.21
INV-101486,CUST-0221,2025-12-12 09:24:20,Wearables & Fitness,Heart Rate Performance Sensor Band,2,85.8,171.6
INV-102106,CUST-0371,2025-12-12 10:07:37,Wearables & Fitness,Heart Rate Performance Sensor Band,1,86.47,86.47
INV-100341,CUST-0431,2025-12-12 10:29:32,Apparel & Lifestyle,Thermal Double-Wall Stainless Flask,6,40.73,244.38
INV-101138,CUST-0131,2025-12-12 10:50:33,Smart Office & Furniture,Ergonomic Lumbar Executive Chair,1,276.52,276.52
INV-102579,CUST-0335,2025-12-12 11:07:01,Specialty Gourmet,Single-Origin Espresso Bean Subscription (1kg),1,33.31,33.31
INV-100162,CUST-0121,2025-12-12 13:53:15,Apparel & Lifestyle,Thermal Double-Wall Stainless Flask,2,38.48,76.96
INV-101364,CUST-0224,2025-12-12 14:52:10,Apparel & Lifestyle,Full-Grain Leather Briefcase Sleeve,3,84.13,252.39
INV-101138,CUST-0131,2025-12-12 15:14:03,Wearables & Fitness,Heart Rate Performance Sensor Band,3,86.16,258.48
INV-101740,CUST-0075,2025-12-12 15:24:19,Apparel & Lifestyle,Thermal Double-Wall Stainless Flask,1,36.49,36.49
INV-102688,CUST-0320,2025-12-12 16:27:55,Computer Accessories,Ergonomic Multi-Device Wireless Mouse,2,80.9,161.8
INV-102579,CUST-0335,2025-12-12 19:38:39,Electronics & Audio,Noise-Cancelling Studio Pro Headphones,3,313.39,940.17
INV-100072,CUST-0267,2025-12-13 08:19:36,Apparel & Lifestyle,Full-Grain Leather Briefcase Sleeve,3,96.32,288.96
INV-100631,CUST-0363,2025-12-13 09:38:47,Apparel & Lifestyle,Full-Grain Leather Briefcase Sleeve,4,97.2,388.8
INV-102809,CUST-0172,2025-12-13 10:09:50,Smart Office & Furniture,Motorized Standing Desk Frame,3,411.8,1235.4
INV-101263,CUST-0411,2025-12-13 10:12:56,Wearables & Fitness,Heart Rate Performance Sensor Band,4,85.45,341.8
INV-101263,CUST-0411,2025-12-13 12:50:49,Wearables & Fitness,Titanium GPS Smart Fitness Watch,1,258.37,258.37
INV-101263,CUST-0411,2025-12-13 15:25:10,Electronics & Audio,Thunderbolt 4 Docking Station,2,194.07,388.14
INV-100926,CUST-0264,2025-12-13 17:36:36,Wearables & Fitness,Heart Rate Performance Sensor Band,5,95.75,478.75
INV-102827,CUST-0407,2025-12-13 17:40:00,Computer Accessories,Premium Aluminum Monitor Arm,1,66.08,66.08
INV-100246,CUST-0242,2025-12-13 20:33:55,Smart Office & Furniture,Ergonomic Lumbar Executive Chair,4,308.33,1233.32
INV-101921,CUST-0287,2025-12-13 20:53:44,Computer Accessories,Ergonomic Multi-Device Wireless Mouse,1,79.26,79.26
INV-103855,CUST-0186,2025-12-14 11:20:57,Smart Office & Furniture,Motorized Standing Desk Frame,1,369.72,369.72
INV-101490,CUST-0039,2025-12-14 12:13:27,Computer Accessories,Custom Mechanical RGB Keyboard,4,150.07,600.28
INV-100283,CUST-0305,2025-12-14 13:51:43,Apparel & Lifestyle,Thermal Double-Wall Stainless Flask,1,40.72,40.72
INV-100483,CUST-0146,2025-12-14 14:02:49,Specialty Gourmet,Single-Origin Espresso Bean Subscription (1kg),2,35.4,70.8
INV-102883,CUST-0390,2025-12-14 15:06:57,Smart Office & Furniture,Smart LED Desk Bar Lamp,3,50.91,152.73
INV-102883,CUST-0390,2025-12-14 16:37:12,Computer Accessories,Ergonomic Multi-Device Wireless Mouse,4,82.75,331.0
INV-100104,CUST-0170,2025-12-14 16:56:31,Wearables & Fitness,Heart Rate Performance Sensor Band,3,96.03,288.09
INV-101490,CUST-0039,2025-12-14 17:18:38,Apparel & Lifestyle,Full-Grain Leather Briefcase Sleeve,4,85.92,343.68
INV-100483,CUST-0146,2025-12-14 17:55:42,Wearables & Fitness,Titanium GPS Smart Fitness Watch,2,282.93,565.86
INV-103573,CUST-0033,2025-12-14 18:36:21,Apparel & Lifestyle,Thermal Double-Wall Stainless Flask,6,42.61,255.66
INV-102883,CUST-0390,2025-12-14 21:08:37,Specialty Gourmet,Single-Origin Espresso Bean Subscription (1kg),5,32.95,164.75
INV-100105,CUST-0170,2025-12-14 21:20:58,Apparel & Lifestyle,Thermal Double-Wall Stainless Flask,6,39.5,237.0
INV-101741,CUST-0075,2025-12-14 21:33:32,Computer Accessories,Ergonomic Multi-Device Wireless Mouse,3,79.98,239.94
INV-102592,CUST-0365,2025-12-15 09:42:55,Apparel & Lifestyle,Full-Grain Leather Briefcase Sleeve,5,91.43,457.15
INV-100440,CUST-0355,2025-12-15 12:51:19,Computer Accessories,Premium Aluminum Monitor Arm,5,69.53,347.65
INV-102673,CUST-0293,2025-12-15 13:47:57,Computer Accessories,Premium Aluminum Monitor Arm,5,69.25,346.25
INV-102554,CUST-0229,2025-12-15 14:02:08,Specialty Gourmet,Single-Origin Espresso Bean Subscription (1kg),5,34.72,173.6
INV-102673,CUST-0293,2025-12-15 18:21:22,Electronics & Audio,4K Curved Ultra-Wide Gaming Monitor,4,540.45,2161.8
INV-102007,CUST-0155,2025-12-15 18:38:06,Electronics & Audio,Noise-Cancelling Studio Pro Headphones,3,305.52,916.56
INV-100540,CUST-0101,2025-12-15 20:37:19,Wearables & Fitness,Heart Rate Performance Sensor Band,6,98.95,593.7
INV-102554,CUST-0229,2025-12-15 21:31:59,Electronics & Audio,Noise-Cancelling Studio Pro Headphones,4,311.18,1244.72
INV-100484,CUST-0146,2025-12-16 10:07:57,Electronics & Audio,Thunderbolt 4 Docking Station,4,204.93,819.72
INV-100484,CUST-0146,2025-12-16 12:19:46,Computer Accessories,Custom Mechanical RGB Keyboard,6,159.07,954.42
INV-101721,CUST-0356,2025-12-16 13:20:24,Apparel & Lifestyle,Thermal Double-Wall Stainless Flask,1,36.63,36.63
INV-101804,CUST-0248,2025-12-16 14:43:55,Computer Accessories,Ergonomic Multi-Device Wireless Mouse,2,77.25,154.5
INV-101922,CUST-0287,2025-12-16 15:09:16,Computer Accessories,Custom Mechanical RGB Keyboard,3,153.0,459.0
INV-102819,CUST-0103,2025-12-16 17:08:01,Specialty Gourmet,Single-Origin Espresso Bean Subscription (1kg),4,35.15,140.6
INV-100697,CUST-0421,2025-12-16 20:53:41,Electronics & Audio,Thunderbolt 4 Docking Station,2,208.72,417.44
INV-103711,CUST-0443,2025-12-16 22:18:22,Electronics & Audio,Thunderbolt 4 Docking Station,2,174.0,348.0
INV-102875,CUST-0368,2025-12-17 10:42:33,Electronics & Audio,4K Curved Ultra-Wide Gaming Monitor,4,539.45,2157.8
INV-102875,CUST-0368,2025-12-17 11:26:59,Smart Office & Furniture,Smart LED Desk Bar Lamp,5,53.79,268.95
INV-103850,CUST-0099,2025-12-17 11:58:11,Electronics & Audio,Noise-Cancelling Studio Pro Headphones,1,287.86,287.86
INV-102177,CUST-0098,2025-12-17 20:07:18,Electronics & Audio,Noise-Cancelling Studio Pro Headphones,3,300.76,902.28
INV-102177,CUST-0098,2025-12-17 22:56:36,Computer Accessories,Custom Mechanical RGB Keyboard,4,155.24,620.96
INV-102603,CUST-0019,2025-12-18 09:09:11,Computer Accessories,Premium Aluminum Monitor Arm,3,66.4,199.2
INV-102603,CUST-0019,2025-12-18 12:04:49,Smart Office & Furniture,Motorized Standing Desk Frame,3,410.54,1231.62
INV-101742,CUST-0075,2025-12-18 12:21:46,Computer Accessories,Custom Mechanical RGB Keyboard,2,153.95,307.9
INV-101742,CUST-0075,2025-12-18 16:44:32,Electronics & Audio,Noise-Cancelling Studio Pro Headphones,1,296.83,296.83
INV-100675,CUST-0204,2025-12-18 16:51:19,Apparel & Lifestyle,Thermal Double-Wall Stainless Flask,6,40.63,243.78
INV-101907,CUST-0021,2025-12-18 16:57:31,Computer Accessories,Premium Aluminum Monitor Arm,1,66.74,66.74
INV-100043,CUST-0282,2025-12-18 17:09:20,Smart Office & Furniture,Motorized Standing Desk Frame,4,408.1,1632.4
INV-103790,CUST-0332,2025-12-18 17:39:49,Apparel & Lifestyle,Full-Grain Leather Briefcase Sleeve,2,78.52,157.04
INV-100614,CUST-0403,2025-12-18 17:59:10,Computer Accessories,Premium Aluminum Monitor Arm,4,73.54,294.16
INV-102795,CUST-0096,2025-12-18 18:52:30,Wearables & Fitness,Heart Rate Performance Sensor Band,4,89.89,359.56
INV-102519,CUST-0258,2025-12-19 08:31:31,Wearables & Fitness,Titanium GPS Smart Fitness Watch,4,253.02,1012.08
INV-100980,CUST-0171,2025-12-19 08:41:22,Specialty Gourmet,Single-Origin Espresso Bean Subscription (1kg),2,35.85,71.7
INV-101443,CUST-0226,2025-12-19 16:20:10,Electronics & Audio,Thunderbolt 4 Docking Station,4,182.93,731.72
INV-101289,CUST-0343,2025-12-19 17:52:29,Electronics & Audio,4K Curved Ultra-Wide Gaming Monitor,3,508.11,1524.33
INV-103013,CUST-0249,2025-12-19 19:20:00,Computer Accessories,Premium Aluminum Monitor Arm,3,67.29,201.87
INV-102721,CUST-0405,2025-12-19 20:05:12,Computer Accessories,Ergonomic Multi-Device Wireless Mouse,5,80.77,403.85
INV-100615,CUST-0403,2025-12-20 08:20:36,Specialty Gourmet,Single-Origin Espresso Bean Subscription (1kg),2,35.0,70.0
INV-100134,CUST-0110,2025-12-20 08:46:29,Smart Office & Furniture,Smart LED Desk Bar Lamp,6,56.17,337.02
INV-101444,CUST-0226,2025-12-20 09:25:52,Wearables & Fitness,Heart Rate Performance Sensor Band,3,86.21,258.63
INV-101444,CUST-0226,2025-12-20 12:18:54,Computer Accessories,Ergonomic Multi-Device Wireless Mouse,4,78.52,314.08
INV-101444,CUST-0226,2025-12-20 16:54:31,Specialty Gourmet,Single-Origin Espresso Bean Subscription (1kg),2,33.67,67.34
INV-101590,CUST-0027,2025-12-20 17:48:17,Computer Accessories,Ergonomic Multi-Device Wireless Mouse,2,80.66,161.32
INV-100220,CUST-0174,2025-12-20 17:50:22,Specialty Gourmet,Single-Origin Espresso Bean Subscription (1kg),6,36.86,221.16
INV-100163,CUST-0121,2025-12-20 18:26:24,Wearables & Fitness,Heart Rate Performance Sensor Band,5,98.94,494.7
INV-100073,CUST-0267,2025-12-20 18:34:33,Specialty Gourmet,Single-Origin Espresso Bean Subscription (1kg),3,35.13,105.39
INV-100615,CUST-0403,2025-12-20 18:50:09,Computer Accessories,Ergonomic Multi-Device Wireless Mouse,6,89.25,535.5
INV-100163,CUST-0121,2025-12-20 20:56:49,Smart Office & Furniture,Smart LED Desk Bar Lamp,4,53.12,212.48
INV-103598,CUST-0410,2025-12-21 08:31:51,Smart Office & Furniture,Motorized Standing Desk Frame,6,445.96,2675.76
INV-100798,CUST-0202,2025-12-21 10:47:04,Wearables & Fitness,Heart Rate Performance Sensor Band,2,94.5,189.0
INV-100074,CUST-0267,2025-12-21 11:51:07,Specialty Gourmet,Single-Origin Espresso Bean Subscription (1kg),5,35.66,178.3
INV-101430,CUST-0094,2025-12-21 13:09:15,Apparel & Lifestyle,Thermal Double-Wall Stainless Flask,1,35.53,35.53
INV-101430,CUST-0094,2025-12-21 14:02:22,Specialty Gourmet,Single-Origin Espresso Bean Subscription (1kg),4,31.69,126.76
INV-102178,CUST-0098,2025-12-21 15:09:52,Apparel & Lifestyle,Full-Grain Leather Briefcase Sleeve,4,87.47,349.88
INV-102178,CUST-0098,2025-12-21 17:39:17,Electronics & Audio,Thunderbolt 4 Docking Station,4,190.84,763.36
INV-100698,CUST-0421,2025-12-21 17:52:20,Wearables & Fitness,Heart Rate Performance Sensor Band,3,95.34,286.02
INV-100798,CUST-0202,2025-12-21 17:54:14,Wearables & Fitness,Titanium GPS Smart Fitness Watch,2,268.63,537.26
INV-103667,CUST-0253,2025-12-21 18:04:59,Wearables & Fitness,Heart Rate Performance Sensor Band,3,106.61,319.83
INV-102746,CUST-0116,2025-12-21 18:58:17,Electronics & Audio,Noise-Cancelling Studio Pro Headphones,3,324.04,972.12
INV-103371,CUST-0081,2025-12-21 19:46:20,Computer Accessories,Premium Aluminum Monitor Arm,2,75.28,150.56
INV-102940,CUST-0348,2025-12-21 20:35:47,Computer Accessories,Premium Aluminum Monitor Arm,2,65.96,131.92
INV-100698,CUST-0421,2025-12-21 21:47:08,Apparel & Lifestyle,Thermal Double-Wall Stainless Flask,3,39.45,118.35
INV-103598,CUST-0410,2025-12-21 22:56:32,Apparel & Lifestyle,Thermal Double-Wall Stainless Flask,2,43.44,86.88
INV-101877,CUST-0077,2025-12-22 13:39:10,Electronics & Audio,Noise-Cancelling Studio Pro Headphones,1,298.13,298.13
INV-103702,CUST-0276,2025-12-22 14:13:49,Computer Accessories,Custom Mechanical RGB Keyboard,2,146.67,293.34
INV-101877,CUST-0077,2025-12-22 15:17:03,Specialty Gourmet,Single-Origin Espresso Bean Subscription (1kg),4,31.8,127.2
INV-102674,CUST-0293,2025-12-22 15:24:54,Computer Accessories,Custom Mechanical RGB Keyboard,2,157.31,314.62
INV-103702,CUST-0276,2025-12-22 15:28:18,Smart Office & Furniture,Motorized Standing Desk Frame,2,357.0,714.0
INV-101379,CUST-0069,2025-12-22 15:53:07,Wearables & Fitness,Heart Rate Performance Sensor Band,2,86.11,172.22
INV-100909,CUST-0093,2025-12-22 17:04:41,Computer Accessories,Custom Mechanical RGB Keyboard,5,168.5,842.5
INV-100559,CUST-0005,2025-12-22 19:11:16,Wearables & Fitness,Heart Rate Performance Sensor Band,2,101.0,202.0
INV-100578,CUST-0008,2025-12-22 21:47:43,Apparel & Lifestyle,Thermal Double-Wall Stainless Flask,4,39.08,156.32
INV-100559,CUST-0005,2025-12-22 22:04:40,Apparel & Lifestyle,Thermal Double-Wall Stainless Flask,3,39.5,118.5
INV-101577,CUST-0440,2025-12-23 08:23:17,Wearables & Fitness,Titanium GPS Smart Fitness Watch,2,254.44,508.88
INV-102493,CUST-0061,2025-12-23 08:33:08,Computer Accessories,Premium Aluminum Monitor Arm,2,71.3,142.6
INV-100744,CUST-0003,2025-12-23 09:50:26,Smart Office & Furniture,Ergonomic Lumbar Executive Chair,2,305.06,610.12
INV-100744,CUST-0003,2025-12-23 10:11:12,Computer Accessories,Premium Aluminum Monitor Arm,1,71.9,71.9
INV-100948,CUST-0022,2025-12-23 10:30:31,Specialty Gourmet,Single-Origin Espresso Bean Subscription (1kg),5,36.99,184.95
INV-101591,CUST-0027,2025-12-23 10:51:52,Computer Accessories,Premium Aluminum Monitor Arm,3,65.85,197.55
INV-102580,CUST-0335,2025-12-23 11:43:09,Apparel & Lifestyle,Thermal Double-Wall Stainless Flask,3,39.27,117.81
INV-100744,CUST-0003,2025-12-23 12:44:47,Wearables & Fitness,Heart Rate Performance Sensor Band,2,98.85,197.7
INV-101765,CUST-0073,2025-12-23 13:28:44,Apparel & Lifestyle,Full-Grain Leather Briefcase Sleeve,1,82.3,82.3
INV-102493,CUST-0061,2025-12-23 15:25:25,Specialty Gourmet,Single-Origin Espresso Bean Subscription (1kg),1,36.39,36.39
INV-100660,CUST-0241,2025-12-23 16:21:51,Computer Accessories,Custom Mechanical RGB Keyboard,4,165.05,660.2
INV-101591,CUST-0027,2025-12-23 17:01:10,Computer Accessories,Custom Mechanical RGB Keyboard,4,146.43,585.72
INV-101591,CUST-0027,2025-12-23 17:17:51,Electronics & Audio,Noise-Cancelling Studio Pro Headphones,1,301.7,301.7
INV-100948,CUST-0022,2025-12-23 18:56:34,Smart Office & Furniture,Motorized Standing Desk Frame,5,424.19,2120.95
INV-102941,CUST-0348,2025-12-23 19:49:40,Apparel & Lifestyle,Full-Grain Leather Briefcase Sleeve,4,89.41,357.64
INV-100660,CUST-0241,2025-12-23 20:02:27,Wearables & Fitness,Heart Rate Performance Sensor Band,5,98.27,491.35
INV-101778,CUST-0197,2025-12-23 20:33:20,Wearables & Fitness,Heart Rate Performance Sensor Band,2,90.9,181.8
INV-101526,CUST-0051,2025-12-24 08:12:37,Apparel & Lifestyle,Full-Grain Leather Briefcase Sleeve,4,85.34,341.36
INV-101445,CUST-0226,2025-12-24 09:07:14,Smart Office & Furniture,Smart LED Desk Bar Lamp,1,49.87,49.87
INV-100463,CUST-0154,2025-12-24 09:46:24,Specialty Gourmet,Single-Origin Espresso Bean Subscription (1kg),4,36.2,144.8
INV-100463,CUST-0154,2025-12-24 11:36:09,Computer Accessories,Premium Aluminum Monitor Arm,6,69.4,416.4
INV-100106,CUST-0170,2025-12-24 11:47:09,Computer Accessories,Ergonomic Multi-Device Wireless Mouse,1,88.33,88.33
INV-102327,CUST-0290,2025-12-24 12:05:10,Computer Accessories,Custom Mechanical RGB Keyboard,4,165.83,663.32
INV-101349,CUST-0315,2025-12-24 15:39:41,Apparel & Lifestyle,Thermal Double-Wall Stainless Flask,1,36.21,36.21
INV-100463,CUST-0154,2025-12-24 17:55:40,Computer Accessories,Custom Mechanical RGB Keyboard,5,171.07,855.35
INV-100298,CUST-0292,2025-12-24 18:23:45,Computer Accessories,Ergonomic Multi-Device Wireless Mouse,5,87.7,438.5
INV-101105,CUST-0314,2025-12-24 18:40:24,Electronics & Audio,Noise-Cancelling Studio Pro Headphones,3,323.36,970.08
INV-100298,CUST-0292,2025-12-24 20:42:14,Apparel & Lifestyle,Full-Grain Leather Briefcase Sleeve,4,90.61,362.44
INV-102327,CUST-0290,2025-12-24 22:14:22,Wearables & Fitness,Heart Rate Performance Sensor Band,3,99.56,298.68
INV-101654,CUST-0376,2025-12-25 08:33:14,Specialty Gourmet,Single-Origin Espresso Bean Subscription (1kg),3,32.23,96.69
INV-100021,CUST-0042,2025-12-25 09:46:27,Specialty Gourmet,Single-Origin Espresso Bean Subscription (1kg),5,35.08,175.4
INV-101173,CUST-0366,2025-12-25 09:54:56,Specialty Gourmet,Single-Origin Espresso Bean Subscription (1kg),4,32.6,130.4
INV-102456,CUST-0270,2025-12-25 10:26:35,Computer Accessories,Premium Aluminum Monitor Arm,4,76.2,304.8
INV-101173,CUST-0366,2025-12-25 11:53:36,Specialty Gourmet,Single-Origin Espresso Bean Subscription (1kg),4,32.02,128.08
INV-103123,CUST-0251,2025-12-25 13:37:57,Wearables & Fitness,Heart Rate Performance Sensor Band,3,92.55,277.65
INV-102456,CUST-0270,2025-12-25 13:47:14,Electronics & Audio,Noise-Cancelling Studio Pro Headphones,3,352.52,1057.56
INV-101517,CUST-0234,2025-12-25 13:53:46,Apparel & Lifestyle,Thermal Double-Wall Stainless Flask,4,35.62,142.48
INV-100085,CUST-0331,2025-12-25 14:16:52,Smart Office & Furniture,Smart LED Desk Bar Lamp,3,55.97,167.91
INV-103123,CUST-0251,2025-12-25 15:28:27,Smart Office & Furniture,Smart LED Desk Bar Lamp,5,52.39,261.95
INV-100085,CUST-0331,2025-12-25 16:29:43,Smart Office & Furniture,Ergonomic Lumbar Executive Chair,4,304.05,1216.2
INV-101173,CUST-0366,2025-12-25 18:33:33,Wearables & Fitness,Titanium GPS Smart Fitness Watch,1,251.13,251.13
INV-100661,CUST-0241,2025-12-26 08:02:11,Electronics & Audio,Thunderbolt 4 Docking Station,4,207.49,829.96
INV-100811,CUST-0263,2025-12-26 08:38:45,Smart Office & Furniture,Ergonomic Lumbar Executive Chair,2,293.01,586.02
INV-100768,CUST-0060,2025-12-26 10:35:23,Electronics & Audio,Thunderbolt 4 Docking Station,4,200.66,802.64
INV-102396,CUST-0169,2025-12-26 11:02:23,Apparel & Lifestyle,Thermal Double-Wall Stainless Flask,4,41.66,166.64
INV-100768,CUST-0060,2025-12-26 14:07:07,Computer Accessories,Custom Mechanical RGB Keyboard,1,166.33,166.33
INV-102747,CUST-0116,2025-12-26 14:55:11,Computer Accessories,Custom Mechanical RGB Keyboard,4,157.61,630.44
INV-101527,CUST-0051,2025-12-26 19:05:37,Computer Accessories,Custom Mechanical RGB Keyboard,4,144.08,576.32
INV-100661,CUST-0241,2025-12-26 20:19:56,Smart Office & Furniture,Ergonomic Lumbar Executive Chair,5,306.36,1531.8
INV-102604,CUST-0019,2025-12-26 20:54:53,Wearables & Fitness,Titanium GPS Smart Fitness Watch,3,251.1,753.3
INV-102068,CUST-0179,2025-12-26 21:07:19,Computer Accessories,Custom Mechanical RGB Keyboard,2,155.28,310.56
INV-100811,CUST-0263,2025-12-26 21:12:57,Computer Accessories,Ergonomic Multi-Device Wireless Mouse,1,88.54,88.54
INV-100579,CUST-0008,2025-12-27 10:20:53,Electronics & Audio,Thunderbolt 4 Docking Station,6,209.72,1258.32
INV-102275,CUST-0119,2025-12-27 11:46:14,Smart Office & Furniture,Smart LED Desk Bar Lamp,3,59.61,178.83
INV-101779,CUST-0197,2025-12-27 11:49:17,Specialty Gourmet,Single-Origin Espresso Bean Subscription (1kg),1,31.86,31.86
INV-102696,CUST-0087,2025-12-27 13:08:13,Computer Accessories,Ergonomic Multi-Device Wireless Mouse,4,85.1,340.4
INV-103192,CUST-0192,2025-12-27 13:47:26,Specialty Gourmet,Single-Origin Espresso Bean Subscription (1kg),4,34.2,136.8
INV-102760,CUST-0133,2025-12-27 14:14:48,Electronics & Audio,Noise-Cancelling Studio Pro Headphones,5,308.02,1540.1
INV-101630,CUST-0067,2025-12-27 14:37:13,Computer Accessories,Custom Mechanical RGB Keyboard,4,155.12,620.48
INV-101592,CUST-0027,2025-12-27 15:39:10,Electronics & Audio,4K Curved Ultra-Wide Gaming Monitor,4,487.86,1951.44
INV-102275,CUST-0119,2025-12-27 15:41:47,Specialty Gourmet,Single-Origin Espresso Bean Subscription (1kg),2,37.52,75.04
INV-103804,CUST-0182,2025-12-27 16:36:08,Apparel & Lifestyle,Full-Grain Leather Briefcase Sleeve,2,82.28,164.56
INV-100662,CUST-0241,2025-12-27 16:43:34,Electronics & Audio,Thunderbolt 4 Docking Station,6,208.29,1249.74
INV-102989,CUST-0065,2025-12-27 17:33:56,Apparel & Lifestyle,Thermal Double-Wall Stainless Flask,3,36.57,109.71
INV-102760,CUST-0133,2025-12-27 18:35:59,Electronics & Audio,Thunderbolt 4 Docking Station,1,201.23,201.23
INV-100662,CUST-0241,2025-12-27 20:07:36,Smart Office & Furniture,Smart LED Desk Bar Lamp,6,54.5,327.0
INV-101631,CUST-0067,2025-12-27 20:10:21,Apparel & Lifestyle,Thermal Double-Wall Stainless Flask,3,35.26,105.78
INV-103058,CUST-0030,2025-12-27 20:39:03,Wearables & Fitness,Titanium GPS Smart Fitness Watch,3,269.33,807.99
INV-102510,CUST-0225,2025-12-27 21:15:06,Electronics & Audio,Noise-Cancelling Studio Pro Headphones,3,324.95,974.85
INV-103014,CUST-0249,2025-12-28 08:43:06,Electronics & Audio,4K Curved Ultra-Wide Gaming Monitor,5,520.7,2603.5
INV-100880,CUST-0307,2025-12-28 10:45:30,Wearables & Fitness,Titanium GPS Smart Fitness Watch,4,264.52,1058.08
INV-102675,CUST-0293,2025-12-28 10:47:51,Computer Accessories,Ergonomic Multi-Device Wireless Mouse,5,82.71,413.55
INV-103806,CUST-0190,2025-12-28 13:38:44,Apparel & Lifestyle,Thermal Double-Wall Stainless Flask,2,33.78,67.56
INV-101446,CUST-0226,2025-12-28 20:04:15,Computer Accessories,Premium Aluminum Monitor Arm,1,65.85,65.85
INV-102675,CUST-0293,2025-12-28 22:54:50,Apparel & Lifestyle,Thermal Double-Wall Stainless Flask,1,36.37,36.37
INV-101898,CUST-0402,2025-12-29 14:54:42,Electronics & Audio,Noise-Cancelling Studio Pro Headphones,3,291.95,875.85
INV-102511,CUST-0225,2025-12-29 17:05:09,Wearables & Fitness,Titanium GPS Smart Fitness Watch,2,271.41,542.82
INV-101409,CUST-0207,2025-12-30 11:28:41,Computer Accessories,Custom Mechanical RGB Keyboard,2,146.93,293.86
INV-101417,CUST-0279,2025-12-30 11:42:28,Smart Office & Furniture,Motorized Standing Desk Frame,2,394.78,789.56
INV-100342,CUST-0431,2025-12-30 11:54:51,Computer Accessories,Premium Aluminum Monitor Arm,5,68.17,340.85
INV-101548,CUST-0134,2025-12-30 14:05:52,Wearables & Fitness,Titanium GPS Smart Fitness Watch,2,255.47,510.94
INV-101487,CUST-0221,2025-12-30 15:38:45,Computer Accessories,Custom Mechanical RGB Keyboard,2,152.49,304.98
INV-103179,CUST-0083,2025-12-30 15:44:01,Smart Office & Furniture,Smart LED Desk Bar Lamp,4,50.73,202.92
INV-103059,CUST-0030,2025-12-30 16:24:21,Smart Office & Furniture,Smart LED Desk Bar Lamp,1,54.24,54.24
INV-101548,CUST-0134,2025-12-30 17:08:52,Wearables & Fitness,Heart Rate Performance Sensor Band,2,91.5,183.0
INV-101815,CUST-0351,2025-12-30 19:02:50,Smart Office & Furniture,Smart LED Desk Bar Lamp,2,49.97,99.94
INV-103059,CUST-0030,2025-12-30 21:56:55,Apparel & Lifestyle,Full-Grain Leather Briefcase Sleeve,3,91.45,274.35
INV-103826,CUST-0052,2025-12-30 22:15:34,Electronics & Audio,Noise-Cancelling Studio Pro Headphones,1,288.77,288.77
INV-103032,CUST-0375,2025-12-30 22:58:35,Computer Accessories,Ergonomic Multi-Device Wireless Mouse,1,83.96,83.96
INV-103698,CUST-0300,2025-12-31 08:51:57,Apparel & Lifestyle,Thermal Double-Wall Stainless Flask,1,33.6,33.6
INV-103698,CUST-0300,2025-12-31 12:44:58,Computer Accessories,Ergonomic Multi-Device Wireless Mouse,2,75.98,151.96
INV-100232,CUST-0188,2025-12-31 15:54:07,Computer Accessories,Custom Mechanical RGB Keyboard,3,171.29,513.87
INV-101792,CUST-0178,2026-01-01 09:14:48,Electronics & Audio,4K Curved Ultra-Wide Gaming Monitor,2,479.06,958.12
INV-102137,CUST-0377,2026-01-01 10:28:48,Specialty Gourmet,Single-Origin Espresso Bean Subscription (1kg),4,32.22,128.88
INV-102954,CUST-0085,2026-01-01 12:32:14,Computer Accessories,Ergonomic Multi-Device Wireless Mouse,1,83.05,83.05
INV-103307,CUST-0257,2026-01-01 13:58:05,Electronics & Audio,Thunderbolt 4 Docking Station,2,235.56,471.12
INV-100601,CUST-0089,2026-01-01 15:49:08,Apparel & Lifestyle,Thermal Double-Wall Stainless Flask,1,41.11,41.11
INV-101549,CUST-0134,2026-01-01 17:00:16,Electronics & Audio,Thunderbolt 4 Docking Station,1,189.8,189.8
INV-100632,CUST-0363,2026-01-01 18:43:30,Smart Office & Furniture,Ergonomic Lumbar Executive Chair,4,311.41,1245.64
INV-100981,CUST-0171,2026-01-01 19:56:35,Specialty Gourmet,Single-Origin Espresso Bean Subscription (1kg),3,34.56,103.68
INV-102748,CUST-0116,2026-01-01 20:06:56,Apparel & Lifestyle,Thermal Double-Wall Stainless Flask,5,37.63,188.15
INV-101365,CUST-0224,2026-01-01 20:42:11,Computer Accessories,Custom Mechanical RGB Keyboard,2,152.89,305.78
INV-100601,CUST-0089,2026-01-01 20:55:23,Apparel & Lifestyle,Full-Grain Leather Briefcase Sleeve,6,92.79,556.74
INV-103004,CUST-0439,2026-01-01 22:33:51,Computer Accessories,Premium Aluminum Monitor Arm,5,68.45,342.25
INV-100716,CUST-0157,2026-01-02 10:01:05,Wearables & Fitness,Heart Rate Performance Sensor Band,1,100.54,100.54
INV-101722,CUST-0356,2026-01-02 12:10:05,Apparel & Lifestyle,Thermal Double-Wall Stainless Flask,3,36.73,110.19
INV-102146,CUST-0068,2026-01-02 12:42:56,Specialty Gourmet,Single-Origin Espresso Bean Subscription (1kg),4,33.58,134.32
INV-100716,CUST-0157,2026-01-02 13:37:59,Electronics & Audio,Noise-Cancelling Studio Pro Headphones,6,320.01,1920.06
INV-101051,CUST-0364,2026-01-02 17:09:01,Electronics & Audio,Noise-Cancelling Studio Pro Headphones,1,333.39,333.39
INV-101491,CUST-0039,2026-01-02 18:56:43,Computer Accessories,Premium Aluminum Monitor Arm,2,64.66,129.32
INV-102402,CUST-0199,2026-01-03 08:34:14,Smart Office & Furniture,Ergonomic Lumbar Executive Chair,2,326.77,653.54
INV-100731,CUST-0152,2026-01-03 09:47:38,Specialty Gourmet,Single-Origin Espresso Bean Subscription (1kg),2,34.92,69.84
INV-102569,CUST-0433,2026-01-03 11:56:20,Computer Accessories,Premium Aluminum Monitor Arm,1,68.02,68.02
INV-101187,CUST-0189,2026-01-03 12:36:56,Electronics & Audio,Thunderbolt 4 Docking Station,2,188.45,376.9
INV-100949,CUST-0022,2026-01-03 14:44:34,Computer Accessories,Premium Aluminum Monitor Arm,6,68.15,408.9
INV-100949,CUST-0022,2026-01-03 19:42:58,Wearables & Fitness,Titanium GPS Smart Fitness Watch,6,270.5,1623.0
INV-102593,CUST-0365,2026-01-04 08:00:44,Computer Accessories,Ergonomic Multi-Device Wireless Mouse,3,82.07,246.21
INV-100633,CUST-0363,2026-01-04 10:37:03,Apparel & Lifestyle,Thermal Double-Wall Stainless Flask,1,40.69,40.69
INV-102594,CUST-0365,2026-01-04 12:11:52,Computer Accessories,Custom Mechanical RGB Keyboard,3,163.02,489.06
INV-100633,CUST-0363,2026-01-04 12:23:26,Apparel & Lifestyle,Full-Grain Leather Briefcase Sleeve,3,90.98,272.94
INV-100769,CUST-0060,2026-01-04 13:19:23,Computer Accessories,Ergonomic Multi-Device Wireless Mouse,5,85.45,427.25
INV-102593,CUST-0365,2026-01-04 15:27:47,Computer Accessories,Ergonomic Multi-Device Wireless Mouse,1,81.76,81.76
INV-100782,CUST-0352,2026-01-04 15:32:48,Computer Accessories,Ergonomic Multi-Device Wireless Mouse,5,88.49,442.45
INV-101846,CUST-0255,2026-01-04 16:10:49,Apparel & Lifestyle,Full-Grain Leather Briefcase Sleeve,4,83.95,335.8
INV-102594,CUST-0365,2026-01-04 16:45:58,Specialty Gourmet,Single-Origin Espresso Bean Subscription (1kg),2,34.99,69.98
INV-100770,CUST-0060,2026-01-04 17:26:03,Smart Office & Furniture,Smart LED Desk Bar Lamp,2,53.41,106.82
INV-100247,CUST-0242,2026-01-04 19:32:25,Electronics & Audio,Noise-Cancelling Studio Pro Headphones,2,318.52,637.04
INV-100633,CUST-0363,2026-01-04 22:44:08,Computer Accessories,Premium Aluminum Monitor Arm,2,69.93,139.86
INV-100266,CUST-0163,2026-01-05 10:20:40,Computer Accessories,Custom Mechanical RGB Keyboard,3,166.72,500.16
INV-102179,CUST-0098,2026-01-05 11:07:47,Smart Office & Furniture,Smart LED Desk Bar Lamp,2,50.04,100.08
INV-100233,CUST-0188,2026-01-05 12:05:41,Computer Accessories,Premium Aluminum Monitor Arm,4,73.19,292.76
INV-100266,CUST-0163,2026-01-05 12:13:48,Electronics & Audio,4K Curved Ultra-Wide Gaming Monitor,1,527.15,527.15
INV-101672,CUST-0054,2026-01-05 12:20:11,Specialty Gourmet,Single-Origin Espresso Bean Subscription (1kg),4,31.26,125.04
INV-103033,CUST-0375,2026-01-05 12:41:15,Apparel & Lifestyle,Thermal Double-Wall Stainless Flask,5,37.11,185.55
INV-101672,CUST-0054,2026-01-05 12:47:19,Specialty Gourmet,Single-Origin Espresso Bean Subscription (1kg),3,31.4,94.2
INV-102979,CUST-0066,2026-01-05 14:51:02,Specialty Gourmet,Single-Origin Espresso Bean Subscription (1kg),2,34.69,69.38
INV-101539,CUST-0193,2026-01-05 19:15:29,Specialty Gourmet,Single-Origin Espresso Bean Subscription (1kg),1,31.49,31.49
INV-101539,CUST-0193,2026-01-05 19:36:30,Electronics & Audio,Thunderbolt 4 Docking Station,3,186.01,558.03
INV-103033,CUST-0375,2026-01-05 20:54:23,Wearables & Fitness,Titanium GPS Smart Fitness Watch,3,267.38,802.14
INV-101923,CUST-0287,2026-01-05 21:12:44,Electronics & Audio,4K Curved Ultra-Wide Gaming Monitor,3,505.0,1515.0
INV-101539,CUST-0193,2026-01-05 22:30:11,Specialty Gourmet,Single-Origin Espresso Bean Subscription (1kg),1,33.49,33.49
INV-103205,CUST-0397,2026-01-06 08:20:15,Computer Accessories,Ergonomic Multi-Device Wireless Mouse,3,96.11,288.33
INV-101593,CUST-0027,2026-01-06 11:06:54,Computer Accessories,Ergonomic Multi-Device Wireless Mouse,4,79.56,318.24
INV-101593,CUST-0027,2026-01-06 12:27:37,Specialty Gourmet,Single-Origin Espresso Bean Subscription (1kg),1,31.82,31.82
INV-100267,CUST-0163,2026-01-06 14:40:27,Wearables & Fitness,Titanium GPS Smart Fitness Watch,1,265.78,265.78
INV-100267,CUST-0163,2026-01-06 15:24:00,Computer Accessories,Custom Mechanical RGB Keyboard,4,164.05,656.2
INV-102107,CUST-0371,2026-01-06 15:51:58,Computer Accessories,Premium Aluminum Monitor Arm,3,64.83,194.49
INV-100441,CUST-0355,2026-01-06 19:20:50,Computer Accessories,Premium Aluminum Monitor Arm,2,72.28,144.56
INV-101621,CUST-0216,2026-01-06 22:09:27,Wearables & Fitness,Titanium GPS Smart Fitness Watch,4,254.97,1019.88
INV-100248,CUST-0242,2026-01-07 11:56:53,Apparel & Lifestyle,Thermal Double-Wall Stainless Flask,5,38.11,190.55
INV-102980,CUST-0066,2026-01-07 12:22:16,Smart Office & Furniture,Smart LED Desk Bar Lamp,2,52.79,105.58
INV-102884,CUST-0390,2026-01-07 12:33:27,Apparel & Lifestyle,Thermal Double-Wall Stainless Flask,1,38.83,38.83
INV-101996,CUST-0336,2026-01-07 12:57:44,Wearables & Fitness,Heart Rate Performance Sensor Band,1,92.25,92.25
INV-102884,CUST-0390,2026-01-07 15:05:41,Apparel & Lifestyle,Thermal Double-Wall Stainless Flask,1,37.9,37.9
INV-101723,CUST-0356,2026-01-07 16:58:49,Electronics & Audio,Thunderbolt 4 Docking Station,4,186.27,745.08
INV-101070,CUST-0097,2026-01-07 17:50:20,Electronics & Audio,Noise-Cancelling Studio Pro Headphones,3,322.43,967.29
INV-102884,CUST-0390,2026-01-07 18:23:49,Computer Accessories,Premium Aluminum Monitor Arm,1,65.32,65.32
INV-100616,CUST-0403,2026-01-07 19:02:42,Computer Accessories,Ergonomic Multi-Device Wireless Mouse,2,85.82,171.64
INV-102810,CUST-0172,2026-01-07 21:44:59,Specialty Gourmet,Single-Origin Espresso Bean Subscription (1kg),4,34.26,137.04
INV-103090,CUST-0318,2026-01-08 09:37:45,Smart Office & Furniture,Smart LED Desk Bar Lamp,5,51.61,258.05
INV-103668,CUST-0253,2026-01-08 09:44:58,Smart Office & Furniture,Smart LED Desk Bar Lamp,5,59.51,297.55
INV-103668,CUST-0253,2026-01-08 12:34:00,Smart Office & Furniture,Smart LED Desk Bar Lamp,3,61.03,183.09
INV-102697,CUST-0087,2026-01-08 12:39:28,Smart Office & Furniture,Smart LED Desk Bar Lamp,3,53.63,160.89
INV-102544,CUST-0018,2026-01-08 14:08:55,Computer Accessories,Ergonomic Multi-Device Wireless Mouse,4,85.93,343.72
INV-101908,CUST-0021,2026-01-08 14:35:57,Wearables & Fitness,Titanium GPS Smart Fitness Watch,2,250.99,501.98
INV-101583,CUST-0086,2026-01-08 15:37:33,Computer Accessories,Premium Aluminum Monitor Arm,3,62.98,188.94
INV-103090,CUST-0318,2026-01-08 16:10:45,Apparel & Lifestyle,Thermal Double-Wall Stainless Flask,3,38.5,115.5
INV-101583,CUST-0086,2026-01-08 19:56:18,Smart Office & Furniture,Smart LED Desk Bar Lamp,2,48.46,96.92
INV-103668,CUST-0253,2026-01-08 20:47:08,Computer Accessories,Premium Aluminum Monitor Arm,3,79.91,239.73
INV-101279,CUST-0239,2026-01-09 10:18:22,Wearables & Fitness,Heart Rate Performance Sensor Band,1,89.3,89.3
INV-100617,CUST-0403,2026-01-09 10:34:19,Computer Accessories,Premium Aluminum Monitor Arm,3,70.66,211.98
INV-100044,CUST-0282,2026-01-09 10:48:23,Computer Accessories,Ergonomic Multi-Device Wireless Mouse,3,91.23,273.69
INV-102981,CUST-0066,2026-01-09 11:06:20,Computer Accessories,Custom Mechanical RGB Keyboard,5,154.36,771.8
INV-100044,CUST-0282,2026-01-09 13:15:29,Specialty Gourmet,Single-Origin Espresso Bean Subscription (1kg),5,35.93,179.65
INV-102967,CUST-0244,2026-01-09 13:53:22,Electronics & Audio,4K Curved Ultra-Wide Gaming Monitor,5,522.32,2611.6
INV-101578,CUST-0440,2026-01-09 16:38:20,Smart Office & Furniture,Ergonomic Lumbar Executive Chair,3,270.68,812.04
INV-102820,CUST-0103,2026-01-09 19:53:03,Computer Accessories,Premium Aluminum Monitor Arm,4,66.53,266.12
INV-100164,CUST-0121,2026-01-09 22:23:29,Smart Office & Furniture,Smart LED Desk Bar Lamp,3,55.85,167.55
INV-100602,CUST-0089,2026-01-10 09:24:57,Apparel & Lifestyle,Full-Grain Leather Briefcase Sleeve,1,96.2,96.2
INV-101094,CUST-0176,2026-01-10 10:32:58,Wearables & Fitness,Titanium GPS Smart Fitness Watch,6,263.01,1578.06
INV-100343,CUST-0431,2026-01-10 11:04:16,Electronics & Audio,Thunderbolt 4 Docking Station,2,212.81,425.62
INV-100343,CUST-0431,2026-01-10 15:22:02,Apparel & Lifestyle,Full-Grain Leather Briefcase Sleeve,2,95.26,190.52
INV-100343,CUST-0431,2026-01-10 17:42:55,Wearables & Fitness,Heart Rate Performance Sensor Band,2,95.39,190.78
INV-100135,CUST-0110,2026-01-10 18:19:15,Apparel & Lifestyle,Thermal Double-Wall Stainless Flask,6,39.6,237.6
INV-101909,CUST-0021,2026-01-10 18:59:54,Smart Office & Furniture,Ergonomic Lumbar Executive Chair,4,276.73,1106.92
INV-100135,CUST-0110,2026-01-10 19:27:50,Apparel & Lifestyle,Thermal Double-Wall Stainless Flask,3,40.1,120.3
INV-102876,CUST-0368,2026-01-10 19:41:25,Smart Office & Furniture,Smart LED Desk Bar Lamp,3,50.49,151.47
INV-100135,CUST-0110,2026-01-10 20:50:26,Computer Accessories,Custom Mechanical RGB Keyboard,1,169.2,169.2
INV-103206,CUST-0397,2026-01-11 08:30:35,Smart Office & Furniture,Motorized Standing Desk Frame,4,449.91,1799.64
INV-100699,CUST-0421,2026-01-11 08:59:35,Smart Office & Furniture,Motorized Standing Desk Frame,5,408.79,2043.95
INV-100889,CUST-0383,2026-01-11 09:40:36,Apparel & Lifestyle,Thermal Double-Wall Stainless Flask,6,40.77,244.62
INV-103206,CUST-0397,2026-01-11 10:02:14,Specialty Gourmet,Single-Origin Espresso Bean Subscription (1kg),5,37.53,187.65
INV-101847,CUST-0255,2026-01-11 10:50:11,Smart Office & Furniture,Smart LED Desk Bar Lamp,1,50.65,50.65
INV-101264,CUST-0411,2026-01-11 11:27:05,Computer Accessories,Ergonomic Multi-Device Wireless Mouse,2,78.21,156.42
INV-101033,CUST-0423,2026-01-11 12:10:12,Electronics & Audio,4K Curved Ultra-Wide Gaming Monitor,3,569.25,1707.75
INV-101032,CUST-0423,2026-01-11 12:25:05,Wearables & Fitness,Heart Rate Performance Sensor Band,1,95.09,95.09
INV-100717,CUST-0157,2026-01-11 12:38:42,Apparel & Lifestyle,Full-Grain Leather Briefcase Sleeve,4,93.16,372.64
INV-100699,CUST-0421,2026-01-11 14:53:56,Computer Accessories,Custom Mechanical RGB Keyboard,2,163.58,327.16
INV-101033,CUST-0423,2026-01-11 15:30:34,Specialty Gourmet,Single-Origin Espresso Bean Subscription (1kg),3,37.01,111.03
INV-101032,CUST-0423,2026-01-11 15:55:26,Computer Accessories,Ergonomic Multi-Device Wireless Mouse,3,90.52,271.56
INV-100799,CUST-0202,2026-01-11 16:56:29,Computer Accessories,Ergonomic Multi-Device Wireless Mouse,5,86.15,430.75
INV-103206,CUST-0397,2026-01-11 18:28:34,Specialty Gourmet,Single-Origin Espresso Bean Subscription (1kg),5,39.16,195.8
INV-102659,CUST-0298,2026-01-11 19:16:24,Computer Accessories,Ergonomic Multi-Device Wireless Mouse,4,86.22,344.88
INV-100799,CUST-0202,2026-01-11 19:43:34,Apparel & Lifestyle,Full-Grain Leather Briefcase Sleeve,6,89.93,539.58
INV-101032,CUST-0423,2026-01-11 22:16:11,Wearables & Fitness,Heart Rate Performance Sensor Band,5,95.66,478.3
INV-101106,CUST-0314,2026-01-11 22:19:38,Specialty Gourmet,Single-Origin Espresso Bean Subscription (1kg),1,36.87,36.87
INV-101594,CUST-0027,2026-01-11 22:24:54,Apparel & Lifestyle,Full-Grain Leather Briefcase Sleeve,4,82.62,330.48
INV-102294,CUST-0262,2026-01-12 08:29:16,Computer Accessories,Custom Mechanical RGB Keyboard,1,172.13,172.13
INV-100982,CUST-0171,2026-01-12 08:40:52,Electronics & Audio,Thunderbolt 4 Docking Station,5,205.03,1025.15
INV-100603,CUST-0089,2026-01-12 09:39:56,Computer Accessories,Ergonomic Multi-Device Wireless Mouse,2,89.91,179.82
INV-101301,CUST-0353,2026-01-12 11:10:36,Apparel & Lifestyle,Full-Grain Leather Briefcase Sleeve,1,83.81,83.81
INV-102955,CUST-0085,2026-01-12 11:56:59,Computer Accessories,Premium Aluminum Monitor Arm,5,69.01,345.05
INV-100603,CUST-0089,2026-01-12 17:34:36,Smart Office & Furniture,Smart LED Desk Bar Lamp,3,55.86,167.58
INV-102025,CUST-0165,2026-01-13 11:19:21,Wearables & Fitness,Heart Rate Performance Sensor Band,2,87.0,174.0
INV-100745,CUST-0003,2026-01-13 12:22:43,Smart Office & Furniture,Smart LED Desk Bar Lamp,1,54.37,54.37
INV-103028,CUST-0044,2026-01-13 12:25:32,Wearables & Fitness,Heart Rate Performance Sensor Band,2,94.41,188.82
INV-101848,CUST-0255,2026-01-13 12:30:08,Smart Office & Furniture,Ergonomic Lumbar Executive Chair,3,276.36,829.08
INV-100745,CUST-0003,2026-01-13 13:27:07,Smart Office & Furniture,Smart LED Desk Bar Lamp,1,56.34,56.34
INV-102170,CUST-0297,2026-01-13 16:09:55,Specialty Gourmet,Single-Origin Espresso Bean Subscription (1kg),1,33.05,33.05
INV-101848,CUST-0255,2026-01-13 17:02:20,Computer Accessories,Ergonomic Multi-Device Wireless Mouse,4,77.69,310.76
INV-103027,CUST-0044,2026-01-13 19:27:13,Smart Office & Furniture,Motorized Standing Desk Frame,1,413.22,413.22
INV-103599,CUST-0410,2026-01-13 19:44:27,Smart Office & Furniture,Smart LED Desk Bar Lamp,6,58.33,349.98
INV-101107,CUST-0314,2026-01-13 20:37:08,Wearables & Fitness,Titanium GPS Smart Fitness Watch,6,282.14,1692.84
INV-100745,CUST-0003,2026-01-13 21:57:32,Computer Accessories,Custom Mechanical RGB Keyboard,2,160.7,321.4
INV-101350,CUST-0315,2026-01-14 09:11:41,Apparel & Lifestyle,Full-Grain Leather Briefcase Sleeve,2,86.02,172.04
INV-101337,CUST-0228,2026-01-14 13:01:20,Wearables & Fitness,Heart Rate Performance Sensor Band,3,87.54,262.62
INV-100829,CUST-0164,2026-01-14 14:56:24,Apparel & Lifestyle,Thermal Double-Wall Stainless Flask,4,38.71,154.84
INV-101492,CUST-0039,2026-01-14 15:22:57,Apparel & Lifestyle,Full-Grain Leather Briefcase Sleeve,1,82.02,82.02
INV-102250,CUST-0448,2026-01-14 15:29:36,Apparel & Lifestyle,Thermal Double-Wall Stainless Flask,2,42.5,85.0
INV-101854,CUST-0219,2026-01-14 20:25:18,Apparel & Lifestyle,Full-Grain Leather Briefcase Sleeve,4,83.09,332.36
INV-101350,CUST-0315,2026-01-14 20:44:47,Smart Office & Furniture,Motorized Standing Desk Frame,3,378.6,1135.8
INV-100284,CUST-0305,2026-01-14 22:02:00,Apparel & Lifestyle,Full-Grain Leather Briefcase Sleeve,1,96.13,96.13
INV-100179,CUST-0145,2026-01-14 22:20:08,Electronics & Audio,4K Curved Ultra-Wide Gaming Monitor,1,570.28,570.28
INV-101350,CUST-0315,2026-01-14 22:56:47,Apparel & Lifestyle,Full-Grain Leather Briefcase Sleeve,3,84.77,254.31
INV-103659,CUST-0047,2026-01-15 09:34:05,Specialty Gourmet,Single-Origin Espresso Bean Subscription (1kg),4,40.11,160.44
INV-103109,CUST-0010,2026-01-15 09:53:54,Specialty Gourmet,Single-Origin Espresso Bean Subscription (1kg),3,34.27,102.81
INV-103193,CUST-0192,2026-01-15 10:59:55,Smart Office & Furniture,Motorized Standing Desk Frame,5,406.31,2031.55
INV-103587,CUST-0306,2026-01-15 11:03:48,Electronics & Audio,Thunderbolt 4 Docking Station,6,233.88,1403.28
INV-103109,CUST-0010,2026-01-15 11:12:58,Apparel & Lifestyle,Thermal Double-Wall Stainless Flask,3,36.31,108.93
INV-103659,CUST-0047,2026-01-15 14:47:58,Electronics & Audio,4K Curved Ultra-Wide Gaming Monitor,4,601.62,2406.48
INV-102595,CUST-0365,2026-01-15 16:09:58,Computer Accessories,Premium Aluminum Monitor Arm,5,69.21,346.05
INV-103659,CUST-0047,2026-01-15 17:36:49,Apparel & Lifestyle,Thermal Double-Wall Stainless Flask,2,43.54,87.08
INV-101752,CUST-0032,2026-01-15 17:50:22,Wearables & Fitness,Titanium GPS Smart Fitness Watch,2,246.84,493.68
INV-101418,CUST-0279,2026-01-15 17:51:56,Apparel & Lifestyle,Full-Grain Leather Briefcase Sleeve,3,83.85,251.55
INV-103398,CUST-0387,2026-01-15 18:30:36,Computer Accessories,Ergonomic Multi-Device Wireless Mouse,6,96.68,580.08
INV-102595,CUST-0365,2026-01-15 19:31:04,Wearables & Fitness,Heart Rate Performance Sensor Band,4,95.29,381.16
INV-102117,CUST-0295,2026-01-15 20:16:55,Smart Office & Furniture,Motorized Standing Desk Frame,3,394.36,1183.08
INV-100485,CUST-0146,2026-01-16 08:29:31,Computer Accessories,Custom Mechanical RGB Keyboard,5,168.49,842.45
INV-100830,CUST-0164,2026-01-16 09:08:48,Specialty Gourmet,Single-Origin Espresso Bean Subscription (1kg),3,35.05,105.15
INV-100618,CUST-0403,2026-01-16 15:59:20,Electronics & Audio,Noise-Cancelling Studio Pro Headphones,4,337.08,1348.32
INV-100464,CUST-0154,2026-01-16 16:08:13,Computer Accessories,Ergonomic Multi-Device Wireless Mouse,5,86.69,433.45
INV-100367,CUST-0035,2026-01-16 18:45:03,Apparel & Lifestyle,Thermal Double-Wall Stainless Flask,5,39.96,199.8
INV-103553,CUST-0196,2026-01-16 21:07:13,Computer Accessories,Ergonomic Multi-Device Wireless Mouse,4,94.78,379.12
INV-102722,CUST-0405,2026-01-16 22:42:26,Computer Accessories,Ergonomic Multi-Device Wireless Mouse,3,81.99,245.97
INV-100580,CUST-0008,2026-01-17 08:08:06,Computer Accessories,Custom Mechanical RGB Keyboard,2,170.61,341.22
INV-100165,CUST-0121,2026-01-17 09:50:34,Electronics & Audio,Noise-Cancelling Studio Pro Headphones,6,326.25,1957.5
INV-100580,CUST-0008,2026-01-17 10:48:26,Computer Accessories,Custom Mechanical RGB Keyboard,1,159.98,159.98
INV-101550,CUST-0134,2026-01-17 13:46:53,Wearables & Fitness,Heart Rate Performance Sensor Band,3,88.92,266.76
INV-101550,CUST-0134,2026-01-17 13:47:26,Computer Accessories,Custom Mechanical RGB Keyboard,4,146.62,586.48
INV-100387,CUST-0160,2026-01-17 14:13:26,Wearables & Fitness,Titanium GPS Smart Fitness Watch,3,266.97,800.91
INV-101550,CUST-0134,2026-01-17 14:33:42,Computer Accessories,Custom Mechanical RGB Keyboard,3,150.57,451.71
INV-100165,CUST-0121,2026-01-17 14:52:13,Apparel & Lifestyle,Thermal Double-Wall Stainless Flask,4,38.71,154.84
INV-100541,CUST-0101,2026-01-17 15:29:32,Specialty Gourmet,Single-Origin Espresso Bean Subscription (1kg),5,36.55,182.75
INV-100165,CUST-0121,2026-01-17 15:40:42,Computer Accessories,Ergonomic Multi-Device Wireless Mouse,6,85.03,510.18
INV-100580,CUST-0008,2026-01-17 16:10:28,Electronics & Audio,Noise-Cancelling Studio Pro Headphones,2,335.17,670.34
INV-101034,CUST-0423,2026-01-17 17:24:52,Computer Accessories,Custom Mechanical RGB Keyboard,3,170.43,511.29
INV-102676,CUST-0293,2026-01-17 20:17:49,Electronics & Audio,4K Curved Ultra-Wide Gaming Monitor,2,537.86,1075.72
INV-100060,CUST-0180,2026-01-17 22:30:55,Computer Accessories,Custom Mechanical RGB Keyboard,5,168.62,843.1
INV-101034,CUST-0423,2026-01-17 22:38:12,Apparel & Lifestyle,Full-Grain Leather Briefcase Sleeve,1,93.96,93.96
INV-101052,CUST-0364,2026-01-18 08:47:46,Smart Office & Furniture,Smart LED Desk Bar Lamp,1,55.3,55.3
INV-100983,CUST-0171,2026-01-18 10:16:01,Computer Accessories,Premium Aluminum Monitor Arm,6,73.59,441.54
INV-100299,CUST-0292,2026-01-18 12:35:33,Computer Accessories,Premium Aluminum Monitor Arm,6,73.59,441.54
INV-103372,CUST-0081,2026-01-18 13:56:05,Electronics & Audio,4K Curved Ultra-Wide Gaming Monitor,2,575.73,1151.46
INV-100783,CUST-0352,2026-01-18 15:35:26,Specialty Gourmet,Single-Origin Espresso Bean Subscription (1kg),3,34.49,103.47
INV-101459,CUST-0324,2026-01-18 16:55:48,Computer Accessories,Custom Mechanical RGB Keyboard,3,154.79,464.37
INV-101302,CUST-0353,2026-01-18 17:56:50,Wearables & Fitness,Heart Rate Performance Sensor Band,3,85.6,256.8
INV-101251,CUST-0130,2026-01-18 18:57:55,Computer Accessories,Custom Mechanical RGB Keyboard,3,154.04,462.12
INV-102349,CUST-0354,2026-01-18 20:01:22,Specialty Gourmet,Single-Origin Espresso Bean Subscription (1kg),4,36.66,146.64
INV-101459,CUST-0324,2026-01-18 21:46:42,Computer Accessories,Custom Mechanical RGB Keyboard,2,150.81,301.62
INV-103399,CUST-0387,2026-01-18 22:21:44,Apparel & Lifestyle,Thermal Double-Wall Stainless Flask,2,43.66,87.32
INV-101251,CUST-0130,2026-01-18 22:46:15,Apparel & Lifestyle,Thermal Double-Wall Stainless Flask,3,35.89,107.67
INV-103399,CUST-0387,2026-01-18 22:50:54,Electronics & Audio,Thunderbolt 4 Docking Station,5,235.31,1176.55
INV-101816,CUST-0351,2026-01-19 10:43:40,Computer Accessories,Ergonomic Multi-Device Wireless Mouse,1,79.25,79.25
INV-101780,CUST-0197,2026-01-19 12:40:57,Electronics & Audio,Thunderbolt 4 Docking Station,3,194.8,584.4
INV-100124,CUST-0007,2026-01-19 13:06:05,Electronics & Audio,4K Curved Ultra-Wide Gaming Monitor,6,544.05,3264.3
INV-101610,CUST-0209,2026-01-19 14:35:34,Smart Office & Furniture,Smart LED Desk Bar Lamp,4,50.7,202.8
INV-103034,CUST-0375,2026-01-19 15:26:35,Electronics & Audio,Thunderbolt 4 Docking Station,2,198.6,397.2
INV-100812,CUST-0263,2026-01-19 15:46:39,Wearables & Fitness,Heart Rate Performance Sensor Band,3,96.77,290.31
INV-103034,CUST-0375,2026-01-19 15:47:29,Apparel & Lifestyle,Thermal Double-Wall Stainless Flask,3,38.85,116.55
INV-101151,CUST-0428,2026-01-19 16:13:31,Electronics & Audio,Thunderbolt 4 Docking Station,1,183.08,183.08
INV-103124,CUST-0251,2026-01-19 17:16:41,Electronics & Audio,Noise-Cancelling Studio Pro Headphones,3,310.03,930.09
INV-103837,CUST-0339,2026-01-19 17:24:24,Specialty Gourmet,Single-Origin Espresso Bean Subscription (1kg),2,31.53,63.06
INV-102942,CUST-0348,2026-01-19 17:43:42,Smart Office & Furniture,Motorized Standing Desk Frame,1,390.62,390.62
INV-103660,CUST-0047,2026-01-19 19:23:02,Computer Accessories,Custom Mechanical RGB Keyboard,5,181.79,908.95
INV-103837,CUST-0339,2026-01-19 20:33:04,Apparel & Lifestyle,Thermal Double-Wall Stainless Flask,2,34.66,69.32
INV-100124,CUST-0007,2026-01-19 20:40:09,Apparel & Lifestyle,Full-Grain Leather Briefcase Sleeve,2,92.6,185.2
INV-103034,CUST-0375,2026-01-19 21:01:48,Apparel & Lifestyle,Full-Grain Leather Briefcase Sleeve,3,91.95,275.85
INV-102723,CUST-0405,2026-01-20 09:18:02,Wearables & Fitness,Heart Rate Performance Sensor Band,3,93.7,281.1
INV-102047,CUST-0056,2026-01-20 09:26:43,Electronics & Audio,Noise-Cancelling Studio Pro Headphones,2,311.77,623.54
INV-102617,CUST-0289,2026-01-20 09:36:47,Smart Office & Furniture,Ergonomic Lumbar Executive Chair,2,278.14,556.28
INV-102227,CUST-0420,2026-01-20 10:19:28,Computer Accessories,Premium Aluminum Monitor Arm,2,73.32,146.64
INV-101855,CUST-0219,2026-01-20 12:36:51,Electronics & Audio,Noise-Cancelling Studio Pro Headphones,3,294.26,882.78
INV-101528,CUST-0051,2026-01-20 13:32:24,Apparel & Lifestyle,Thermal Double-Wall Stainless Flask,3,35.33,105.99
INV-100522,CUST-0062,2026-01-20 13:35:41,Electronics & Audio,Thunderbolt 4 Docking Station,6,213.4,1280.4
INV-102617,CUST-0289,2026-01-20 15:18:34,Apparel & Lifestyle,Thermal Double-Wall Stainless Flask,4,38.3,153.2
INV-101528,CUST-0051,2026-01-20 16:00:58,Smart Office & Furniture,Smart LED Desk Bar Lamp,4,48.84,195.36
INV-102131,CUST-0329,2026-01-20 19:08:02,Apparel & Lifestyle,Thermal Double-Wall Stainless Flask,2,37.25,74.5
INV-102723,CUST-0405,2026-01-20 19:16:05,Computer Accessories,Custom Mechanical RGB Keyboard,5,158.06,790.3
INV-101551,CUST-0134,2026-01-20 19:57:48,Specialty Gourmet,Single-Origin Espresso Bean Subscription (1kg),4,31.6,126.4
INV-102494,CUST-0061,2026-01-20 20:11:59,Computer Accessories,Ergonomic Multi-Device Wireless Mouse,1,92.88,92.88
INV-103110,CUST-0010,2026-01-20 22:33:25,Computer Accessories,Custom Mechanical RGB Keyboard,2,155.91,311.82
INV-101551,CUST-0134,2026-01-20 22:50:32,Computer Accessories,Custom Mechanical RGB Keyboard,2,152.58,305.16
INV-102494,CUST-0061,2026-01-20 22:56:16,Electronics & Audio,Thunderbolt 4 Docking Station,4,212.6,850.4
INV-100972,CUST-0046,2026-01-20 22:56:41,Wearables & Fitness,Titanium GPS Smart Fitness Watch,1,275.8,275.8
INV-100890,CUST-0383,2026-01-21 10:52:31,Electronics & Audio,Thunderbolt 4 Docking Station,3,200.22,600.66
INV-101766,CUST-0073,2026-01-21 10:59:01,Electronics & Audio,Noise-Cancelling Studio Pro Headphones,3,294.85,884.55
INV-102596,CUST-0365,2026-01-21 11:44:46,Smart Office & Furniture,Smart LED Desk Bar Lamp,1,54.54,54.54
INV-102990,CUST-0065,2026-01-21 12:57:00,Apparel & Lifestyle,Thermal Double-Wall Stainless Flask,2,37.6,75.2
INV-102069,CUST-0179,2026-01-21 14:14:42,Specialty Gourmet,Single-Origin Espresso Bean Subscription (1kg),1,32.38,32.38
INV-102956,CUST-0085,2026-01-21 14:34:36,Smart Office & Furniture,Ergonomic Lumbar Executive Chair,3,286.17,858.51
INV-103163,CUST-0277,2026-01-21 15:58:30,Smart Office & Furniture,Smart LED Desk Bar Lamp,4,54.25,217.0
INV-102596,CUST-0365,2026-01-21 16:03:24,Smart Office & Furniture,Smart LED Desk Bar Lamp,3,50.67,152.01
INV-102912,CUST-0386,2026-01-21 16:54:06,Wearables & Fitness,Heart Rate Performance Sensor Band,2,93.25,186.5
INV-100166,CUST-0121,2026-01-21 17:08:36,Computer Accessories,Ergonomic Multi-Device Wireless Mouse,3,86.75,260.25
INV-101766,CUST-0073,2026-01-21 17:45:04,Wearables & Fitness,Titanium GPS Smart Fitness Watch,3,258.82,776.46
INV-102596,CUST-0365,2026-01-21 18:34:54,Computer Accessories,Custom Mechanical RGB Keyboard,4,151.92,607.68
INV-100890,CUST-0383,2026-01-21 19:25:44,Computer Accessories,Premium Aluminum Monitor Arm,6,69.3,415.8
INV-103015,CUST-0249,2026-01-21 19:43:11,Wearables & Fitness,Heart Rate Performance Sensor Band,3,93.92,281.76
INV-100221,CUST-0174,2026-01-21 19:44:18,Wearables & Fitness,Titanium GPS Smart Fitness Watch,2,271.24,542.48
INV-102843,CUST-0183,2026-01-21 20:32:18,Apparel & Lifestyle,Full-Grain Leather Briefcase Sleeve,1,86.54,86.54
INV-102990,CUST-0065,2026-01-21 22:15:11,Apparel & Lifestyle,Full-Grain Leather Briefcase Sleeve,1,88.62,88.62
INV-102069,CUST-0179,2026-01-21 22:43:57,Computer Accessories,Custom Mechanical RGB Keyboard,4,146.7,586.8
INV-102912,CUST-0386,2026-01-21 22:48:26,Computer Accessories,Ergonomic Multi-Device Wireless Mouse,4,85.23,340.92
INV-102180,CUST-0098,2026-01-22 08:47:44,Electronics & Audio,Noise-Cancelling Studio Pro Headphones,4,298.12,1192.48
INV-100771,CUST-0060,2026-01-22 09:35:22,Computer Accessories,Ergonomic Multi-Device Wireless Mouse,6,87.81,526.86
INV-101890,CUST-0321,2026-01-22 12:25:26,Wearables & Fitness,Titanium GPS Smart Fitness Watch,1,239.68,239.68
INV-102643,CUST-0436,2026-01-22 13:21:40,Smart Office & Furniture,Smart LED Desk Bar Lamp,2,50.81,101.62
INV-100107,CUST-0170,2026-01-22 14:18:09,Smart Office & Furniture,Smart LED Desk Bar Lamp,5,55.34,276.7
INV-100771,CUST-0060,2026-01-22 14:30:36,Computer Accessories,Ergonomic Multi-Device Wireless Mouse,1,90.49,90.49
INV-100136,CUST-0110,2026-01-22 14:34:32,Smart Office & Furniture,Ergonomic Lumbar Executive Chair,5,302.0,1510.0
INV-101696,CUST-0246,2026-01-22 16:00:09,Specialty Gourmet,Single-Origin Espresso Bean Subscription (1kg),2,32.83,65.66
INV-102922,CUST-0247,2026-01-22 17:39:04,Computer Accessories,Premium Aluminum Monitor Arm,4,67.54,270.16
INV-102358,CUST-0404,2026-01-22 18:55:53,Smart Office & Furniture,Ergonomic Lumbar Executive Chair,2,317.72,635.44
INV-101696,CUST-0246,2026-01-22 18:59:35,Electronics & Audio,Thunderbolt 4 Docking Station,2,193.41,386.82
INV-101696,CUST-0246,2026-01-22 19:49:35,Computer Accessories,Ergonomic Multi-Device Wireless Mouse,1,78.8,78.8
INV-101890,CUST-0321,2026-01-22 19:54:30,Electronics & Audio,4K Curved Ultra-Wide Gaming Monitor,2,512.2,1024.4
INV-102643,CUST-0436,2026-01-22 20:10:53,Electronics & Audio,Noise-Cancelling Studio Pro Headphones,2,321.03,642.06
INV-100771,CUST-0060,2026-01-22 22:21:50,Computer Accessories,Custom Mechanical RGB Keyboard,3,165.86,497.58
INV-103380,CUST-0223,2026-01-23 09:31:26,Computer Accessories,Ergonomic Multi-Device Wireless Mouse,4,97.64,390.56
INV-100619,CUST-0403,2026-01-23 13:41:45,Specialty Gourmet,Single-Origin Espresso Bean Subscription (1kg),5,37.11,185.55
INV-101518,CUST-0234,2026-01-23 14:11:20,Electronics & Audio,Noise-Cancelling Studio Pro Headphones,4,303.5,1214.0
INV-102181,CUST-0098,2026-01-23 14:12:55,Electronics & Audio,4K Curved Ultra-Wide Gaming Monitor,3,486.76,1460.28
INV-103380,CUST-0223,2026-01-23 14:53:44,Electronics & Audio,Noise-Cancelling Studio Pro Headphones,4,349.7,1398.8
INV-102181,CUST-0098,2026-01-23 19:10:34,Apparel & Lifestyle,Full-Grain Leather Briefcase Sleeve,3,87.97,263.91
INV-100542,CUST-0101,2026-01-23 20:18:18,Wearables & Fitness,Titanium GPS Smart Fitness Watch,3,283.99,851.97
INV-100542,CUST-0101,2026-01-23 22:38:47,Computer Accessories,Ergonomic Multi-Device Wireless Mouse,2,84.62,169.24
INV-102397,CUST-0169,2026-01-24 08:13:37,Electronics & Audio,Thunderbolt 4 Docking Station,4,225.86,903.44
INV-101981,CUST-0140,2026-01-24 09:35:54,Apparel & Lifestyle,Thermal Double-Wall Stainless Flask,4,34.6,138.4
INV-101964,CUST-0268,2026-01-24 10:17:08,Electronics & Audio,4K Curved Ultra-Wide Gaming Monitor,4,507.4,2029.6
INV-102147,CUST-0068,2026-01-24 15:41:40,Apparel & Lifestyle,Full-Grain Leather Briefcase Sleeve,1,87.26,87.26
INV-101004,CUST-0269,2026-01-24 21:14:03,Electronics & Audio,Thunderbolt 4 Docking Station,4,204.16,816.64
INV-101004,CUST-0269,2026-01-24 21:35:59,Apparel & Lifestyle,Thermal Double-Wall Stainless Flask,4,38.47,153.88
INV-101632,CUST-0067,2026-01-25 09:05:05,Computer Accessories,Ergonomic Multi-Device Wireless Mouse,4,82.16,328.64
INV-100486,CUST-0146,2026-01-25 09:38:38,Electronics & Audio,Noise-Cancelling Studio Pro Headphones,4,327.62,1310.48
INV-102668,CUST-0142,2026-01-25 09:57:13,Apparel & Lifestyle,Thermal Double-Wall Stainless Flask,5,37.93,189.65
INV-101053,CUST-0364,2026-01-25 10:15:41,Smart Office & Furniture,Ergonomic Lumbar Executive Chair,6,309.22,1855.32
INV-102668,CUST-0142,2026-01-25 11:17:39,Electronics & Audio,Noise-Cancelling Studio Pro Headphones,2,319.53,639.06
INV-102361,CUST-0427,2026-01-25 11:43:38,Electronics & Audio,Thunderbolt 4 Docking Station,2,211.47,422.94
INV-101108,CUST-0314,2026-01-25 12:05:19,Computer Accessories,Custom Mechanical RGB Keyboard,5,161.02,805.1
INV-101188,CUST-0189,2026-01-25 12:17:31,Electronics & Audio,4K Curved Ultra-Wide Gaming Monitor,3,485.65,1456.95
INV-101189,CUST-0189,2026-01-25 12:38:48,Specialty Gourmet,Single-Origin Espresso Bean Subscription (1kg),3,33.64,100.92
INV-100840,CUST-0382,2026-01-25 13:37:01,Computer Accessories,Premium Aluminum Monitor Arm,6,71.16,426.96
INV-101108,CUST-0314,2026-01-25 15:34:11,Electronics & Audio,Thunderbolt 4 Docking Station,5,215.57,1077.85
INV-100108,CUST-0170,2026-01-25 15:35:41,Computer Accessories,Custom Mechanical RGB Keyboard,5,169.39,846.95
INV-103194,CUST-0192,2026-01-25 15:38:23,Computer Accessories,Custom Mechanical RGB Keyboard,4,162.41,649.64
INV-102361,CUST-0427,2026-01-25 15:49:07,Wearables & Fitness,Titanium GPS Smart Fitness Watch,4,280.65,1122.6
INV-102668,CUST-0142,2026-01-25 16:14:57,Apparel & Lifestyle,Thermal Double-Wall Stainless Flask,4,39.23,156.92
INV-100973,CUST-0046,2026-01-25 16:39:21,Computer Accessories,Custom Mechanical RGB Keyboard,1,159.38,159.38
INV-100486,CUST-0146,2026-01-25 17:42:30,Smart Office & Furniture,Smart LED Desk Bar Lamp,4,53.84,215.36
INV-100973,CUST-0046,2026-01-25 20:12:34,Smart Office & Furniture,Ergonomic Lumbar Executive Chair,3,307.95,923.85
INV-100840,CUST-0382,2026-01-25 20:25:48,Apparel & Lifestyle,Thermal Double-Wall Stainless Flask,4,39.36,157.44
INV-103194,CUST-0192,2026-01-25 20:35:30,Apparel & Lifestyle,Full-Grain Leather Briefcase Sleeve,2,92.33,184.66
INV-100465,CUST-0154,2026-01-25 21:08:19,Wearables & Fitness,Titanium GPS Smart Fitness Watch,6,280.48,1682.88
INV-103194,CUST-0192,2026-01-25 21:28:56,Smart Office & Furniture,Motorized Standing Desk Frame,1,402.98,402.98
INV-102207,CUST-0266,2026-01-25 21:47:06,Wearables & Fitness,Titanium GPS Smart Fitness Watch,4,280.9,1123.6
INV-100974,CUST-0046,2026-01-25 22:23:28,Computer Accessories,Custom Mechanical RGB Keyboard,5,171.26,856.3
INV-100974,CUST-0046,2026-01-25 22:56:48,Electronics & Audio,Noise-Cancelling Studio Pro Headphones,5,335.58,1677.9
INV-102712,CUST-0417,2026-01-26 08:35:57,Smart Office & Furniture,Ergonomic Lumbar Executive Chair,5,298.08,1490.4
INV-102528,CUST-0009,2026-01-26 11:38:42,Apparel & Lifestyle,Thermal Double-Wall Stainless Flask,4,38.31,153.24
INV-100086,CUST-0331,2026-01-26 13:44:04,Computer Accessories,Custom Mechanical RGB Keyboard,1,158.99,158.99
INV-100007,CUST-0038,2026-01-26 14:05:23,Electronics & Audio,Noise-Cancelling Studio Pro Headphones,5,326.66,1633.3
INV-103669,CUST-0253,2026-01-26 18:05:10,Specialty Gourmet,Single-Origin Espresso Bean Subscription (1kg),5,38.43,192.15
INV-100604,CUST-0089,2026-01-26 18:23:56,Specialty Gourmet,Single-Origin Espresso Bean Subscription (1kg),5,37.02,185.1
INV-102035,CUST-0015,2026-01-26 20:07:32,Computer Accessories,Premium Aluminum Monitor Arm,1,64.16,64.16
INV-103669,CUST-0253,2026-01-26 21:23:04,Wearables & Fitness,Heart Rate Performance Sensor Band,5,107.59,537.95
INV-101207,CUST-0150,2026-01-27 08:19:28,Apparel & Lifestyle,Full-Grain Leather Briefcase Sleeve,3,85.93,257.79
INV-102761,CUST-0133,2026-01-27 08:43:14,Specialty Gourmet,Single-Origin Espresso Bean Subscription (1kg),5,34.51,172.55
INV-103670,CUST-0253,2026-01-27 09:34:05,Smart Office & Furniture,Smart LED Desk Bar Lamp,2,61.58,123.16
INV-102056,CUST-0076,2026-01-27 09:43:32,Specialty Gourmet,Single-Origin Espresso Bean Subscription (1kg),3,32.95,98.85
INV-100700,CUST-0421,2026-01-27 11:16:44,Wearables & Fitness,Heart Rate Performance Sensor Band,1,101.61,101.61
INV-102782,CUST-0385,2026-01-27 12:34:49,Computer Accessories,Custom Mechanical RGB Keyboard,2,157.49,314.98
INV-102328,CUST-0290,2026-01-27 13:06:35,Specialty Gourmet,Single-Origin Espresso Bean Subscription (1kg),2,37.53,75.06
INV-102056,CUST-0076,2026-01-27 16:44:20,Wearables & Fitness,Heart Rate Performance Sensor Band,3,92.14,276.42
INV-102316,CUST-0393,2026-01-27 21:58:35,Specialty Gourmet,Single-Origin Espresso Bean Subscription (1kg),1,38.7,38.7
INV-101997,CUST-0336,2026-01-28 10:51:36,Specialty Gourmet,Single-Origin Espresso Bean Subscription (1kg),2,33.31,66.62
INV-101152,CUST-0428,2026-01-28 11:33:57,Specialty Gourmet,Single-Origin Espresso Bean Subscription (1kg),3,33.46,100.38
INV-101152,CUST-0428,2026-01-28 12:23:49,Apparel & Lifestyle,Thermal Double-Wall Stainless Flask,2,35.84,71.68
INV-102852,CUST-0373,2026-01-28 12:30:42,Apparel & Lifestyle,Full-Grain Leather Briefcase Sleeve,1,88.26,88.26
INV-101174,CUST-0366,2026-01-28 13:14:29,Computer Accessories,Ergonomic Multi-Device Wireless Mouse,2,81.81,163.62
INV-101997,CUST-0336,2026-01-28 13:44:18,Wearables & Fitness,Heart Rate Performance Sensor Band,3,89.44,268.32
INV-101849,CUST-0255,2026-01-28 18:35:15,Electronics & Audio,4K Curved Ultra-Wide Gaming Monitor,4,494.31,1977.24
INV-102852,CUST-0373,2026-01-28 19:00:29,Wearables & Fitness,Titanium GPS Smart Fitness Watch,2,271.57,543.14
INV-102775,CUST-0231,2026-01-28 20:13:14,Computer Accessories,Premium Aluminum Monitor Arm,1,66.31,66.31
INV-100784,CUST-0352,2026-01-28 22:01:17,Electronics & Audio,Noise-Cancelling Studio Pro Headphones,6,322.96,1937.76
INV-102644,CUST-0436,2026-01-28 22:02:22,Apparel & Lifestyle,Thermal Double-Wall Stainless Flask,3,37.62,112.86
INV-102844,CUST-0183,2026-01-28 22:24:12,Electronics & Audio,Thunderbolt 4 Docking Station,4,201.4,805.6
INV-102317,CUST-0393,2026-01-29 08:01:58,Specialty Gourmet,Single-Origin Espresso Bean Subscription (1kg),4,36.61,146.44
INV-100285,CUST-0305,2026-01-29 17:17:56,Wearables & Fitness,Heart Rate Performance Sensor Band,3,100.99,302.97
INV-100285,CUST-0305,2026-01-29 21:21:11,Computer Accessories,Custom Mechanical RGB Keyboard,6,159.62,957.72
INV-100581,CUST-0008,2026-01-30 09:45:41,Computer Accessories,Premium Aluminum Monitor Arm,1,69.13,69.13
INV-102221,CUST-0043,2026-01-30 10:18:21,Computer Accessories,Ergonomic Multi-Device Wireless Mouse,4,94.31,377.24
INV-101856,CUST-0219,2026-01-30 13:15:42,Electronics & Audio,Thunderbolt 4 Docking Station,1,184.38,184.38
INV-101529,CUST-0051,2026-01-30 13:57:16,Computer Accessories,Custom Mechanical RGB Keyboard,3,148.0,444.0
INV-103131,CUST-0166,2026-01-30 14:34:21,Wearables & Fitness,Heart Rate Performance Sensor Band,4,92.02,368.08
INV-102108,CUST-0371,2026-01-30 14:35:29,Electronics & Audio,Noise-Cancelling Studio Pro Headphones,1,288.02,288.02
INV-100891,CUST-0383,2026-01-30 14:41:18,Electronics & Audio,4K Curved Ultra-Wide Gaming Monitor,6,545.29,3271.74
INV-100581,CUST-0008,2026-01-30 15:05:00,Wearables & Fitness,Heart Rate Performance Sensor Band,2,94.11,188.22
INV-101419,CUST-0279,2026-01-30 17:03:45,Computer Accessories,Premium Aluminum Monitor Arm,3,66.37,199.11
INV-101280,CUST-0239,2026-01-30 17:07:22,Smart Office & Furniture,Ergonomic Lumbar Executive Chair,3,277.99,833.97
INV-101856,CUST-0219,2026-01-30 17:11:28,Apparel & Lifestyle,Full-Grain Leather Briefcase Sleeve,4,81.62,326.48
INV-101493,CUST-0039,2026-01-30 18:05:20,Apparel & Lifestyle,Thermal Double-Wall Stainless Flask,1,37.37,37.37
INV-101724,CUST-0356,2026-01-30 20:02:20,Computer Accessories,Custom Mechanical RGB Keyboard,3,150.01,450.03
INV-101856,CUST-0219,2026-01-30 21:55:37,Smart Office & Furniture,Smart LED Desk Bar Lamp,4,50.4,201.6
INV-103600,CUST-0410,2026-01-30 22:43:11,Computer Accessories,Ergonomic Multi-Device Wireless Mouse,5,98.68,493.4
INV-101493,CUST-0039,2026-01-30 22:45:28,Wearables & Fitness,Titanium GPS Smart Fitness Watch,1,252.47,252.47
INV-102605,CUST-0019,2026-01-31 08:32:49,Smart Office & Furniture,Smart LED Desk Bar Lamp,5,54.58,272.9
INV-102182,CUST-0098,2026-01-31 10:17:15,Computer Accessories,Ergonomic Multi-Device Wireless Mouse,1,78.79,78.79
INV-102171,CUST-0297,2026-01-31 12:57:00,Smart Office & Furniture,Motorized Standing Desk Frame,4,394.94,1579.76
INV-102266,CUST-0020,2026-01-31 13:40:57,Electronics & Audio,4K Curved Ultra-Wide Gaming Monitor,4,594.92,2379.68
INV-102749,CUST-0116,2026-01-31 17:03:43,Specialty Gourmet,Single-Origin Espresso Bean Subscription (1kg),4,33.88,135.52
INV-102403,CUST-0199,2026-01-31 17:14:47,Computer Accessories,Premium Aluminum Monitor Arm,3,71.85,215.55
INV-101494,CUST-0039,2026-01-31 17:43:04,Specialty Gourmet,Single-Origin Espresso Bean Subscription (1kg),3,33.01,99.03
INV-102057,CUST-0076,2026-01-31 17:43:39,Wearables & Fitness,Heart Rate Performance Sensor Band,4,92.2,368.8
INV-102645,CUST-0436,2026-01-31 18:56:47,Electronics & Audio,4K Curved Ultra-Wide Gaming Monitor,4,528.89,2115.56
INV-102403,CUST-0199,2026-01-31 19:10:48,Specialty Gourmet,Single-Origin Espresso Bean Subscription (1kg),2,36.26,72.52
INV-101664,CUST-0218,2026-01-31 21:24:50,Specialty Gourmet,Single-Origin Espresso Bean Subscription (1kg),3,31.28,93.84
INV-102266,CUST-0020,2026-01-31 21:52:40,Specialty Gourmet,Single-Origin Espresso Bean Subscription (1kg),2,36.88,73.76
INV-102403,CUST-0199,2026-01-31 22:22:39,Electronics & Audio,Noise-Cancelling Studio Pro Headphones,3,332.87,998.61
INV-102057,CUST-0076,2026-01-31 22:26:09,Specialty Gourmet,Single-Origin Espresso Bean Subscription (1kg),1,33.12,33.12
INV-102913,CUST-0386,2026-02-01 09:53:08,Computer Accessories,Custom Mechanical RGB Keyboard,4,154.34,617.36
INV-101054,CUST-0364,2026-02-01 12:05:59,Smart Office & Furniture,Smart LED Desk Bar Lamp,3,55.69,167.07
INV-102776,CUST-0231,2026-02-01 12:22:11,Wearables & Fitness,Titanium GPS Smart Fitness Watch,3,265.12,795.36
INV-102581,CUST-0335,2026-02-01 15:28:29,Apparel & Lifestyle,Full-Grain Leather Briefcase Sleeve,2,92.2,184.4
INV-101290,CUST-0343,2026-02-01 15:59:35,Wearables & Fitness,Heart Rate Performance Sensor Band,3,89.3,267.9
INV-102183,CUST-0098,2026-02-01 16:44:10,Specialty Gourmet,Single-Origin Espresso Bean Subscription (1kg),1,33.63,33.63
INV-102183,CUST-0098,2026-02-01 17:10:42,Smart Office & Furniture,Smart LED Desk Bar Lamp,4,51.36,205.44
INV-101054,CUST-0364,2026-02-01 20:50:24,Computer Accessories,Ergonomic Multi-Device Wireless Mouse,2,89.48,178.96
INV-101431,CUST-0094,2026-02-01 22:42:45,Specialty Gourmet,Single-Origin Espresso Bean Subscription (1kg),4,33.31,133.24
INV-101281,CUST-0239,2026-02-02 09:08:46,Smart Office & Furniture,Smart LED Desk Bar Lamp,2,48.33,96.66
INV-100388,CUST-0160,2026-02-02 09:46:17,Apparel & Lifestyle,Thermal Double-Wall Stainless Flask,6,38.74,232.44
INV-101910,CUST-0021,2026-02-02 13:14:45,Wearables & Fitness,Heart Rate Performance Sensor Band,3,85.75,257.25
INV-100503,CUST-0395,2026-02-02 13:51:58,Computer Accessories,Ergonomic Multi-Device Wireless Mouse,2,88.43,176.86
INV-101281,CUST-0239,2026-02-02 14:57:17,Computer Accessories,Premium Aluminum Monitor Arm,2,65.19,130.38
INV-100087,CUST-0331,2026-02-02 15:02:18,Electronics & Audio,Noise-Cancelling Studio Pro Headphones,1,342.82,342.82
INV-100718,CUST-0157,2026-02-02 15:20:46,Specialty Gourmet,Single-Origin Espresso Bean Subscription (1kg),6,36.1,216.6
INV-100503,CUST-0395,2026-02-02 16:34:01,Apparel & Lifestyle,Thermal Double-Wall Stainless Flask,6,40.16,240.96
INV-100388,CUST-0160,2026-02-02 17:08:36,Computer Accessories,Premium Aluminum Monitor Arm,3,70.67,212.01
INV-100560,CUST-0005,2026-02-02 18:49:49,Specialty Gourmet,Single-Origin Espresso Bean Subscription (1kg),4,36.3,145.2
INV-100504,CUST-0395,2026-02-03 13:24:40,Computer Accessories,Premium Aluminum Monitor Arm,3,72.88,218.64
INV-101998,CUST-0336,2026-02-03 14:22:08,Smart Office & Furniture,Motorized Standing Desk Frame,2,391.1,782.2
INV-100504,CUST-0395,2026-02-03 17:38:24,Specialty Gourmet,Single-Origin Espresso Bean Subscription (1kg),5,36.73,183.65
INV-102982,CUST-0066,2026-02-03 22:49:51,Apparel & Lifestyle,Thermal Double-Wall Stainless Flask,5,37.02,185.1
INV-100732,CUST-0152,2026-02-04 08:25:07,Wearables & Fitness,Heart Rate Performance Sensor Band,4,98.17,392.68
INV-102036,CUST-0015,2026-02-04 09:46:37,Smart Office & Furniture,Smart LED Desk Bar Lamp,3,50.19,150.57
INV-101982,CUST-0140,2026-02-04 09:50:29,Specialty Gourmet,Single-Origin Espresso Bean Subscription (1kg),3,33.63,100.89
INV-103574,CUST-0033,2026-02-04 12:18:39,Electronics & Audio,Thunderbolt 4 Docking Station,6,235.67,1414.02
INV-100045,CUST-0282,2026-02-04 12:24:55,Smart Office & Furniture,Ergonomic Lumbar Executive Chair,2,292.74,585.48
INV-103574,CUST-0033,2026-02-04 13:18:08,Apparel & Lifestyle,Thermal Double-Wall Stainless Flask,5,42.95,214.75
INV-103132,CUST-0166,2026-02-04 13:35:01,Computer Accessories,Custom Mechanical RGB Keyboard,3,163.37,490.11
INV-101911,CUST-0021,2026-02-04 14:07:22,Specialty Gourmet,Single-Origin Espresso Bean Subscription (1kg),1,33.25,33.25
INV-100389,CUST-0160,2026-02-04 15:08:57,Apparel & Lifestyle,Thermal Double-Wall Stainless Flask,1,38.58,38.58
INV-101338,CUST-0228,2026-02-04 17:32:28,Computer Accessories,Premium Aluminum Monitor Arm,2,66.03,132.06
INV-100389,CUST-0160,2026-02-04 19:09:30,Smart Office & Furniture,Smart LED Desk Bar Lamp,2,53.43,106.86
INV-102184,CUST-0098,2026-02-04 19:27:10,Apparel & Lifestyle,Full-Grain Leather Briefcase Sleeve,4,84.31,337.24
INV-103132,CUST-0166,2026-02-04 21:09:34,Computer Accessories,Premium Aluminum Monitor Arm,3,65.84,197.52
INV-102184,CUST-0098,2026-02-04 22:15:54,Electronics & Audio,4K Curved Ultra-Wide Gaming Monitor,4,509.23,2036.92
INV-103381,CUST-0223,2026-02-05 09:22:00,Electronics & Audio,Noise-Cancelling Studio Pro Headphones,3,354.1,1062.3
INV-102943,CUST-0348,2026-02-05 12:41:31,Apparel & Lifestyle,Full-Grain Leather Briefcase Sleeve,5,89.91,449.55
INV-101339,CUST-0228,2026-02-05 14:44:58,Computer Accessories,Ergonomic Multi-Device Wireless Mouse,1,81.7,81.7
INV-101793,CUST-0178,2026-02-05 15:34:36,Apparel & Lifestyle,Thermal Double-Wall Stainless Flask,3,34.94,104.82
INV-101611,CUST-0209,2026-02-05 16:59:26,Smart Office & Furniture,Ergonomic Lumbar Executive Chair,4,280.54,1122.16
INV-102943,CUST-0348,2026-02-05 17:00:29,Wearables & Fitness,Heart Rate Performance Sensor Band,2,95.23,190.46
INV-102983,CUST-0066,2026-02-05 17:02:41,Computer Accessories,Premium Aluminum Monitor Arm,3,69.22,207.66
INV-101611,CUST-0209,2026-02-05 17:45:53,Specialty Gourmet,Single-Origin Espresso Bean Subscription (1kg),3,33.24,99.72
INV-101339,CUST-0228,2026-02-05 19:37:30,Electronics & Audio,Thunderbolt 4 Docking Station,3,192.88,578.64
INV-101645,CUST-0213,2026-02-05 21:54:51,Computer Accessories,Custom Mechanical RGB Keyboard,1,144.58,144.58
INV-100429,CUST-0012,2026-02-05 22:58:13,Computer Accessories,Custom Mechanical RGB Keyboard,6,159.32,955.92
INV-100772,CUST-0060,2026-02-06 10:32:40,Apparel & Lifestyle,Thermal Double-Wall Stainless Flask,5,38.44,192.2
INV-101366,CUST-0224,2026-02-06 11:19:25,Specialty Gourmet,Single-Origin Espresso Bean Subscription (1kg),2,31.28,62.56
INV-100634,CUST-0363,2026-02-06 16:40:59,Specialty Gourmet,Single-Origin Espresso Bean Subscription (1kg),1,35.15,35.15
INV-100008,CUST-0038,2026-02-06 18:21:50,Computer Accessories,Ergonomic Multi-Device Wireless Mouse,1,90.27,90.27
INV-101753,CUST-0032,2026-02-06 20:07:55,Electronics & Audio,Noise-Cancelling Studio Pro Headphones,3,302.48,907.44
INV-102529,CUST-0009,2026-02-07 08:03:18,Computer Accessories,Premium Aluminum Monitor Arm,4,69.47,277.88
INV-102783,CUST-0385,2026-02-07 08:06:36,Computer Accessories,Premium Aluminum Monitor Arm,1,68.65,68.65
INV-102148,CUST-0068,2026-02-07 08:24:23,Computer Accessories,Ergonomic Multi-Device Wireless Mouse,2,82.62,165.24
INV-100935,CUST-0340,2026-02-07 09:16:43,Wearables & Fitness,Heart Rate Performance Sensor Band,2,97.12,194.24
INV-101397,CUST-0325,2026-02-07 09:37:53,Apparel & Lifestyle,Thermal Double-Wall Stainless Flask,4,34.68,138.72
INV-102783,CUST-0385,2026-02-07 11:23:39,Computer Accessories,Custom Mechanical RGB Keyboard,2,159.29,318.58
INV-101857,CUST-0219,2026-02-07 11:31:45,Smart Office & Furniture,Ergonomic Lumbar Executive Chair,4,279.81,1119.24
INV-102893,CUST-0349,2026-02-07 13:41:19,Computer Accessories,Premium Aluminum Monitor Arm,4,69.29,277.16
INV-101432,CUST-0094,2026-02-07 13:58:33,Wearables & Fitness,Titanium GPS Smart Fitness Watch,1,252.26,252.26
INV-103382,CUST-0223,2026-02-07 14:39:36,Electronics & Audio,Noise-Cancelling Studio Pro Headphones,6,373.36,2240.16
INV-102783,CUST-0385,2026-02-07 15:05:38,Electronics & Audio,Noise-Cancelling Studio Pro Headphones,2,314.72,629.44
INV-101857,CUST-0219,2026-02-07 16:58:33,Smart Office & Furniture,Smart LED Desk Bar Lamp,3,48.54,145.62
INV-102736,CUST-0031,2026-02-07 17:18:10,Electronics & Audio,Thunderbolt 4 Docking Station,4,192.96,771.84
INV-101432,CUST-0094,2026-02-07 18:12:18,Apparel & Lifestyle,Thermal Double-Wall Stainless Flask,4,36.74,146.96
INV-103156,CUST-0272,2026-02-07 20:49:44,Specialty Gourmet,Single-Origin Espresso Bean Subscription (1kg),1,34.18,34.18
INV-102148,CUST-0068,2026-02-07 21:38:59,Computer Accessories,Ergonomic Multi-Device Wireless Mouse,1,80.68,80.68
INV-101397,CUST-0325,2026-02-07 21:59:42,Smart Office & Furniture,Smart LED Desk Bar Lamp,4,50.42,201.68
INV-100109,CUST-0170,2026-02-08 10:08:46,Apparel & Lifestyle,Full-Grain Leather Briefcase Sleeve,6,95.71,574.26
INV-102991,CUST-0065,2026-02-08 10:18:48,Smart Office & Furniture,Smart LED Desk Bar Lamp,3,51.61,154.83
INV-102109,CUST-0371,2026-02-08 12:36:28,Computer Accessories,Ergonomic Multi-Device Wireless Mouse,4,79.88,319.52
INV-100746,CUST-0003,2026-02-08 13:50:22,Electronics & Audio,Thunderbolt 4 Docking Station,2,208.22,416.44
INV-102828,CUST-0407,2026-02-08 15:07:31,Computer Accessories,Premium Aluminum Monitor Arm,3,67.08,201.24
INV-100109,CUST-0170,2026-02-08 15:29:10,Computer Accessories,Ergonomic Multi-Device Wireless Mouse,6,88.89,533.34
INV-103489,CUST-0006,2026-02-08 17:59:45,Smart Office & Furniture,Smart LED Desk Bar Lamp,6,58.9,353.4
INV-102234,CUST-0379,2026-02-08 18:30:12,Smart Office & Furniture,Smart LED Desk Bar Lamp,1,56.83,56.83
INV-100582,CUST-0008,2026-02-08 20:30:44,Computer Accessories,Ergonomic Multi-Device Wireless Mouse,6,90.05,540.3
INV-100249,CUST-0242,2026-02-08 22:23:45,Electronics & Audio,Noise-Cancelling Studio Pro Headphones,1,328.84,328.84
INV-100109,CUST-0170,2026-02-08 22:56:34,Smart Office & Furniture,Smart LED Desk Bar Lamp,5,54.94,274.7
INV-103489,CUST-0006,2026-02-08 22:59:20,Smart Office & Furniture,Smart LED Desk Bar Lamp,5,60.39,301.95
INV-102435,CUST-0063,2026-02-09 09:50:37,Specialty Gourmet,Single-Origin Espresso Bean Subscription (1kg),3,38.08,114.24
INV-100950,CUST-0022,2026-02-09 10:04:23,Smart Office & Furniture,Smart LED Desk Bar Lamp,5,56.77,283.85
INV-101563,CUST-0107,2026-02-09 10:14:21,Computer Accessories,Custom Mechanical RGB Keyboard,4,144.52,578.08
INV-101858,CUST-0219,2026-02-09 13:25:46,Electronics & Audio,Thunderbolt 4 Docking Station,1,183.96,183.96
INV-100950,CUST-0022,2026-02-09 15:10:43,Specialty Gourmet,Single-Origin Espresso Bean Subscription (1kg),5,34.44,172.2
INV-102295,CUST-0262,2026-02-09 20:19:18,Computer Accessories,Premium Aluminum Monitor Arm,2,76.1,152.2
INV-103308,CUST-0257,2026-02-10 08:32:23,Computer Accessories,Ergonomic Multi-Device Wireless Mouse,4,94.44,377.76
INV-101340,CUST-0228,2026-02-10 08:40:21,Computer Accessories,Ergonomic Multi-Device Wireless Mouse,4,77.08,308.32
INV-101005,CUST-0269,2026-02-10 08:44:27,Electronics & Audio,Thunderbolt 4 Docking Station,2,206.41,412.82
INV-101891,CUST-0321,2026-02-10 08:48:04,Computer Accessories,Ergonomic Multi-Device Wireless Mouse,3,80.71,242.13
INV-101005,CUST-0269,2026-02-10 09:42:37,Apparel & Lifestyle,Full-Grain Leather Briefcase Sleeve,3,90.16,270.48
INV-101071,CUST-0097,2026-02-10 11:06:35,Wearables & Fitness,Titanium GPS Smart Fitness Watch,5,267.59,1337.95
INV-100222,CUST-0174,2026-02-10 14:54:49,Apparel & Lifestyle,Full-Grain Leather Briefcase Sleeve,6,96.86,581.16
INV-103157,CUST-0272,2026-02-10 14:58:28,Apparel & Lifestyle,Thermal Double-Wall Stainless Flask,3,36.55,109.65
INV-101340,CUST-0228,2026-02-10 15:59:18,Specialty Gourmet,Single-Origin Espresso Bean Subscription (1kg),3,32.6,97.8
INV-103308,CUST-0257,2026-02-10 17:42:00,Computer Accessories,Custom Mechanical RGB Keyboard,2,179.2,358.4
INV-100442,CUST-0355,2026-02-10 21:58:06,Smart Office & Furniture,Smart LED Desk Bar Lamp,6,55.88,335.28
INV-101071,CUST-0097,2026-02-10 22:51:55,Computer Accessories,Premium Aluminum Monitor Arm,3,72.18,216.54
INV-100635,CUST-0363,2026-02-11 09:38:48,Computer Accessories,Custom Mechanical RGB Keyboard,6,160.81,964.86
INV-103082,CUST-0158,2026-02-11 10:58:40,Smart Office & Furniture,Smart LED Desk Bar Lamp,1,53.36,53.36
INV-100583,CUST-0008,2026-02-11 14:15:11,Electronics & Audio,Thunderbolt 4 Docking Station,3,208.83,626.49
INV-102606,CUST-0019,2026-02-11 19:04:28,Computer Accessories,Ergonomic Multi-Device Wireless Mouse,4,86.36,345.44
INV-101971,CUST-0191,2026-02-11 20:25:58,Apparel & Lifestyle,Full-Grain Leather Briefcase Sleeve,1,84.71,84.71
INV-101519,CUST-0234,2026-02-11 20:36:02,Apparel & Lifestyle,Full-Grain Leather Briefcase Sleeve,3,83.8,251.4
INV-103035,CUST-0375,2026-02-11 21:30:26,Electronics & Audio,Noise-Cancelling Studio Pro Headphones,2,302.96,605.92
INV-100110,CUST-0170,2026-02-12 08:13:32,Apparel & Lifestyle,Thermal Double-Wall Stainless Flask,1,40.26,40.26
INV-103671,CUST-0253,2026-02-12 10:20:22,Electronics & Audio,Thunderbolt 4 Docking Station,3,221.86,665.58
INV-100199,CUST-0418,2026-02-12 12:14:04,Apparel & Lifestyle,Thermal Double-Wall Stainless Flask,3,39.02,117.06
INV-102404,CUST-0199,2026-02-12 17:07:52,Smart Office & Furniture,Smart LED Desk Bar Lamp,1,55.93,55.93
INV-103671,CUST-0253,2026-02-12 17:54:38,Wearables & Fitness,Heart Rate Performance Sensor Band,3,110.0,330.0
INV-100110,CUST-0170,2026-02-12 18:03:48,Specialty Gourmet,Single-Origin Espresso Bean Subscription (1kg),1,37.02,37.02
INV-101684,CUST-0011,2026-02-12 19:16:44,Specialty Gourmet,Single-Origin Espresso Bean Subscription (1kg),4,32.74,130.96
INV-100110,CUST-0170,2026-02-12 21:40:14,Smart Office & Furniture,Smart LED Desk Bar Lamp,1,54.6,54.6
INV-100137,CUST-0110,2026-02-13 09:49:15,Smart Office & Furniture,Motorized Standing Desk Frame,6,431.86,2591.16
INV-100137,CUST-0110,2026-02-13 10:41:39,Electronics & Audio,Noise-Cancelling Studio Pro Headphones,6,334.34,2006.04
INV-102333,CUST-0104,2026-02-13 12:34:45,Electronics & Audio,4K Curved Ultra-Wide Gaming Monitor,1,580.96,580.96
INV-100466,CUST-0154,2026-02-13 13:04:35,Specialty Gourmet,Single-Origin Espresso Bean Subscription (1kg),5,36.94,184.7
INV-100286,CUST-0305,2026-02-13 14:44:54,Computer Accessories,Premium Aluminum Monitor Arm,4,69.65,278.6
INV-102172,CUST-0297,2026-02-13 16:03:24,Wearables & Fitness,Titanium GPS Smart Fitness Watch,3,244.26,732.78
INV-101163,CUST-0128,2026-02-13 16:20:04,Specialty Gourmet,Single-Origin Espresso Bean Subscription (1kg),3,33.53,100.59
INV-100250,CUST-0242,2026-02-13 18:59:07,Computer Accessories,Premium Aluminum Monitor Arm,4,70.98,283.92
INV-100466,CUST-0154,2026-02-13 20:09:41,Specialty Gourmet,Single-Origin Espresso Bean Subscription (1kg),4,37.17,148.68
INV-100344,CUST-0431,2026-02-13 20:23:24,Electronics & Audio,Noise-Cancelling Studio Pro Headphones,2,330.46,660.92
INV-100137,CUST-0110,2026-02-13 20:34:38,Apparel & Lifestyle,Thermal Double-Wall Stainless Flask,3,40.24,120.72
INV-101899,CUST-0402,2026-02-13 21:57:34,Computer Accessories,Custom Mechanical RGB Keyboard,1,150.18,150.18
INV-103672,CUST-0253,2026-02-13 22:08:03,Apparel & Lifestyle,Full-Grain Leather Briefcase Sleeve,5,102.66,513.3
INV-102488,CUST-0327,2026-02-14 14:09:33,Smart Office & Furniture,Smart LED Desk Bar Lamp,1,57.28,57.28
INV-100733,CUST-0152,2026-02-14 21:42:47,Wearables & Fitness,Heart Rate Performance Sensor Band,4,99.4,397.6
INV-100268,CUST-0163,2026-02-14 22:20:48,Computer Accessories,Custom Mechanical RGB Keyboard,3,170.93,512.79
INV-102440,CUST-0122,2026-02-14 22:53:57,Electronics & Audio,Thunderbolt 4 Docking Station,4,209.21,836.84
INV-103036,CUST-0375,2026-02-15 11:19:05,Electronics & Audio,4K Curved Ultra-Wide Gaming Monitor,5,521.65,2608.25
INV-102058,CUST-0076,2026-02-15 17:43:24,Apparel & Lifestyle,Full-Grain Leather Briefcase Sleeve,1,86.07,86.07
INV-100088,CUST-0331,2026-02-15 18:26:23,Apparel & Lifestyle,Full-Grain Leather Briefcase Sleeve,6,97.08,582.48
INV-100984,CUST-0171,2026-02-15 19:44:24,Specialty Gourmet,Single-Origin Espresso Bean Subscription (1kg),5,34.62,173.1
INV-100523,CUST-0062,2026-02-16 14:15:39,Computer Accessories,Ergonomic Multi-Device Wireless Mouse,4,87.19,348.76
INV-103060,CUST-0030,2026-02-16 16:13:54,Smart Office & Furniture,Ergonomic Lumbar Executive Chair,5,281.31,1406.55
INV-101530,CUST-0051,2026-02-16 17:41:42,Wearables & Fitness,Heart Rate Performance Sensor Band,4,85.65,342.6
INV-101595,CUST-0027,2026-02-16 18:31:27,Computer Accessories,Premium Aluminum Monitor Arm,3,62.98,188.94
INV-101447,CUST-0226,2026-02-16 20:02:42,Computer Accessories,Premium Aluminum Monitor Arm,2,64.2,128.4
INV-102276,CUST-0119,2026-02-16 21:16:06,Computer Accessories,Ergonomic Multi-Device Wireless Mouse,4,91.51,366.04
INV-101175,CUST-0366,2026-02-16 22:26:23,Specialty Gourmet,Single-Origin Espresso Bean Subscription (1kg),2,32.36,64.72
INV-101673,CUST-0054,2026-02-17 09:11:36,Specialty Gourmet,Single-Origin Espresso Bean Subscription (1kg),3,32.03,96.09
INV-101673,CUST-0054,2026-02-17 09:16:49,Apparel & Lifestyle,Thermal Double-Wall Stainless Flask,1,35.6,35.6
INV-102914,CUST-0386,2026-02-17 12:56:06,Apparel & Lifestyle,Thermal Double-Wall Stainless Flask,2,38.59,77.18
INV-103164,CUST-0277,2026-02-17 15:27:06,Wearables & Fitness,Titanium GPS Smart Fitness Watch,4,264.83,1059.32
INV-102083,CUST-0040,2026-02-17 17:12:57,Apparel & Lifestyle,Thermal Double-Wall Stainless Flask,4,35.21,140.84
INV-101176,CUST-0366,2026-02-17 18:30:38,Smart Office & Furniture,Smart LED Desk Bar Lamp,1,51.65,51.65
INV-100287,CUST-0305,2026-02-17 19:46:03,Smart Office & Furniture,Motorized Standing Desk Frame,2,405.06,810.12
INV-102914,CUST-0386,2026-02-17 19:46:48,Wearables & Fitness,Heart Rate Performance Sensor Band,3,96.91,290.73
INV-102737,CUST-0031,2026-02-18 08:04:45,Electronics & Audio,Thunderbolt 4 Docking Station,3,195.54,586.62
INV-102277,CUST-0119,2026-02-18 09:22:12,Electronics & Audio,Noise-Cancelling Studio Pro Headphones,1,348.37,348.37
INV-102498,CUST-0132,2026-02-18 14:52:52,Computer Accessories,Custom Mechanical RGB Keyboard,3,173.45,520.35
INV-103180,CUST-0083,2026-02-19 08:57:36,Computer Accessories,Premium Aluminum Monitor Arm,5,67.46,337.3
INV-101321,CUST-0437,2026-02-19 10:44:59,Electronics & Audio,4K Curved Ultra-Wide Gaming Monitor,3,510.87,1532.61
INV-100841,CUST-0382,2026-02-19 13:36:40,Electronics & Audio,Noise-Cancelling Studio Pro Headphones,2,320.85,641.7
INV-101596,CUST-0027,2026-02-19 14:53:28,Smart Office & Furniture,Smart LED Desk Bar Lamp,4,50.02,200.08
INV-102198,CUST-0245,2026-02-19 15:36:39,Wearables & Fitness,Titanium GPS Smart Fitness Watch,3,276.34,829.02
INV-101321,CUST-0437,2026-02-19 16:15:15,Smart Office & Furniture,Smart LED Desk Bar Lamp,1,49.78,49.78
INV-100180,CUST-0145,2026-02-19 18:11:48,Apparel & Lifestyle,Thermal Double-Wall Stainless Flask,4,39.17,156.68
INV-101596,CUST-0027,2026-02-19 19:04:38,Computer Accessories,Ergonomic Multi-Device Wireless Mouse,2,79.09,158.18
INV-101341,CUST-0228,2026-02-19 20:46:26,Electronics & Audio,Thunderbolt 4 Docking Station,1,186.84,186.84
INV-103146,CUST-0001,2026-02-19 21:43:59,Specialty Gourmet,Single-Origin Espresso Bean Subscription (1kg),2,33.94,67.88
INV-102189,CUST-0161,2026-02-19 22:30:31,Specialty Gourmet,Single-Origin Espresso Bean Subscription (1kg),1,37.09,37.09
INV-101622,CUST-0216,2026-02-20 09:10:54,Computer Accessories,Ergonomic Multi-Device Wireless Mouse,2,76.71,153.42
INV-101238,CUST-0227,2026-02-20 10:01:55,Smart Office & Furniture,Smart LED Desk Bar Lamp,4,50.6,202.4
INV-102646,CUST-0436,2026-02-20 12:23:32,Computer Accessories,Ergonomic Multi-Device Wireless Mouse,3,82.31,246.93
INV-101238,CUST-0227,2026-02-20 12:43:07,Apparel & Lifestyle,Thermal Double-Wall Stainless Flask,4,36.56,146.24
INV-102930,CUST-0308,2026-02-20 15:41:18,Wearables & Fitness,Titanium GPS Smart Fitness Watch,4,261.18,1044.72
INV-102048,CUST-0056,2026-02-20 16:13:07,Apparel & Lifestyle,Full-Grain Leather Briefcase Sleeve,2,85.56,171.12
INV-103097,CUST-0294,2026-02-20 16:32:21,Computer Accessories,Premium Aluminum Monitor Arm,1,67.38,67.38
INV-100636,CUST-0363,2026-02-20 18:51:19,Computer Accessories,Ergonomic Multi-Device Wireless Mouse,3,90.19,270.57
INV-102329,CUST-0290,2026-02-20 20:40:20,Smart Office & Furniture,Motorized Standing Desk Frame,1,441.49,441.49
INV-102853,CUST-0373,2026-02-20 20:40:37,Electronics & Audio,Noise-Cancelling Studio Pro Headphones,1,310.82,310.82
INV-102048,CUST-0056,2026-02-20 21:38:02,Wearables & Fitness,Heart Rate Performance Sensor Band,4,87.57,350.28
INV-102381,CUST-0334,2026-02-21 08:52:32,Smart Office & Furniture,Ergonomic Lumbar Executive Chair,1,315.26,315.26
INV-102915,CUST-0386,2026-02-21 09:32:50,Smart Office & Furniture,Motorized Standing Desk Frame,5,391.26,1956.3
INV-102364,CUST-0250,2026-02-21 10:10:52,Apparel & Lifestyle,Full-Grain Leather Briefcase Sleeve,2,100.69,201.38
INV-102138,CUST-0377,2026-02-21 10:33:09,Apparel & Lifestyle,Thermal Double-Wall Stainless Flask,2,35.13,70.26
INV-101508,CUST-0399,2026-02-21 11:31:36,Wearables & Fitness,Titanium GPS Smart Fitness Watch,2,255.24,510.48
INV-102647,CUST-0436,2026-02-21 12:56:30,Electronics & Audio,Thunderbolt 4 Docking Station,1,195.97,195.97
INV-101508,CUST-0399,2026-02-21 13:32:56,Specialty Gourmet,Single-Origin Espresso Bean Subscription (1kg),4,33.52,134.08
INV-101983,CUST-0140,2026-02-21 15:18:45,Smart Office & Furniture,Smart LED Desk Bar Lamp,1,49.83,49.83
INV-100785,CUST-0352,2026-02-21 16:41:50,Wearables & Fitness,Titanium GPS Smart Fitness Watch,1,268.34,268.34
INV-100637,CUST-0363,2026-02-21 17:22:52,Apparel & Lifestyle,Full-Grain Leather Briefcase Sleeve,3,90.48,271.44
INV-102885,CUST-0390,2026-02-21 17:45:40,Apparel & Lifestyle,Full-Grain Leather Briefcase Sleeve,2,87.55,175.1
INV-102489,CUST-0327,2026-02-21 20:18:53,Specialty Gourmet,Single-Origin Espresso Bean Subscription (1kg),2,37.83,75.66
INV-100638,CUST-0363,2026-02-22 15:26:21,Electronics & Audio,Thunderbolt 4 Docking Station,3,206.33,618.99
INV-102968,CUST-0244,2026-02-22 17:19:38,Computer Accessories,Custom Mechanical RGB Keyboard,4,152.49,609.96
INV-102607,CUST-0019,2026-02-22 17:19:51,Computer Accessories,Ergonomic Multi-Device Wireless Mouse,2,80.85,161.7
INV-100345,CUST-0431,2026-02-22 18:20:06,Smart Office & Furniture,Ergonomic Lumbar Executive Chair,1,291.37,291.37
INV-100368,CUST-0035,2026-02-22 21:09:30,Specialty Gourmet,Single-Origin Espresso Bean Subscription (1kg),1,36.62,36.62
INV-102689,CUST-0320,2026-02-23 08:43:20,Wearables & Fitness,Heart Rate Performance Sensor Band,3,96.51,289.53
INV-100125,CUST-0007,2026-02-23 09:08:05,Computer Accessories,Ergonomic Multi-Device Wireless Mouse,3,89.73,269.19
INV-102811,CUST-0172,2026-02-23 10:23:07,Apparel & Lifestyle,Full-Grain Leather Briefcase Sleeve,4,91.81,367.24
INV-102957,CUST-0085,2026-02-23 11:24:35,Smart Office & Furniture,Smart LED Desk Bar Lamp,4,54.28,217.12
INV-102222,CUST-0043,2026-02-23 11:25:08,Computer Accessories,Custom Mechanical RGB Keyboard,1,165.63,165.63
INV-100910,CUST-0093,2026-02-23 14:41:41,Specialty Gourmet,Single-Origin Espresso Bean Subscription (1kg),6,36.42,218.52
INV-101252,CUST-0130,2026-02-23 14:45:18,Apparel & Lifestyle,Full-Grain Leather Briefcase Sleeve,2,83.71,167.42
INV-102811,CUST-0172,2026-02-23 15:46:36,Wearables & Fitness,Heart Rate Performance Sensor Band,3,96.52,289.56
INV-100881,CUST-0307,2026-02-23 16:46:46,Specialty Gourmet,Single-Origin Espresso Bean Subscription (1kg),1,34.36,34.36
INV-102485,CUST-0429,2026-02-23 18:54:16,Apparel & Lifestyle,Full-Grain Leather Briefcase Sleeve,1,94.65,94.65
INV-103147,CUST-0001,2026-02-23 20:52:56,Smart Office & Furniture,Ergonomic Lumbar Executive Chair,5,286.76,1433.8
INV-100046,CUST-0282,2026-02-23 22:36:46,Computer Accessories,Ergonomic Multi-Device Wireless Mouse,2,90.09,180.18
INV-102222,CUST-0043,2026-02-23 22:55:04,Computer Accessories,Custom Mechanical RGB Keyboard,2,178.65,357.3
INV-102530,CUST-0009,2026-02-24 13:57:19,Computer Accessories,Ergonomic Multi-Device Wireless Mouse,1,85.35,85.35
INV-100543,CUST-0101,2026-02-24 15:37:10,Apparel & Lifestyle,Thermal Double-Wall Stainless Flask,3,38.21,114.63
INV-101767,CUST-0073,2026-02-24 17:45:36,Smart Office & Furniture,Ergonomic Lumbar Executive Chair,2,272.86,545.72
INV-101767,CUST-0073,2026-02-24 17:51:24,Computer Accessories,Ergonomic Multi-Device Wireless Mouse,4,81.6,326.4
INV-101564,CUST-0107,2026-02-24 19:38:36,Smart Office & Furniture,Smart LED Desk Bar Lamp,2,48.55,97.1
INV-102365,CUST-0250,2026-02-24 20:24:35,Wearables & Fitness,Titanium GPS Smart Fitness Watch,4,288.7,1154.8
INV-101564,CUST-0107,2026-02-24 22:07:06,Wearables & Fitness,Titanium GPS Smart Fitness Watch,4,255.14,1020.56
INV-100831,CUST-0164,2026-02-25 08:29:32,Smart Office & Furniture,Ergonomic Lumbar Executive Chair,3,295.97,887.91
INV-101725,CUST-0356,2026-02-25 08:38:03,Electronics & Audio,Noise-Cancelling Studio Pro Headphones,4,299.21,1196.84
INV-101674,CUST-0054,2026-02-25 12:53:48,Apparel & Lifestyle,Thermal Double-Wall Stainless Flask,2,34.7,69.4
INV-101139,CUST-0131,2026-02-25 12:59:53,Computer Accessories,Ergonomic Multi-Device Wireless Mouse,2,81.95,163.9
INV-100892,CUST-0383,2026-02-25 15:11:32,Computer Accessories,Custom Mechanical RGB Keyboard,6,160.16,960.96
INV-102750,CUST-0116,2026-02-25 16:09:00,Specialty Gourmet,Single-Origin Espresso Bean Subscription (1kg),1,34.09,34.09
INV-102829,CUST-0407,2026-02-25 17:02:09,Smart Office & Furniture,Ergonomic Lumbar Executive Chair,1,299.42,299.42
INV-102829,CUST-0407,2026-02-25 18:06:25,Computer Accessories,Ergonomic Multi-Device Wireless Mouse,4,85.84,343.36
INV-100786,CUST-0352,2026-02-25 18:32:13,Wearables & Fitness,Titanium GPS Smart Fitness Watch,4,264.78,1059.12
INV-102037,CUST-0015,2026-02-25 19:06:24,Wearables & Fitness,Titanium GPS Smart Fitness Watch,4,242.38,969.52
INV-102037,CUST-0015,2026-02-25 20:49:21,Smart Office & Furniture,Ergonomic Lumbar Executive Chair,1,279.59,279.59
INV-100892,CUST-0383,2026-02-25 21:13:11,Computer Accessories,Premium Aluminum Monitor Arm,1,70.67,70.67
INV-102490,CUST-0327,2026-02-26 08:29:09,Smart Office & Furniture,Smart LED Desk Bar Lamp,1,58.23,58.23
INV-100181,CUST-0145,2026-02-26 09:00:16,Specialty Gourmet,Single-Origin Espresso Bean Subscription (1kg),1,34.37,34.37
INV-102894,CUST-0349,2026-02-26 09:17:24,Computer Accessories,Premium Aluminum Monitor Arm,3,66.81,200.43
INV-100505,CUST-0395,2026-02-26 13:45:02,Electronics & Audio,Thunderbolt 4 Docking Station,3,211.87,635.61
INV-100443,CUST-0355,2026-02-26 14:05:49,Computer Accessories,Ergonomic Multi-Device Wireless Mouse,6,90.06,540.36
INV-100444,CUST-0355,2026-02-26 14:26:59,Apparel & Lifestyle,Thermal Double-Wall Stainless Flask,3,40.8,122.4
INV-101390,CUST-0156,2026-02-26 15:19:52,Electronics & Audio,Thunderbolt 4 Docking Station,4,185.44,741.76
INV-100390,CUST-0160,2026-02-26 16:54:36,Smart Office & Furniture,Smart LED Desk Bar Lamp,4,54.11,216.44
INV-100390,CUST-0160,2026-02-26 19:10:03,Apparel & Lifestyle,Full-Grain Leather Briefcase Sleeve,1,92.74,92.74
INV-101390,CUST-0156,2026-02-26 20:40:38,Electronics & Audio,Noise-Cancelling Studio Pro Headphones,3,300.57,901.71
INV-102845,CUST-0183,2026-02-27 09:09:04,Wearables & Fitness,Titanium GPS Smart Fitness Watch,1,260.25,260.25
INV-102660,CUST-0298,2026-02-27 12:41:05,Electronics & Audio,Thunderbolt 4 Docking Station,5,196.69,983.45
INV-100747,CUST-0003,2026-02-28 08:59:28,Smart Office & Furniture,Smart LED Desk Bar Lamp,6,53.25,319.5
INV-101697,CUST-0246,2026-02-28 09:46:19,Computer Accessories,Premium Aluminum Monitor Arm,4,62.92,251.68
INV-102240,CUST-0414,2026-02-28 10:41:18,Computer Accessories,Premium Aluminum Monitor Arm,3,76.58,229.74
INV-100842,CUST-0382,2026-02-28 11:25:04,Specialty Gourmet,Single-Origin Espresso Bean Subscription (1kg),4,37.12,148.48
INV-102738,CUST-0031,2026-02-28 14:38:42,Specialty Gourmet,Single-Origin Espresso Bean Subscription (1kg),2,33.66,67.32
INV-100842,CUST-0382,2026-02-28 15:06:21,Wearables & Fitness,Titanium GPS Smart Fitness Watch,5,271.41,1357.05
INV-102457,CUST-0270,2026-02-28 16:27:46,Computer Accessories,Ergonomic Multi-Device Wireless Mouse,4,89.48,357.92
INV-102240,CUST-0414,2026-02-28 16:38:26,Wearables & Fitness,Heart Rate Performance Sensor Band,1,104.02,104.02
INV-100391,CUST-0160,2026-02-28 19:21:16,Computer Accessories,Ergonomic Multi-Device Wireless Mouse,6,85.05,510.3
INV-102582,CUST-0335,2026-02-28 19:32:44,Computer Accessories,Custom Mechanical RGB Keyboard,1,156.41,156.41
INV-100747,CUST-0003,2026-02-28 21:32:38,Apparel & Lifestyle,Thermal Double-Wall Stainless Flask,2,40.72,81.44
INV-102366,CUST-0250,2026-03-01 08:24:51,Smart Office & Furniture,Ergonomic Lumbar Executive Chair,4,320.46,1281.84
INV-102340,CUST-0222,2026-03-01 14:54:34,Apparel & Lifestyle,Thermal Double-Wall Stainless Flask,4,42.67,170.68
INV-100369,CUST-0035,2026-03-01 16:18:45,Electronics & Audio,4K Curved Ultra-Wide Gaming Monitor,4,553.9,2215.6
INV-101035,CUST-0423,2026-03-01 18:52:46,Wearables & Fitness,Heart Rate Performance Sensor Band,5,95.12,475.6
INV-100369,CUST-0035,2026-03-01 19:24:59,Smart Office & Furniture,Motorized Standing Desk Frame,1,421.65,421.65
INV-100369,CUST-0035,2026-03-01 20:52:11,Computer Accessories,Custom Mechanical RGB Keyboard,5,159.15,795.75
INV-102340,CUST-0222,2026-03-01 21:05:42,Electronics & Audio,4K Curved Ultra-Wide Gaming Monitor,3,572.62,1717.86
INV-102340,CUST-0222,2026-03-01 21:17:50,Computer Accessories,Ergonomic Multi-Device Wireless Mouse,4,91.96,367.84
INV-100467,CUST-0154,2026-03-01 22:09:46,Apparel & Lifestyle,Full-Grain Leather Briefcase Sleeve,2,92.14,184.28
INV-102903,CUST-0238,2026-03-01 22:47:31,Electronics & Audio,Noise-Cancelling Studio Pro Headphones,4,313.65,1254.6
INV-101859,CUST-0219,2026-03-02 08:16:48,Apparel & Lifestyle,Thermal Double-Wall Stainless Flask,2,34.67,69.34
INV-103091,CUST-0318,2026-03-02 11:19:28,Computer Accessories,Ergonomic Multi-Device Wireless Mouse,1,86.96,86.96
INV-102630,CUST-0311,2026-03-02 12:55:51,Wearables & Fitness,Heart Rate Performance Sensor Band,4,92.08,368.32
INV-101342,CUST-0228,2026-03-02 15:15:20,Apparel & Lifestyle,Thermal Double-Wall Stainless Flask,2,36.18,72.36
INV-102382,CUST-0334,2026-03-02 15:34:41,Computer Accessories,Premium Aluminum Monitor Arm,3,75.69,227.07
INV-102375,CUST-0106,2026-03-02 16:05:05,Computer Accessories,Ergonomic Multi-Device Wireless Mouse,3,89.92,269.76
INV-100320,CUST-0243,2026-03-02 16:52:48,Computer Accessories,Custom Mechanical RGB Keyboard,5,165.39,826.95
INV-101727,CUST-0356,2026-03-02 17:07:15,Smart Office & Furniture,Smart LED Desk Bar Lamp,2,49.61,99.22
INV-102555,CUST-0229,2026-03-02 17:08:02,Computer Accessories,Ergonomic Multi-Device Wireless Mouse,3,87.13,261.39
INV-103091,CUST-0318,2026-03-02 17:22:56,Apparel & Lifestyle,Thermal Double-Wall Stainless Flask,2,37.98,75.96
INV-101900,CUST-0402,2026-03-02 18:01:40,Electronics & Audio,Thunderbolt 4 Docking Station,2,191.94,383.88
INV-101726,CUST-0356,2026-03-02 18:21:05,Computer Accessories,Ergonomic Multi-Device Wireless Mouse,2,79.12,158.24
INV-101859,CUST-0219,2026-03-02 18:56:29,Smart Office & Furniture,Smart LED Desk Bar Lamp,4,50.42,201.68
INV-102630,CUST-0311,2026-03-02 19:52:50,Computer Accessories,Custom Mechanical RGB Keyboard,5,151.9,759.5
INV-102375,CUST-0106,2026-03-02 21:07:56,Wearables & Fitness,Heart Rate Performance Sensor Band,1,100.92,100.92
INV-101342,CUST-0228,2026-03-02 21:18:44,Wearables & Fitness,Titanium GPS Smart Fitness Watch,3,250.13,750.39
INV-101900,CUST-0402,2026-03-02 22:57:59,Smart Office & Furniture,Motorized Standing Desk Frame,3,367.69,1103.07
INV-103092,CUST-0318,2026-03-03 08:52:36,Apparel & Lifestyle,Full-Grain Leather Briefcase Sleeve,4,87.22,348.88
INV-101768,CUST-0073,2026-03-03 16:18:09,Wearables & Fitness,Heart Rate Performance Sensor Band,4,86.08,344.32
INV-101954,CUST-0301,2026-03-03 16:32:53,Wearables & Fitness,Titanium GPS Smart Fitness Watch,2,245.51,491.02
INV-101768,CUST-0073,2026-03-03 18:36:15,Apparel & Lifestyle,Thermal Double-Wall Stainless Flask,3,36.23,108.69
INV-101222,CUST-0095,2026-03-03 19:36:38,Computer Accessories,Ergonomic Multi-Device Wireless Mouse,2,76.94,153.88
INV-101208,CUST-0150,2026-03-03 20:40:07,Wearables & Fitness,Titanium GPS Smart Fitness Watch,2,249.72,499.44
INV-100269,CUST-0163,2026-03-04 09:24:32,Wearables & Fitness,Heart Rate Performance Sensor Band,3,96.43,289.29
INV-101460,CUST-0324,2026-03-04 09:34:41,Computer Accessories,Premium Aluminum Monitor Arm,4,62.65,250.6
INV-100719,CUST-0157,2026-03-04 10:15:49,Electronics & Audio,Thunderbolt 4 Docking Station,1,206.76,206.76
INV-101781,CUST-0197,2026-03-04 11:00:00,Electronics & Audio,Noise-Cancelling Studio Pro Headphones,2,299.47,598.94
INV-101939,CUST-0265,2026-03-04 11:12:50,Wearables & Fitness,Titanium GPS Smart Fitness Watch,3,254.34,763.02
INV-100269,CUST-0163,2026-03-04 11:44:56,Computer Accessories,Custom Mechanical RGB Keyboard,6,168.07,1008.42
INV-101939,CUST-0265,2026-03-04 11:54:50,Apparel & Lifestyle,Thermal Double-Wall Stainless Flask,1,35.78,35.78
INV-100719,CUST-0157,2026-03-04 12:20:51,Specialty Gourmet,Single-Origin Espresso Bean Subscription (1kg),1,36.61,36.61
INV-103083,CUST-0158,2026-03-04 12:28:51,Electronics & Audio,Noise-Cancelling Studio Pro Headphones,3,324.73,974.19
INV-100445,CUST-0355,2026-03-04 12:33:02,Computer Accessories,Custom Mechanical RGB Keyboard,6,163.44,980.64
INV-100288,CUST-0305,2026-03-04 13:39:01,Electronics & Audio,Thunderbolt 4 Docking Station,5,206.44,1032.2
INV-103083,CUST-0158,2026-03-04 14:50:22,Apparel & Lifestyle,Thermal Double-Wall Stainless Flask,2,37.08,74.16
INV-102245,CUST-0210,2026-03-04 15:00:59,Computer Accessories,Custom Mechanical RGB Keyboard,4,177.99,711.96
INV-100719,CUST-0157,2026-03-04 16:38:24,Apparel & Lifestyle,Thermal Double-Wall Stainless Flask,1,40.37,40.37
INV-100734,CUST-0152,2026-03-04 17:23:44,Smart Office & Furniture,Smart LED Desk Bar Lamp,5,56.37,281.85
INV-100288,CUST-0305,2026-03-04 18:28:11,Apparel & Lifestyle,Thermal Double-Wall Stainless Flask,4,40.56,162.24
INV-100288,CUST-0305,2026-03-04 19:57:08,Specialty Gourmet,Single-Origin Espresso Bean Subscription (1kg),6,36.84,221.04
INV-103083,CUST-0158,2026-03-04 20:59:53,Computer Accessories,Premium Aluminum Monitor Arm,5,65.17,325.85
INV-101460,CUST-0324,2026-03-04 21:49:55,Computer Accessories,Ergonomic Multi-Device Wireless Mouse,4,78.62,314.48
INV-100445,CUST-0355,2026-03-04 22:00:40,Apparel & Lifestyle,Thermal Double-Wall Stainless Flask,6,40.71,244.26
INV-102241,CUST-0414,2026-03-04 22:53:42,Apparel & Lifestyle,Full-Grain Leather Briefcase Sleeve,3,98.68,296.04
INV-100561,CUST-0005,2026-03-05 08:24:24,Computer Accessories,Custom Mechanical RGB Keyboard,1,162.05,162.05
INV-100800,CUST-0202,2026-03-05 08:54:20,Smart Office & Furniture,Motorized Standing Desk Frame,6,432.82,2596.92
INV-100126,CUST-0007,2026-03-05 09:01:05,Smart Office & Furniture,Ergonomic Lumbar Executive Chair,5,302.8,1514.0
INV-102762,CUST-0133,2026-03-05 09:14:52,Wearables & Fitness,Titanium GPS Smart Fitness Watch,1,264.96,264.96
INV-102301,CUST-0444,2026-03-05 09:36:42,Computer Accessories,Ergonomic Multi-Device Wireless Mouse,1,89.18,89.18
INV-100089,CUST-0331,2026-03-05 10:46:14,Specialty Gourmet,Single-Origin Espresso Bean Subscription (1kg),5,35.44,177.2
INV-102992,CUST-0065,2026-03-05 12:15:51,Apparel & Lifestyle,Thermal Double-Wall Stainless Flask,1,36.76,36.76
INV-100089,CUST-0331,2026-03-05 13:07:11,Apparel & Lifestyle,Thermal Double-Wall Stainless Flask,2,40.09,80.18
INV-102301,CUST-0444,2026-03-05 13:07:24,Wearables & Fitness,Heart Rate Performance Sensor Band,3,103.04,309.12
INV-102886,CUST-0390,2026-03-05 15:22:40,Specialty Gourmet,Single-Origin Espresso Bean Subscription (1kg),5,35.04,175.2
INV-102185,CUST-0098,2026-03-05 16:39:57,Apparel & Lifestyle,Thermal Double-Wall Stainless Flask,2,37.1,74.2
INV-102992,CUST-0065,2026-03-05 17:19:28,Computer Accessories,Ergonomic Multi-Device Wireless Mouse,3,80.59,241.77
INV-100089,CUST-0331,2026-03-05 18:55:34,Computer Accessories,Premium Aluminum Monitor Arm,4,68.57,274.28
INV-101478,CUST-0281,2026-03-05 20:42:29,Smart Office & Furniture,Motorized Standing Desk Frame,1,373.09,373.09
INV-102084,CUST-0040,2026-03-05 21:30:44,Wearables & Fitness,Titanium GPS Smart Fitness Watch,1,244.76,244.76
INV-101940,CUST-0265,2026-03-05 21:40:11,Apparel & Lifestyle,Thermal Double-Wall Stainless Flask,4,36.82,147.28
INV-102992,CUST-0065,2026-03-05 22:05:07,Wearables & Fitness,Heart Rate Performance Sensor Band,4,92.34,369.36
INV-102301,CUST-0444,2026-03-05 22:34:37,Computer Accessories,Premium Aluminum Monitor Arm,1,73.1,73.1
INV-103037,CUST-0375,2026-03-06 11:03:39,Apparel & Lifestyle,Full-Grain Leather Briefcase Sleeve,2,90.33,180.66
INV-102895,CUST-0349,2026-03-06 14:22:59,Specialty Gourmet,Single-Origin Espresso Bean Subscription (1kg),5,34.57,172.85
INV-103061,CUST-0030,2026-03-06 17:05:35,Computer Accessories,Custom Mechanical RGB Keyboard,5,160.79,803.95
INV-103005,CUST-0439,2026-03-06 22:30:53,Computer Accessories,Premium Aluminum Monitor Arm,3,69.78,209.34
INV-101209,CUST-0150,2026-03-07 08:51:24,Wearables & Fitness,Titanium GPS Smart Fitness Watch,1,257.97,257.97
INV-100911,CUST-0093,2026-03-07 09:18:05,Specialty Gourmet,Single-Origin Espresso Bean Subscription (1kg),2,34.96,69.92
INV-100562,CUST-0005,2026-03-07 09:31:59,Electronics & Audio,Noise-Cancelling Studio Pro Headphones,3,321.49,964.47
INV-101291,CUST-0343,2026-03-07 10:29:54,Computer Accessories,Premium Aluminum Monitor Arm,3,66.16,198.48
INV-100676,CUST-0204,2026-03-07 12:39:32,Smart Office & Furniture,Smart LED Desk Bar Lamp,2,54.61,109.22
INV-100022,CUST-0042,2026-03-07 13:06:05,Wearables & Fitness,Titanium GPS Smart Fitness Watch,2,274.9,549.8
INV-100346,CUST-0431,2026-03-07 13:37:41,Apparel & Lifestyle,Thermal Double-Wall Stainless Flask,4,40.09,160.36
INV-101209,CUST-0150,2026-03-07 13:58:22,Computer Accessories,Ergonomic Multi-Device Wireless Mouse,1,81.69,81.69
INV-101209,CUST-0150,2026-03-07 16:13:23,Wearables & Fitness,Titanium GPS Smart Fitness Watch,1,252.09,252.09
INV-100346,CUST-0431,2026-03-07 16:36:11,Smart Office & Furniture,Smart LED Desk Bar Lamp,6,53.95,323.7
INV-102854,CUST-0373,2026-03-07 19:06:02,Specialty Gourmet,Single-Origin Espresso Bean Subscription (1kg),3,32.86,98.58
INV-102190,CUST-0161,2026-03-07 19:23:52,Wearables & Fitness,Heart Rate Performance Sensor Band,4,104.44,417.76
INV-100911,CUST-0093,2026-03-07 19:37:59,Smart Office & Furniture,Motorized Standing Desk Frame,1,404.26,404.26
INV-100127,CUST-0007,2026-03-07 21:24:00,Electronics & Audio,4K Curved Ultra-Wide Gaming Monitor,5,561.39,2806.95
INV-102631,CUST-0311,2026-03-08 09:40:50,Smart Office & Furniture,Ergonomic Lumbar Executive Chair,3,293.45,880.35
INV-102944,CUST-0348,2026-03-08 10:05:16,Computer Accessories,Custom Mechanical RGB Keyboard,1,151.48,151.48
INV-100446,CUST-0355,2026-03-08 11:09:03,Wearables & Fitness,Titanium GPS Smart Fitness Watch,3,273.95,821.85
INV-102432,CUST-0201,2026-03-08 12:03:56,Smart Office & Furniture,Ergonomic Lumbar Executive Chair,3,327.89,983.67
INV-102556,CUST-0229,2026-03-08 12:59:21,Apparel & Lifestyle,Full-Grain Leather Briefcase Sleeve,5,87.69,438.45
INV-102631,CUST-0311,2026-03-08 15:28:37,Wearables & Fitness,Heart Rate Performance Sensor Band,5,91.81,459.05
INV-102784,CUST-0385,2026-03-08 17:41:21,Electronics & Audio,Noise-Cancelling Studio Pro Headphones,1,307.02,307.02
INV-103072,CUST-0123,2026-03-08 19:24:41,Smart Office & Furniture,Motorized Standing Desk Frame,1,412.33,412.33
INV-100951,CUST-0022,2026-03-09 10:23:07,Smart Office & Furniture,Smart LED Desk Bar Lamp,4,54.97,219.88
INV-100951,CUST-0022,2026-03-09 11:53:34,Specialty Gourmet,Single-Origin Espresso Bean Subscription (1kg),3,36.93,110.79
INV-102846,CUST-0183,2026-03-09 12:43:18,Electronics & Audio,Thunderbolt 4 Docking Station,3,193.26,579.78
INV-103050,CUST-0124,2026-03-10 08:22:04,Computer Accessories,Custom Mechanical RGB Keyboard,2,152.04,304.08
INV-101303,CUST-0353,2026-03-10 10:29:23,Smart Office & Furniture,Smart LED Desk Bar Lamp,2,51.39,102.78
INV-102993,CUST-0065,2026-03-10 14:17:00,Smart Office & Furniture,Smart LED Desk Bar Lamp,1,54.5,54.5
INV-103098,CUST-0294,2026-03-10 14:40:31,Apparel & Lifestyle,Full-Grain Leather Briefcase Sleeve,4,89.14,356.56
INV-100936,CUST-0340,2026-03-10 18:46:17,Apparel & Lifestyle,Full-Grain Leather Briefcase Sleeve,5,91.28,456.4
INV-101343,CUST-0228,2026-03-10 19:45:47,Apparel & Lifestyle,Thermal Double-Wall Stainless Flask,1,37.07,37.07
INV-100138,CUST-0110,2026-03-10 20:21:50,Specialty Gourmet,Single-Origin Espresso Bean Subscription (1kg),6,36.17,217.02
INV-103006,CUST-0439,2026-03-10 22:38:55,Electronics & Audio,Noise-Cancelling Studio Pro Headphones,5,313.15,1565.75
INV-102085,CUST-0040,2026-03-11 08:30:25,Apparel & Lifestyle,Thermal Double-Wall Stainless Flask,1,36.02,36.02
INV-102085,CUST-0040,2026-03-11 11:27:27,Specialty Gourmet,Single-Origin Espresso Bean Subscription (1kg),3,31.79,95.37
INV-100090,CUST-0331,2026-03-11 11:29:22,Specialty Gourmet,Single-Origin Espresso Bean Subscription (1kg),4,36.67,146.68
INV-102201,CUST-0211,2026-03-11 12:49:37,Wearables & Fitness,Titanium GPS Smart Fitness Watch,1,297.74,297.74
INV-102869,CUST-0398,2026-03-11 14:27:05,Specialty Gourmet,Single-Origin Espresso Bean Subscription (1kg),2,34.49,68.98
INV-100200,CUST-0418,2026-03-11 15:20:26,Electronics & Audio,Thunderbolt 4 Docking Station,1,202.85,202.85
INV-102302,CUST-0444,2026-03-11 15:24:03,Smart Office & Furniture,Smart LED Desk Bar Lamp,4,55.77,223.08
INV-100090,CUST-0331,2026-03-11 16:27:34,Apparel & Lifestyle,Full-Grain Leather Briefcase Sleeve,4,94.8,379.2
INV-102302,CUST-0444,2026-03-11 16:27:50,Apparel & Lifestyle,Thermal Double-Wall Stainless Flask,4,40.59,162.36
INV-102173,CUST-0297,2026-03-11 18:00:02,Computer Accessories,Ergonomic Multi-Device Wireless Mouse,2,82.06,164.12
INV-100677,CUST-0204,2026-03-11 18:45:33,Apparel & Lifestyle,Full-Grain Leather Briefcase Sleeve,2,96.35,192.7
INV-102302,CUST-0444,2026-03-11 19:18:46,Electronics & Audio,4K Curved Ultra-Wide Gaming Monitor,4,596.5,2386.0
INV-100200,CUST-0418,2026-03-11 20:13:28,Apparel & Lifestyle,Thermal Double-Wall Stainless Flask,1,39.71,39.71
INV-100200,CUST-0418,2026-03-11 21:07:05,Electronics & Audio,Thunderbolt 4 Docking Station,3,207.84,623.52
INV-101860,CUST-0219,2026-03-12 11:44:47,Smart Office & Furniture,Smart LED Desk Bar Lamp,4,49.39,197.56
INV-103133,CUST-0166,2026-03-12 16:06:41,Wearables & Fitness,Titanium GPS Smart Fitness Watch,4,258.57,1034.28
INV-103133,CUST-0166,2026-03-12 17:19:53,Wearables & Fitness,Heart Rate Performance Sensor Band,3,93.35,280.05
INV-101817,CUST-0351,2026-03-12 17:21:43,Apparel & Lifestyle,Full-Grain Leather Briefcase Sleeve,4,84.19,336.76
INV-101817,CUST-0351,2026-03-12 21:23:48,Computer Accessories,Premium Aluminum Monitor Arm,1,65.34,65.34
INV-102904,CUST-0238,2026-03-12 22:01:04,Wearables & Fitness,Titanium GPS Smart Fitness Watch,1,256.05,256.05
INV-102904,CUST-0238,2026-03-12 22:22:42,Apparel & Lifestyle,Thermal Double-Wall Stainless Flask,3,38.21,114.63
INV-100091,CUST-0331,2026-03-13 08:51:42,Computer Accessories,Custom Mechanical RGB Keyboard,6,168.49,1010.94
INV-102830,CUST-0407,2026-03-13 09:27:05,Smart Office & Furniture,Smart LED Desk Bar Lamp,2,52.42,104.84
INV-102618,CUST-0289,2026-03-13 09:42:19,Computer Accessories,Premium Aluminum Monitor Arm,3,70.19,210.57
INV-102703,CUST-0342,2026-03-13 10:18:56,Computer Accessories,Premium Aluminum Monitor Arm,5,68.8,344.0
INV-100061,CUST-0180,2026-03-13 10:29:58,Apparel & Lifestyle,Full-Grain Leather Briefcase Sleeve,5,92.58,462.9
INV-100952,CUST-0022,2026-03-13 11:00:47,Apparel & Lifestyle,Thermal Double-Wall Stainless Flask,4,38.95,155.8
INV-100952,CUST-0022,2026-03-13 11:59:19,Computer Accessories,Ergonomic Multi-Device Wireless Mouse,6,88.37,530.22
INV-102703,CUST-0342,2026-03-13 12:59:48,Computer Accessories,Ergonomic Multi-Device Wireless Mouse,4,85.76,343.04
INV-102436,CUST-0063,2026-03-13 13:00:48,Smart Office & Furniture,Smart LED Desk Bar Lamp,2,56.03,112.06
INV-100061,CUST-0180,2026-03-13 13:42:30,Apparel & Lifestyle,Full-Grain Leather Briefcase Sleeve,5,91.31,456.55
INV-100111,CUST-0170,2026-03-13 17:58:30,Electronics & Audio,Noise-Cancelling Studio Pro Headphones,6,334.39,2006.34
INV-102830,CUST-0407,2026-03-13 22:24:27,Smart Office & Furniture,Smart LED Desk Bar Lamp,1,51.93,51.93
INV-101448,CUST-0226,2026-03-14 08:09:21,Apparel & Lifestyle,Full-Grain Leather Briefcase Sleeve,3,81.9,245.7
INV-101924,CUST-0287,2026-03-14 09:30:48,Electronics & Audio,Noise-Cancelling Studio Pro Headphones,4,297.64,1190.56
INV-101448,CUST-0226,2026-03-14 10:18:32,Computer Accessories,Custom Mechanical RGB Keyboard,1,148.69,148.69
INV-102777,CUST-0231,2026-03-14 10:38:27,Computer Accessories,Ergonomic Multi-Device Wireless Mouse,1,86.66,86.66
INV-102777,CUST-0231,2026-03-14 11:02:17,Apparel & Lifestyle,Thermal Double-Wall Stainless Flask,2,37.88,75.76
INV-103158,CUST-0272,2026-03-14 11:35:52,Specialty Gourmet,Single-Origin Espresso Bean Subscription (1kg),3,33.15,99.45
INV-101448,CUST-0226,2026-03-14 13:29:12,Computer Accessories,Custom Mechanical RGB Keyboard,3,155.05,465.15
INV-102118,CUST-0295,2026-03-14 14:36:59,Apparel & Lifestyle,Full-Grain Leather Briefcase Sleeve,3,85.76,257.28
INV-102223,CUST-0043,2026-03-14 15:31:10,Apparel & Lifestyle,Thermal Double-Wall Stainless Flask,2,41.84,83.68
INV-102223,CUST-0043,2026-03-14 16:20:45,Apparel & Lifestyle,Thermal Double-Wall Stainless Flask,2,41.79,83.58
INV-102223,CUST-0043,2026-03-14 16:41:34,Computer Accessories,Custom Mechanical RGB Keyboard,4,176.25,705.0
INV-101901,CUST-0402,2026-03-14 18:44:48,Specialty Gourmet,Single-Origin Espresso Bean Subscription (1kg),1,31.81,31.81
INV-100139,CUST-0110,2026-03-14 19:33:35,Electronics & Audio,Noise-Cancelling Studio Pro Headphones,3,322.65,967.95
INV-102118,CUST-0295,2026-03-14 20:04:50,Specialty Gourmet,Single-Origin Espresso Bean Subscription (1kg),3,33.04,99.12
INV-100620,CUST-0403,2026-03-14 20:36:46,Specialty Gourmet,Single-Origin Espresso Bean Subscription (1kg),5,36.23,181.15
INV-101177,CUST-0366,2026-03-14 21:08:59,Apparel & Lifestyle,Thermal Double-Wall Stainless Flask,2,36.2,72.4
INV-102777,CUST-0231,2026-03-14 22:44:39,Smart Office & Furniture,Smart LED Desk Bar Lamp,4,51.16,204.64
INV-103165,CUST-0277,2026-03-15 09:40:26,Smart Office & Furniture,Ergonomic Lumbar Executive Chair,4,293.12,1172.48
INV-102278,CUST-0119,2026-03-15 10:34:08,Wearables & Fitness,Heart Rate Performance Sensor Band,4,106.19,424.76
INV-102132,CUST-0329,2026-03-15 11:41:06,Computer Accessories,Custom Mechanical RGB Keyboard,2,147.17,294.34
INV-103165,CUST-0277,2026-03-15 15:09:02,Electronics & Audio,Thunderbolt 4 Docking Station,2,206.27,412.54
INV-103165,CUST-0277,2026-03-15 15:26:41,Computer Accessories,Custom Mechanical RGB Keyboard,5,155.89,779.45
INV-102070,CUST-0179,2026-03-15 16:52:22,Smart Office & Furniture,Smart LED Desk Bar Lamp,1,49.97,49.97
INV-102132,CUST-0329,2026-03-15 18:28:45,Smart Office & Furniture,Ergonomic Lumbar Executive Chair,1,270.63,270.63
INV-102157,CUST-0100,2026-03-15 19:47:00,Wearables & Fitness,Heart Rate Performance Sensor Band,2,91.91,183.82
INV-102821,CUST-0103,2026-03-15 20:55:05,Computer Accessories,Custom Mechanical RGB Keyboard,3,159.02,477.06
INV-102724,CUST-0405,2026-03-16 08:04:16,Specialty Gourmet,Single-Origin Espresso Bean Subscription (1kg),4,34.4,137.6
INV-102099,CUST-0159,2026-03-16 08:16:10,Wearables & Fitness,Titanium GPS Smart Fitness Watch,1,255.2,255.2
INV-102099,CUST-0159,2026-03-16 08:30:51,Apparel & Lifestyle,Full-Grain Leather Briefcase Sleeve,3,87.07,261.21
INV-101230,CUST-0070,2026-03-16 08:39:29,Apparel & Lifestyle,Full-Grain Leather Briefcase Sleeve,4,83.85,335.4
INV-101140,CUST-0131,2026-03-16 10:18:04,Apparel & Lifestyle,Full-Grain Leather Briefcase Sleeve,1,87.53,87.53
INV-100251,CUST-0242,2026-03-16 10:53:57,Smart Office & Furniture,Smart LED Desk Bar Lamp,5,54.33,271.65
INV-101501,CUST-0278,2026-03-16 12:53:54,Computer Accessories,Custom Mechanical RGB Keyboard,4,148.7,594.8
INV-102724,CUST-0405,2026-03-16 14:00:18,Apparel & Lifestyle,Thermal Double-Wall Stainless Flask,5,36.56,182.8
INV-102698,CUST-0087,2026-03-16 14:27:12,Electronics & Audio,Noise-Cancelling Studio Pro Headphones,3,317.1,951.3
INV-102099,CUST-0159,2026-03-16 15:35:31,Electronics & Audio,4K Curved Ultra-Wide Gaming Monitor,2,502.63,1005.26
INV-100251,CUST-0242,2026-03-16 21:30:37,Computer Accessories,Ergonomic Multi-Device Wireless Mouse,4,85.62,342.48
INV-103166,CUST-0277,2026-03-17 08:42:19,Smart Office & Furniture,Smart LED Desk Bar Lamp,5,52.05,260.25
INV-101055,CUST-0364,2026-03-17 09:29:59,Electronics & Audio,Noise-Cancelling Studio Pro Headphones,5,339.68,1698.4
INV-102677,CUST-0293,2026-03-17 10:11:34,Wearables & Fitness,Heart Rate Performance Sensor Band,5,92.7,463.5
INV-100563,CUST-0005,2026-03-17 10:34:49,Computer Accessories,Premium Aluminum Monitor Arm,6,70.9,425.4
INV-100524,CUST-0062,2026-03-17 13:13:52,Computer Accessories,Custom Mechanical RGB Keyboard,4,163.46,653.84
INV-102334,CUST-0104,2026-03-17 13:14:52,Smart Office & Furniture,Smart LED Desk Bar Lamp,4,57.19,228.76
INV-102071,CUST-0179,2026-03-18 11:23:52,Electronics & Audio,Thunderbolt 4 Docking Station,3,186.75,560.25
INV-100813,CUST-0263,2026-03-18 12:37:27,Computer Accessories,Ergonomic Multi-Device Wireless Mouse,1,84.8,84.8
INV-100605,CUST-0089,2026-03-18 13:23:11,Computer Accessories,Premium Aluminum Monitor Arm,4,71.63,286.52
INV-102071,CUST-0179,2026-03-18 15:05:58,Electronics & Audio,Thunderbolt 4 Docking Station,3,192.99,578.97
INV-101565,CUST-0107,2026-03-18 16:57:44,Smart Office & Furniture,Smart LED Desk Bar Lamp,4,48.07,192.28
INV-102583,CUST-0335,2026-03-19 08:15:24,Computer Accessories,Premium Aluminum Monitor Arm,2,68.04,136.08
INV-100701,CUST-0421,2026-03-19 09:23:10,Electronics & Audio,Noise-Cancelling Studio Pro Headphones,5,323.66,1618.3
INV-102678,CUST-0293,2026-03-19 11:04:16,Computer Accessories,Custom Mechanical RGB Keyboard,4,160.7,642.8
INV-101239,CUST-0227,2026-03-19 11:39:35,Smart Office & Furniture,Ergonomic Lumbar Executive Chair,3,280.03,840.09
INV-100720,CUST-0157,2026-03-19 12:31:51,Apparel & Lifestyle,Thermal Double-Wall Stainless Flask,6,38.5,231.0
INV-102583,CUST-0335,2026-03-19 13:10:39,Computer Accessories,Ergonomic Multi-Device Wireless Mouse,1,82.79,82.79
INV-100720,CUST-0157,2026-03-19 14:18:41,Electronics & Audio,4K Curved Ultra-Wide Gaming Monitor,2,544.0,1088.0
INV-100584,CUST-0008,2026-03-19 17:05:40,Electronics & Audio,Noise-Cancelling Studio Pro Headphones,2,335.72,671.44
INV-100701,CUST-0421,2026-03-19 19:33:27,Wearables & Fitness,Titanium GPS Smart Fitness Watch,5,265.52,1327.6
INV-102678,CUST-0293,2026-03-19 19:47:44,Electronics & Audio,Noise-Cancelling Studio Pro Headphones,3,309.34,928.02
INV-102583,CUST-0335,2026-03-19 20:28:00,Specialty Gourmet,Single-Origin Espresso Bean Subscription (1kg),4,32.84,131.36
INV-100506,CUST-0395,2026-03-19 21:19:13,Electronics & Audio,4K Curved Ultra-Wide Gaming Monitor,2,543.26,1086.52
INV-100621,CUST-0403,2026-03-20 08:08:43,Smart Office & Furniture,Ergonomic Lumbar Executive Chair,6,301.99,1811.94
INV-100621,CUST-0403,2026-03-20 08:25:39,Wearables & Fitness,Heart Rate Performance Sensor Band,5,94.9,474.5
INV-101398,CUST-0325,2026-03-20 11:23:37,Specialty Gourmet,Single-Origin Espresso Bean Subscription (1kg),1,33.71,33.71
INV-101398,CUST-0325,2026-03-20 19:47:02,Wearables & Fitness,Titanium GPS Smart Fitness Watch,4,255.28,1021.12
INV-102896,CUST-0349,2026-03-20 20:18:35,Computer Accessories,Custom Mechanical RGB Keyboard,3,157.57,472.71
INV-102669,CUST-0142,2026-03-20 21:28:39,Computer Accessories,Premium Aluminum Monitor Arm,1,65.52,65.52
INV-102896,CUST-0349,2026-03-20 22:22:41,Apparel & Lifestyle,Full-Grain Leather Briefcase Sleeve,2,90.4,180.8
INV-100937,CUST-0340,2026-03-21 13:50:27,Computer Accessories,Custom Mechanical RGB Keyboard,4,169.23,676.92
INV-100140,CUST-0110,2026-03-21 15:49:43,Wearables & Fitness,Titanium GPS Smart Fitness Watch,4,271.14,1084.56
INV-102008,CUST-0155,2026-03-21 16:24:06,Electronics & Audio,4K Curved Ultra-Wide Gaming Monitor,1,497.51,497.51
INV-102704,CUST-0342,2026-03-21 16:37:44,Apparel & Lifestyle,Full-Grain Leather Briefcase Sleeve,2,88.09,176.18
INV-100937,CUST-0340,2026-03-21 16:38:10,Apparel & Lifestyle,Full-Grain Leather Briefcase Sleeve,6,94.61,567.66
INV-100937,CUST-0340,2026-03-21 17:15:04,Computer Accessories,Premium Aluminum Monitor Arm,4,68.26,273.04
INV-102008,CUST-0155,2026-03-21 20:18:45,Electronics & Audio,4K Curved Ultra-Wide Gaming Monitor,1,484.72,484.72
INV-102969,CUST-0244,2026-03-22 09:36:53,Smart Office & Furniture,Smart LED Desk Bar Lamp,5,52.52,262.6
INV-102246,CUST-0210,2026-03-22 12:59:21,Wearables & Fitness,Titanium GPS Smart Fitness Watch,3,295.88,887.64
INV-102139,CUST-0377,2026-03-22 13:25:36,Computer Accessories,Custom Mechanical RGB Keyboard,2,144.19,288.38
INV-102433,CUST-0201,2026-03-22 16:12:53,Wearables & Fitness,Heart Rate Performance Sensor Band,3,104.28,312.84
INV-102984,CUST-0066,2026-03-22 20:37:34,Apparel & Lifestyle,Full-Grain Leather Briefcase Sleeve,3,88.27,264.81
INV-102140,CUST-0377,2026-03-23 09:42:57,Specialty Gourmet,Single-Origin Espresso Bean Subscription (1kg),1,33.11,33.11
INV-101520,CUST-0234,2026-03-23 10:45:15,Apparel & Lifestyle,Full-Grain Leather Briefcase Sleeve,2,82.3,164.6
INV-103134,CUST-0166,2026-03-23 12:40:40,Electronics & Audio,Noise-Cancelling Studio Pro Headphones,5,321.88,1609.4
INV-102140,CUST-0377,2026-03-23 13:59:52,Computer Accessories,Custom Mechanical RGB Keyboard,4,153.39,613.56
INV-100023,CUST-0042,2026-03-23 14:10:44,Computer Accessories,Ergonomic Multi-Device Wireless Mouse,4,88.61,354.44
INV-102140,CUST-0377,2026-03-23 14:29:28,Computer Accessories,Custom Mechanical RGB Keyboard,2,146.36,292.72
INV-100047,CUST-0282,2026-03-23 15:31:56,Apparel & Lifestyle,Full-Grain Leather Briefcase Sleeve,4,97.21,388.84
INV-101520,CUST-0234,2026-03-23 22:04:08,Electronics & Audio,Noise-Cancelling Studio Pro Headphones,2,299.91,599.82
INV-102923,CUST-0247,2026-03-24 12:40:16,Computer Accessories,Ergonomic Multi-Device Wireless Mouse,5,80.7,403.5
INV-100141,CUST-0110,2026-03-24 15:06:18,Smart Office & Furniture,Smart LED Desk Bar Lamp,3,57.18,171.54
INV-102437,CUST-0063,2026-03-24 22:19:28,Computer Accessories,Custom Mechanical RGB Keyboard,4,167.91,671.64
INV-100893,CUST-0383,2026-03-24 22:55:26,Apparel & Lifestyle,Full-Grain Leather Briefcase Sleeve,2,91.7,183.4
INV-101240,CUST-0227,2026-03-25 11:00:37,Computer Accessories,Custom Mechanical RGB Keyboard,4,148.32,593.28
INV-101304,CUST-0353,2026-03-25 12:04:57,Computer Accessories,Ergonomic Multi-Device Wireless Mouse,2,78.77,157.54
INV-100270,CUST-0163,2026-03-25 12:29:46,Computer Accessories,Custom Mechanical RGB Keyboard,1,162.33,162.33
INV-101912,CUST-0021,2026-03-25 12:43:57,Smart Office & Furniture,Smart LED Desk Bar Lamp,2,48.7,97.4
INV-101502,CUST-0278,2026-03-25 15:27:27,Computer Accessories,Custom Mechanical RGB Keyboard,4,151.27,605.08
INV-101304,CUST-0353,2026-03-25 15:29:15,Smart Office & Furniture,Ergonomic Lumbar Executive Chair,1,268.55,268.55
INV-100430,CUST-0012,2026-03-25 18:03:23,Specialty Gourmet,Single-Origin Espresso Bean Subscription (1kg),1,35.66,35.66
INV-101240,CUST-0227,2026-03-25 19:00:12,Specialty Gourmet,Single-Origin Espresso Bean Subscription (1kg),3,31.67,95.01
INV-100142,CUST-0110,2026-03-25 19:09:22,Specialty Gourmet,Single-Origin Espresso Bean Subscription (1kg),1,36.7,36.7
INV-102597,CUST-0365,2026-03-25 19:36:38,Wearables & Fitness,Heart Rate Performance Sensor Band,4,92.0,368.0
INV-100408,CUST-0090,2026-03-25 21:04:11,Smart Office & Furniture,Smart LED Desk Bar Lamp,3,54.61,163.83
INV-102916,CUST-0386,2026-03-25 22:03:27,Computer Accessories,Premium Aluminum Monitor Arm,1,68.21,68.21
INV-101331,CUST-0388,2026-03-26 09:48:14,Wearables & Fitness,Heart Rate Performance Sensor Band,2,86.82,173.64
INV-101410,CUST-0207,2026-03-26 15:53:28,Electronics & Audio,Thunderbolt 4 Docking Station,1,194.92,194.92
INV-101410,CUST-0207,2026-03-26 17:12:26,Computer Accessories,Ergonomic Multi-Device Wireless Mouse,4,80.26,321.04
INV-100182,CUST-0145,2026-03-26 18:45:32,Specialty Gourmet,Single-Origin Espresso Bean Subscription (1kg),4,35.77,143.08
INV-102059,CUST-0076,2026-03-26 22:08:46,Computer Accessories,Custom Mechanical RGB Keyboard,3,153.65,460.95
INV-102812,CUST-0172,2026-03-27 11:41:39,Computer Accessories,Ergonomic Multi-Device Wireless Mouse,4,80.7,322.8
INV-102812,CUST-0172,2026-03-27 12:28:35,Wearables & Fitness,Heart Rate Performance Sensor Band,5,90.71,453.55
INV-100143,CUST-0110,2026-03-27 13:30:06,Smart Office & Furniture,Ergonomic Lumbar Executive Chair,2,303.01,606.02
INV-101305,CUST-0353,2026-03-27 16:41:07,Smart Office & Furniture,Ergonomic Lumbar Executive Chair,2,285.4,570.8
INV-102619,CUST-0289,2026-03-27 18:33:46,Specialty Gourmet,Single-Origin Espresso Bean Subscription (1kg),3,35.47,106.41
INV-101902,CUST-0402,2026-03-27 22:07:05,Smart Office & Furniture,Smart LED Desk Bar Lamp,4,51.59,206.36
INV-101305,CUST-0353,2026-03-27 22:10:15,Computer Accessories,Ergonomic Multi-Device Wireless Mouse,3,82.28,246.84
INV-102386,CUST-0091,2026-03-28 09:55:53,Specialty Gourmet,Single-Origin Espresso Bean Subscription (1kg),2,36.31,72.62
INV-102804,CUST-0345,2026-03-28 10:31:11,Apparel & Lifestyle,Thermal Double-Wall Stainless Flask,3,36.48,109.44
INV-102060,CUST-0076,2026-03-28 11:04:05,Specialty Gourmet,Single-Origin Espresso Bean Subscription (1kg),1,33.3,33.3
INV-102060,CUST-0076,2026-03-28 12:12:52,Specialty Gourmet,Single-Origin Espresso Bean Subscription (1kg),2,31.78,63.56
INV-101006,CUST-0269,2026-03-28 13:09:05,Apparel & Lifestyle,Thermal Double-Wall Stainless Flask,2,38.11,76.22
INV-102804,CUST-0345,2026-03-28 13:14:51,Apparel & Lifestyle,Thermal Double-Wall Stainless Flask,3,37.24,111.72
INV-102038,CUST-0015,2026-03-28 14:38:09,Smart Office & Furniture,Ergonomic Lumbar Executive Chair,2,265.48,530.96
INV-101805,CUST-0248,2026-03-28 15:59:06,Electronics & Audio,Noise-Cancelling Studio Pro Headphones,3,300.93,902.79
INV-101241,CUST-0227,2026-03-28 16:58:00,Electronics & Audio,4K Curved Ultra-Wide Gaming Monitor,3,515.6,1546.8
INV-102060,CUST-0076,2026-03-28 18:03:23,Specialty Gourmet,Single-Origin Espresso Bean Subscription (1kg),2,33.51,67.02
INV-102038,CUST-0015,2026-03-28 20:32:17,Apparel & Lifestyle,Full-Grain Leather Briefcase Sleeve,4,87.71,350.84
INV-100144,CUST-0110,2026-03-29 08:51:45,Apparel & Lifestyle,Full-Grain Leather Briefcase Sleeve,3,90.26,270.78
INV-101200,CUST-0381,2026-03-29 09:31:35,Smart Office & Furniture,Smart LED Desk Bar Lamp,2,48.0,96.0
INV-102441,CUST-0122,2026-03-29 10:04:30,Apparel & Lifestyle,Thermal Double-Wall Stainless Flask,3,41.17,123.51
INV-102499,CUST-0132,2026-03-29 10:54:48,Wearables & Fitness,Titanium GPS Smart Fitness Watch,2,283.5,567.0
INV-102228,CUST-0420,2026-03-29 12:44:51,Apparel & Lifestyle,Thermal Double-Wall Stainless Flask,1,40.92,40.92
INV-100678,CUST-0204,2026-03-29 12:59:40,Wearables & Fitness,Titanium GPS Smart Fitness Watch,6,283.5,1701.0
INV-102499,CUST-0132,2026-03-29 13:14:44,Wearables & Fitness,Heart Rate Performance Sensor Band,3,98.6,295.8
INV-102383,CUST-0334,2026-03-29 13:19:14,Smart Office & Furniture,Ergonomic Lumbar Executive Chair,2,306.07,612.14
INV-101164,CUST-0128,2026-03-29 15:08:14,Computer Accessories,Ergonomic Multi-Device Wireless Mouse,3,78.36,235.08
INV-103016,CUST-0249,2026-03-29 18:27:36,Apparel & Lifestyle,Full-Grain Leather Briefcase Sleeve,3,90.04,270.12
INV-102335,CUST-0104,2026-03-29 19:02:56,Apparel & Lifestyle,Full-Grain Leather Briefcase Sleeve,3,96.28,288.84
INV-102228,CUST-0420,2026-03-29 20:54:29,Apparel & Lifestyle,Full-Grain Leather Briefcase Sleeve,3,94.72,284.16
INV-100300,CUST-0292,2026-03-29 21:45:47,Electronics & Audio,Thunderbolt 4 Docking Station,2,208.32,416.64
INV-100678,CUST-0204,2026-03-29 21:49:58,Computer Accessories,Custom Mechanical RGB Keyboard,5,169.07,845.35
INV-102335,CUST-0104,2026-03-29 22:09:28,Specialty Gourmet,Single-Origin Espresso Bean Subscription (1kg),3,37.84,113.52
INV-102383,CUST-0334,2026-03-29 22:28:18,Apparel & Lifestyle,Full-Grain Leather Briefcase Sleeve,1,99.91,99.91
INV-102499,CUST-0132,2026-03-29 22:48:18,Electronics & Audio,Noise-Cancelling Studio Pro Headphones,4,331.21,1324.84
INV-100748,CUST-0003,2026-03-30 08:32:06,Apparel & Lifestyle,Full-Grain Leather Briefcase Sleeve,1,95.92,95.92
INV-101292,CUST-0343,2026-03-30 08:42:54,Computer Accessories,Custom Mechanical RGB Keyboard,4,147.06,588.24
INV-100938,CUST-0340,2026-03-30 09:21:40,Smart Office & Furniture,Smart LED Desk Bar Lamp,6,55.2,331.2
INV-101007,CUST-0269,2026-03-30 10:30:47,Electronics & Audio,Noise-Cancelling Studio Pro Headphones,4,320.74,1282.96
INV-102531,CUST-0009,2026-03-30 11:38:59,Computer Accessories,Ergonomic Multi-Device Wireless Mouse,1,87.21,87.21
INV-101488,CUST-0221,2026-03-30 16:00:05,Computer Accessories,Ergonomic Multi-Device Wireless Mouse,1,79.53,79.53
INV-101292,CUST-0343,2026-03-30 16:22:05,Apparel & Lifestyle,Full-Grain Leather Briefcase Sleeve,1,85.89,85.89
INV-102387,CUST-0091,2026-03-30 16:27:46,Computer Accessories,Custom Mechanical RGB Keyboard,2,168.6,337.2
INV-100748,CUST-0003,2026-03-30 17:50:54,Specialty Gourmet,Single-Origin Espresso Bean Subscription (1kg),1,36.56,36.56
INV-102224,CUST-0043,2026-03-30 18:19:10,Smart Office & Furniture,Smart LED Desk Bar Lamp,2,56.02,112.04
INV-102387,CUST-0091,2026-03-30 19:08:22,Specialty Gourmet,Single-Origin Espresso Bean Subscription (1kg),4,37.3,149.2
INV-103181,CUST-0083,2026-03-31 09:25:16,Electronics & Audio,Thunderbolt 4 Docking Station,4,191.09,764.36
INV-102970,CUST-0244,2026-03-31 10:44:03,Wearables & Fitness,Heart Rate Performance Sensor Band,4,93.68,374.72
INV-100606,CUST-0089,2026-03-31 11:08:21,Apparel & Lifestyle,Full-Grain Leather Briefcase Sleeve,5,95.07,475.35
INV-102398,CUST-0169,2026-03-31 17:50:35,Computer Accessories,Custom Mechanical RGB Keyboard,2,175.9,351.8
INV-101433,CUST-0094,2026-03-31 18:27:25,Smart Office & Furniture,Ergonomic Lumbar Executive Chair,2,270.45,540.9
INV-102398,CUST-0169,2026-03-31 22:17:11,Electronics & Audio,Noise-Cancelling Studio Pro Headphones,1,333.83,333.83
INV-102970,CUST-0244,2026-03-31 22:37:03,Smart Office & Furniture,Smart LED Desk Bar Lamp,5,53.11,265.55
INV-101794,CUST-0178,2026-04-01 08:52:06,Smart Office & Furniture,Ergonomic Lumbar Executive Chair,4,270.47,1081.88
INV-101265,CUST-0411,2026-04-01 10:22:06,Computer Accessories,Custom Mechanical RGB Keyboard,3,144.05,432.15
INV-101794,CUST-0178,2026-04-01 13:03:09,Computer Accessories,Custom Mechanical RGB Keyboard,2,154.36,308.72
INV-103029,CUST-0044,2026-04-01 13:28:43,Apparel & Lifestyle,Full-Grain Leather Briefcase Sleeve,2,87.08,174.16
INV-101265,CUST-0411,2026-04-01 14:44:13,Smart Office & Furniture,Smart LED Desk Bar Lamp,4,50.19,200.76
INV-100234,CUST-0188,2026-04-01 15:02:16,Computer Accessories,Custom Mechanical RGB Keyboard,4,163.27,653.08
INV-100855,CUST-0078,2026-04-01 15:08:30,Smart Office & Furniture,Smart LED Desk Bar Lamp,2,55.93,111.86
INV-102158,CUST-0100,2026-04-01 15:56:57,Apparel & Lifestyle,Thermal Double-Wall Stainless Flask,3,35.41,106.23
INV-103029,CUST-0044,2026-04-01 16:04:43,Computer Accessories,Premium Aluminum Monitor Arm,2,66.28,132.56
INV-101794,CUST-0178,2026-04-01 17:03:46,Computer Accessories,Premium Aluminum Monitor Arm,3,63.5,190.5
INV-100145,CUST-0110,2026-04-01 20:10:59,Apparel & Lifestyle,Thermal Double-Wall Stainless Flask,6,38.36,230.16
INV-102158,CUST-0100,2026-04-01 21:33:31,Computer Accessories,Custom Mechanical RGB Keyboard,1,147.65,147.65
INV-100843,CUST-0382,2026-04-02 09:43:35,Smart Office & Furniture,Ergonomic Lumbar Executive Chair,3,292.66,877.98
INV-103182,CUST-0083,2026-04-02 11:15:28,Computer Accessories,Custom Mechanical RGB Keyboard,5,158.63,793.15
INV-102414,CUST-0049,2026-04-02 11:39:12,Apparel & Lifestyle,Thermal Double-Wall Stainless Flask,3,42.05,126.15
INV-102174,CUST-0297,2026-04-02 16:30:15,Computer Accessories,Custom Mechanical RGB Keyboard,4,149.3,597.2
INV-100183,CUST-0145,2026-04-02 16:58:13,Computer Accessories,Premium Aluminum Monitor Arm,1,69.87,69.87
INV-100183,CUST-0145,2026-04-02 17:09:17,Smart Office & Furniture,Motorized Standing Desk Frame,6,419.22,2515.32
INV-100447,CUST-0355,2026-04-02 17:32:05,Specialty Gourmet,Single-Origin Espresso Bean Subscription (1kg),4,36.47,145.88
INV-101165,CUST-0128,2026-04-02 18:02:11,Electronics & Audio,Thunderbolt 4 Docking Station,1,185.45,185.45
INV-102174,CUST-0297,2026-04-02 20:47:24,Specialty Gourmet,Single-Origin Espresso Bean Subscription (1kg),3,32.55,97.65
INV-100735,CUST-0152,2026-04-03 09:08:08,Wearables & Fitness,Heart Rate Performance Sensor Band,4,100.29,401.16
INV-100184,CUST-0145,2026-04-03 09:19:44,Computer Accessories,Custom Mechanical RGB Keyboard,6,167.38,1004.28
INV-100856,CUST-0078,2026-04-03 10:04:42,Computer Accessories,Custom Mechanical RGB Keyboard,5,168.18,840.9
INV-100894,CUST-0383,2026-04-03 10:05:18,Specialty Gourmet,Single-Origin Espresso Bean Subscription (1kg),1,36.8,36.8
INV-100844,CUST-0382,2026-04-03 10:12:04,Apparel & Lifestyle,Thermal Double-Wall Stainless Flask,5,39.56,197.8
INV-100856,CUST-0078,2026-04-03 10:18:07,Apparel & Lifestyle,Thermal Double-Wall Stainless Flask,1,39.94,39.94
INV-100223,CUST-0174,2026-04-03 10:40:56,Specialty Gourmet,Single-Origin Espresso Bean Subscription (1kg),3,37.13,111.39
INV-100235,CUST-0188,2026-04-03 10:48:44,Computer Accessories,Ergonomic Multi-Device Wireless Mouse,3,88.34,265.02
INV-102512,CUST-0225,2026-04-03 10:53:39,Electronics & Audio,Noise-Cancelling Studio Pro Headphones,4,325.82,1303.28
INV-102532,CUST-0009,2026-04-03 11:37:24,Smart Office & Furniture,Smart LED Desk Bar Lamp,5,50.49,252.45
INV-102512,CUST-0225,2026-04-03 12:47:41,Specialty Gourmet,Single-Origin Espresso Bean Subscription (1kg),1,35.37,35.37
INV-100347,CUST-0431,2026-04-03 13:52:55,Electronics & Audio,4K Curved Ultra-Wide Gaming Monitor,2,549.62,1099.24
INV-101242,CUST-0227,2026-04-03 14:02:44,Electronics & Audio,Noise-Cancelling Studio Pro Headphones,3,303.39,910.17
INV-100184,CUST-0145,2026-04-03 14:07:29,Wearables & Fitness,Titanium GPS Smart Fitness Watch,2,264.83,529.66
INV-101509,CUST-0399,2026-04-03 15:29:38,Apparel & Lifestyle,Full-Grain Leather Briefcase Sleeve,3,82.15,246.45
INV-100347,CUST-0431,2026-04-03 15:56:38,Computer Accessories,Ergonomic Multi-Device Wireless Mouse,3,87.8,263.4
INV-100223,CUST-0174,2026-04-03 17:06:59,Electronics & Audio,Noise-Cancelling Studio Pro Headphones,5,322.62,1613.1
INV-102512,CUST-0225,2026-04-03 18:42:44,Computer Accessories,Premium Aluminum Monitor Arm,3,66.63,199.89
INV-100223,CUST-0174,2026-04-03 19:04:15,Wearables & Fitness,Titanium GPS Smart Fitness Watch,4,266.03,1064.12
INV-102532,CUST-0009,2026-04-03 20:47:46,Computer Accessories,Custom Mechanical RGB Keyboard,4,160.88,643.52
INV-100184,CUST-0145,2026-04-03 21:15:03,Computer Accessories,Ergonomic Multi-Device Wireless Mouse,4,89.51,358.04
INV-101479,CUST-0281,2026-04-03 22:39:00,Computer Accessories,Ergonomic Multi-Device Wireless Mouse,1,77.54,77.54
INV-101878,CUST-0077,2026-04-04 09:27:27,Wearables & Fitness,Titanium GPS Smart Fitness Watch,4,253.36,1013.44
INV-101685,CUST-0011,2026-04-04 11:08:45,Computer Accessories,Custom Mechanical RGB Keyboard,1,155.6,155.6
INV-101892,CUST-0321,2026-04-04 12:02:01,Electronics & Audio,Noise-Cancelling Studio Pro Headphones,4,290.97,1163.88
INV-100815,CUST-0263,2026-04-04 13:00:33,Smart Office & Furniture,Ergonomic Lumbar Executive Chair,5,298.7,1493.5
INV-102994,CUST-0065,2026-04-04 13:12:39,Wearables & Fitness,Titanium GPS Smart Fitness Watch,1,257.45,257.45
INV-101892,CUST-0321,2026-04-04 16:49:35,Wearables & Fitness,Titanium GPS Smart Fitness Watch,3,250.7,752.1
INV-102119,CUST-0295,2026-04-04 21:16:17,Computer Accessories,Ergonomic Multi-Device Wireless Mouse,2,82.03,164.06
INV-100814,CUST-0263,2026-04-04 22:34:49,Wearables & Fitness,Heart Rate Performance Sensor Band,3,96.42,289.26
INV-102336,CUST-0104,2026-04-05 08:06:39,Computer Accessories,Custom Mechanical RGB Keyboard,3,170.87,512.61
INV-102831,CUST-0407,2026-04-05 09:30:55,Electronics & Audio,4K Curved Ultra-Wide Gaming Monitor,2,509.69,1019.38
INV-100736,CUST-0152,2026-04-05 11:54:01,Electronics & Audio,Thunderbolt 4 Docking Station,1,211.72,211.72
INV-102847,CUST-0183,2026-04-05 18:30:54,Specialty Gourmet,Single-Origin Espresso Bean Subscription (1kg),1,33.71,33.71
INV-102367,CUST-0250,2026-04-05 19:07:15,Wearables & Fitness,Heart Rate Performance Sensor Band,1,101.83,101.83
INV-102831,CUST-0407,2026-04-05 19:33:12,Smart Office & Furniture,Motorized Standing Desk Frame,3,401.53,1204.59
INV-102831,CUST-0407,2026-04-05 21:24:28,Smart Office & Furniture,Smart LED Desk Bar Lamp,5,52.36,261.8
INV-100370,CUST-0035,2026-04-05 22:51:33,Smart Office & Furniture,Ergonomic Lumbar Executive Chair,2,310.98,621.96
INV-100075,CUST-0267,2026-04-06 10:00:47,Apparel & Lifestyle,Full-Grain Leather Briefcase Sleeve,6,91.68,550.08
INV-102235,CUST-0379,2026-04-06 15:28:47,Apparel & Lifestyle,Thermal Double-Wall Stainless Flask,4,40.03,160.12
INV-102832,CUST-0407,2026-04-06 16:13:23,Computer Accessories,Ergonomic Multi-Device Wireless Mouse,1,82.77,82.77
INV-102533,CUST-0009,2026-04-06 18:17:40,Smart Office & Furniture,Smart LED Desk Bar Lamp,5,52.72,263.6
INV-100092,CUST-0331,2026-04-07 09:06:38,Apparel & Lifestyle,Full-Grain Leather Briefcase Sleeve,1,91.56,91.56
INV-102491,CUST-0327,2026-04-07 10:41:41,Wearables & Fitness,Heart Rate Performance Sensor Band,3,106.05,318.15
INV-101210,CUST-0150,2026-04-07 11:18:51,Specialty Gourmet,Single-Origin Espresso Bean Subscription (1kg),4,33.44,133.76
INV-101201,CUST-0381,2026-04-07 12:39:24,Apparel & Lifestyle,Full-Grain Leather Briefcase Sleeve,1,84.44,84.44
INV-102833,CUST-0407,2026-04-07 13:27:20,Computer Accessories,Premium Aluminum Monitor Arm,5,65.38,326.9
INV-102186,CUST-0098,2026-04-07 15:26:57,Apparel & Lifestyle,Thermal Double-Wall Stainless Flask,2,35.18,70.36
INV-101584,CUST-0086,2026-04-07 18:51:31,Computer Accessories,Custom Mechanical RGB Keyboard,3,146.19,438.57
INV-101972,CUST-0191,2026-04-07 19:37:24,Computer Accessories,Premium Aluminum Monitor Arm,3,66.79,200.37
INV-100112,CUST-0170,2026-04-08 08:01:33,Electronics & Audio,Noise-Cancelling Studio Pro Headphones,5,331.35,1656.75
INV-102247,CUST-0210,2026-04-08 09:05:11,Apparel & Lifestyle,Thermal Double-Wall Stainless Flask,4,43.0,172.0
INV-102229,CUST-0420,2026-04-08 09:33:13,Computer Accessories,Ergonomic Multi-Device Wireless Mouse,1,89.84,89.84
INV-102282,CUST-0214,2026-04-08 11:10:17,Wearables & Fitness,Heart Rate Performance Sensor Band,3,99.07,297.21
INV-100048,CUST-0282,2026-04-08 11:13:37,Electronics & Audio,Noise-Cancelling Studio Pro Headphones,4,330.13,1320.52
INV-102229,CUST-0420,2026-04-08 11:31:32,Smart Office & Furniture,Ergonomic Lumbar Executive Chair,2,304.53,609.06
INV-103167,CUST-0277,2026-04-08 11:56:52,Computer Accessories,Premium Aluminum Monitor Arm,5,66.22,331.1
INV-100448,CUST-0355,2026-04-08 13:05:30,Computer Accessories,Ergonomic Multi-Device Wireless Mouse,4,85.42,341.68
INV-101332,CUST-0388,2026-04-08 15:06:43,Smart Office & Furniture,Smart LED Desk Bar Lamp,3,51.06,153.18
INV-103135,CUST-0166,2026-04-08 19:47:41,Computer Accessories,Custom Mechanical RGB Keyboard,2,154.19,308.38
INV-102229,CUST-0420,2026-04-08 20:04:44,Apparel & Lifestyle,Thermal Double-Wall Stainless Flask,4,40.02,160.08
INV-102247,CUST-0210,2026-04-08 20:55:10,Apparel & Lifestyle,Thermal Double-Wall Stainless Flask,2,41.15,82.3
INV-102584,CUST-0335,2026-04-08 21:02:40,Computer Accessories,Ergonomic Multi-Device Wireless Mouse,3,81.11,243.33
INV-101253,CUST-0130,2026-04-08 21:12:17,Electronics & Audio,Thunderbolt 4 Docking Station,3,188.2,564.6
INV-102855,CUST-0373,2026-04-09 08:32:02,Apparel & Lifestyle,Full-Grain Leather Briefcase Sleeve,2,88.67,177.34
INV-102725,CUST-0405,2026-04-09 08:54:19,Apparel & Lifestyle,Full-Grain Leather Briefcase Sleeve,1,91.19,91.19
INV-102285,CUST-0313,2026-04-09 09:31:53,Apparel & Lifestyle,Full-Grain Leather Briefcase Sleeve,2,95.23,190.46
INV-102534,CUST-0009,2026-04-09 11:55:13,Smart Office & Furniture,Smart LED Desk Bar Lamp,4,53.37,213.48
INV-101380,CUST-0069,2026-04-09 12:28:27,Apparel & Lifestyle,Full-Grain Leather Briefcase Sleeve,2,87.54,175.08
INV-100468,CUST-0154,2026-04-09 12:28:47,Computer Accessories,Ergonomic Multi-Device Wireless Mouse,4,91.13,364.52
INV-102534,CUST-0009,2026-04-09 13:10:38,Apparel & Lifestyle,Full-Grain Leather Briefcase Sleeve,1,86.76,86.76
INV-102285,CUST-0313,2026-04-09 17:26:13,Smart Office & Furniture,Ergonomic Lumbar Executive Chair,3,325.5,976.5
INV-101461,CUST-0324,2026-04-09 22:10:42,Electronics & Audio,Noise-Cancelling Studio Pro Headphones,2,296.09,592.18
INV-102534,CUST-0009,2026-04-09 22:24:18,Wearables & Fitness,Heart Rate Performance Sensor Band,3,90.39,271.17
INV-101231,CUST-0070,2026-04-10 08:59:12,Electronics & Audio,4K Curved Ultra-Wide Gaming Monitor,2,492.81,985.62
INV-100301,CUST-0292,2026-04-10 11:45:21,Wearables & Fitness,Titanium GPS Smart Fitness Watch,4,281.01,1124.04
INV-102283,CUST-0214,2026-04-10 15:45:39,Apparel & Lifestyle,Thermal Double-Wall Stainless Flask,1,39.94,39.94
INV-100301,CUST-0292,2026-04-10 21:25:13,Electronics & Audio,Thunderbolt 4 Docking Station,2,202.13,404.26
INV-101623,CUST-0216,2026-04-10 22:10:59,Apparel & Lifestyle,Full-Grain Leather Briefcase Sleeve,1,83.09,83.09
INV-103136,CUST-0166,2026-04-11 09:16:25,Wearables & Fitness,Heart Rate Performance Sensor Band,3,89.85,269.55
INV-100093,CUST-0331,2026-04-11 11:47:02,Wearables & Fitness,Titanium GPS Smart Fitness Watch,6,282.06,1692.36
INV-102120,CUST-0295,2026-04-11 12:01:33,Computer Accessories,Ergonomic Multi-Device Wireless Mouse,3,82.31,246.93
INV-102371,CUST-0394,2026-04-11 12:34:54,Computer Accessories,Custom Mechanical RGB Keyboard,2,173.56,347.12
INV-103136,CUST-0166,2026-04-11 15:40:45,Smart Office & Furniture,Ergonomic Lumbar Executive Chair,5,300.23,1501.15
INV-101675,CUST-0054,2026-04-11 16:59:36,Smart Office & Furniture,Smart LED Desk Bar Lamp,1,51.24,51.24
INV-102371,CUST-0394,2026-04-11 19:07:39,Specialty Gourmet,Single-Origin Espresso Bean Subscription (1kg),2,37.98,75.96
INV-100607,CUST-0089,2026-04-11 20:37:55,Electronics & Audio,Thunderbolt 4 Docking Station,4,212.41,849.64
INV-102834,CUST-0407,2026-04-12 11:15:37,Electronics & Audio,Thunderbolt 4 Docking Station,3,194.95,584.85
INV-101624,CUST-0216,2026-04-12 13:39:46,Electronics & Audio,Thunderbolt 4 Docking Station,4,194.23,776.92
INV-102286,CUST-0313,2026-04-12 21:56:44,Electronics & Audio,Thunderbolt 4 Docking Station,3,209.45,628.35
INV-102763,CUST-0133,2026-04-12 22:57:15,Apparel & Lifestyle,Full-Grain Leather Briefcase Sleeve,4,87.47,349.88
INV-101633,CUST-0067,2026-04-13 08:30:11,Smart Office & Furniture,Smart LED Desk Bar Lamp,2,51.96,103.92
INV-102009,CUST-0155,2026-04-13 09:43:11,Apparel & Lifestyle,Full-Grain Leather Briefcase Sleeve,3,86.35,259.05
INV-101552,CUST-0134,2026-04-13 09:52:12,Specialty Gourmet,Single-Origin Espresso Bean Subscription (1kg),2,32.61,65.22
INV-100927,CUST-0264,2026-04-13 10:24:30,Apparel & Lifestyle,Full-Grain Leather Briefcase Sleeve,1,95.7,95.7
INV-100985,CUST-0171,2026-04-13 11:20:17,Computer Accessories,Ergonomic Multi-Device Wireless Mouse,2,90.12,180.24
INV-100985,CUST-0171,2026-04-13 11:46:46,Wearables & Fitness,Titanium GPS Smart Fitness Watch,4,266.35,1065.4
INV-100024,CUST-0042,2026-04-13 13:39:27,Smart Office & Furniture,Ergonomic Lumbar Executive Chair,6,311.45,1868.7
INV-102009,CUST-0155,2026-04-13 13:52:58,Electronics & Audio,Noise-Cancelling Studio Pro Headphones,3,310.05,930.15
INV-101552,CUST-0134,2026-04-13 14:19:52,Smart Office & Furniture,Smart LED Desk Bar Lamp,3,48.96,146.88
INV-102009,CUST-0155,2026-04-13 14:45:39,Wearables & Fitness,Heart Rate Performance Sensor Band,2,89.95,179.9
INV-103099,CUST-0294,2026-04-13 20:35:14,Wearables & Fitness,Titanium GPS Smart Fitness Watch,4,256.82,1027.28
INV-100985,CUST-0171,2026-04-13 20:54:48,Wearables & Fitness,Heart Rate Performance Sensor Band,2,98.54,197.08
INV-101153,CUST-0428,2026-04-13 22:26:45,Apparel & Lifestyle,Full-Grain Leather Briefcase Sleeve,1,81.97,81.97
INV-101633,CUST-0067,2026-04-13 22:50:51,Electronics & Audio,Noise-Cancelling Studio Pro Headphones,4,309.51,1238.04
INV-102049,CUST-0056,2026-04-14 08:32:03,Specialty Gourmet,Single-Origin Espresso Bean Subscription (1kg),1,32.29,32.29
INV-100289,CUST-0305,2026-04-14 09:16:41,Smart Office & Furniture,Smart LED Desk Bar Lamp,4,54.73,218.92
INV-100409,CUST-0090,2026-04-14 12:44:39,Electronics & Audio,Thunderbolt 4 Docking Station,4,210.41,841.64
INV-102049,CUST-0056,2026-04-14 14:25:10,Electronics & Audio,Noise-Cancelling Studio Pro Headphones,3,289.6,868.8
INV-102971,CUST-0244,2026-04-14 14:31:22,Computer Accessories,Custom Mechanical RGB Keyboard,1,157.48,157.48
INV-100721,CUST-0157,2026-04-14 17:08:22,Apparel & Lifestyle,Thermal Double-Wall Stainless Flask,3,40.88,122.64
INV-102049,CUST-0056,2026-04-14 20:55:12,Computer Accessories,Ergonomic Multi-Device Wireless Mouse,2,80.33,160.66
INV-102010,CUST-0155,2026-04-15 09:21:13,Computer Accessories,Custom Mechanical RGB Keyboard,1,144.94,144.94
INV-100113,CUST-0170,2026-04-15 09:33:09,Computer Accessories,Ergonomic Multi-Device Wireless Mouse,2,85.13,170.26
INV-101879,CUST-0077,2026-04-15 12:55:10,Computer Accessories,Custom Mechanical RGB Keyboard,1,148.1,148.1
INV-101585,CUST-0086,2026-04-15 15:34:21,Computer Accessories,Premium Aluminum Monitor Arm,3,66.73,200.19
INV-101743,CUST-0075,2026-04-15 16:16:37,Electronics & Audio,Noise-Cancelling Studio Pro Headphones,3,292.65,877.95
INV-101879,CUST-0077,2026-04-15 16:41:57,Electronics & Audio,Noise-Cancelling Studio Pro Headphones,2,308.63,617.26
INV-100113,CUST-0170,2026-04-15 18:27:51,Smart Office & Furniture,Smart LED Desk Bar Lamp,5,56.37,281.85
INV-101743,CUST-0075,2026-04-15 18:40:03,Smart Office & Furniture,Ergonomic Lumbar Executive Chair,3,264.83,794.49
INV-103183,CUST-0083,2026-04-15 21:25:29,Computer Accessories,Ergonomic Multi-Device Wireless Mouse,5,83.58,417.9
INV-102010,CUST-0155,2026-04-15 21:26:48,Wearables & Fitness,Heart Rate Performance Sensor Band,1,85.52,85.52
INV-101743,CUST-0075,2026-04-15 22:13:13,Apparel & Lifestyle,Thermal Double-Wall Stainless Flask,3,35.25,105.75
INV-102010,CUST-0155,2026-04-15 22:36:22,Specialty Gourmet,Single-Origin Espresso Bean Subscription (1kg),3,33.24,99.72
INV-101411,CUST-0207,2026-04-15 22:57:24,Smart Office & Furniture,Smart LED Desk Bar Lamp,4,50.5,202.0
INV-101973,CUST-0191,2026-04-16 08:27:27,Electronics & Audio,4K Curved Ultra-Wide Gaming Monitor,1,515.09,515.09
INV-101056,CUST-0364,2026-04-16 10:05:04,Electronics & Audio,Thunderbolt 4 Docking Station,3,204.48,613.44
INV-102086,CUST-0040,2026-04-16 10:24:38,Electronics & Audio,Noise-Cancelling Studio Pro Headphones,4,289.08,1156.32
INV-100986,CUST-0171,2026-04-16 10:29:11,Electronics & Audio,Thunderbolt 4 Docking Station,4,201.67,806.68
INV-103051,CUST-0124,2026-04-16 12:31:19,Electronics & Audio,4K Curved Ultra-Wide Gaming Monitor,4,518.76,2075.04
INV-101521,CUST-0234,2026-04-16 14:21:48,Computer Accessories,Premium Aluminum Monitor Arm,3,63.66,190.98
INV-102072,CUST-0179,2026-04-16 15:12:41,Specialty Gourmet,Single-Origin Espresso Bean Subscription (1kg),4,31.33,125.32
INV-100487,CUST-0146,2026-04-16 16:52:52,Specialty Gourmet,Single-Origin Espresso Bean Subscription (1kg),3,36.09,108.27
INV-102500,CUST-0132,2026-04-16 20:17:43,Computer Accessories,Ergonomic Multi-Device Wireless Mouse,4,94.02,376.08
INV-102500,CUST-0132,2026-04-16 21:25:52,Apparel & Lifestyle,Full-Grain Leather Briefcase Sleeve,1,101.43,101.43
INV-102072,CUST-0179,2026-04-16 21:43:41,Computer Accessories,Ergonomic Multi-Device Wireless Mouse,4,78.36,313.44
INV-102072,CUST-0179,2026-04-16 22:52:43,Smart Office & Furniture,Motorized Standing Desk Frame,2,391.24,782.48
INV-102877,CUST-0368,2026-04-17 10:11:27,Apparel & Lifestyle,Thermal Double-Wall Stainless Flask,4,36.81,147.24
INV-103030,CUST-0044,2026-04-17 11:53:07,Smart Office & Furniture,Ergonomic Lumbar Executive Chair,1,287.56,287.56
INV-102061,CUST-0076,2026-04-17 13:46:17,Computer Accessories,Premium Aluminum Monitor Arm,4,64.01,256.04
INV-100252,CUST-0242,2026-04-17 14:03:10,Apparel & Lifestyle,Thermal Double-Wall Stainless Flask,1,38.92,38.92
INV-101836,CUST-0304,2026-04-17 14:21:01,Computer Accessories,Ergonomic Multi-Device Wireless Mouse,1,81.9,81.9
INV-102877,CUST-0368,2026-04-17 16:53:44,Computer Accessories,Custom Mechanical RGB Keyboard,4,156.67,626.68
INV-101836,CUST-0304,2026-04-17 17:58:07,Apparel & Lifestyle,Thermal Double-Wall Stainless Flask,2,35.44,70.88
INV-102061,CUST-0076,2026-04-17 20:46:24,Wearables & Fitness,Heart Rate Performance Sensor Band,3,91.59,274.77
INV-101880,CUST-0077,2026-04-18 08:39:23,Wearables & Fitness,Heart Rate Performance Sensor Band,2,85.86,171.72
INV-101462,CUST-0324,2026-04-18 08:44:13,Smart Office & Furniture,Smart LED Desk Bar Lamp,2,51.76,103.52
INV-100253,CUST-0242,2026-04-18 08:55:49,Computer Accessories,Custom Mechanical RGB Keyboard,6,163.79,982.74
INV-100525,CUST-0062,2026-04-18 09:47:59,Specialty Gourmet,Single-Origin Espresso Bean Subscription (1kg),2,36.22,72.44
INV-102458,CUST-0270,2026-04-18 11:32:55,Electronics & Audio,4K Curved Ultra-Wide Gaming Monitor,1,578.24,578.24
INV-102458,CUST-0270,2026-04-18 13:30:47,Electronics & Audio,Noise-Cancelling Studio Pro Headphones,3,348.46,1045.38
INV-100449,CUST-0355,2026-04-18 14:32:27,Electronics & Audio,Noise-Cancelling Studio Pro Headphones,4,323.72,1294.88
INV-101698,CUST-0246,2026-04-18 15:39:12,Apparel & Lifestyle,Full-Grain Leather Briefcase Sleeve,3,82.25,246.75
INV-100525,CUST-0062,2026-04-18 16:44:15,Smart Office & Furniture,Motorized Standing Desk Frame,5,427.61,2138.05
INV-101984,CUST-0140,2026-04-18 17:11:50,Apparel & Lifestyle,Full-Grain Leather Briefcase Sleeve,4,83.62,334.48
INV-100253,CUST-0242,2026-04-18 18:13:17,Apparel & Lifestyle,Thermal Double-Wall Stainless Flask,2,40.07,80.14
INV-101698,CUST-0246,2026-04-18 18:25:42,Smart Office & Furniture,Motorized Standing Desk Frame,3,382.62,1147.86
INV-100167,CUST-0121,2026-04-18 18:50:53,Apparel & Lifestyle,Thermal Double-Wall Stainless Flask,1,38.16,38.16
INV-101880,CUST-0077,2026-04-18 21:18:02,Wearables & Fitness,Heart Rate Performance Sensor Band,2,90.43,180.86
INV-100167,CUST-0121,2026-04-18 22:54:10,Specialty Gourmet,Single-Origin Espresso Bean Subscription (1kg),4,34.37,137.48
INV-101503,CUST-0278,2026-04-19 08:19:40,Electronics & Audio,Noise-Cancelling Studio Pro Headphones,2,297.98,595.96
INV-101266,CUST-0411,2026-04-19 09:24:08,Wearables & Fitness,Heart Rate Performance Sensor Band,2,90.87,181.74
INV-102713,CUST-0417,2026-04-19 10:07:18,Apparel & Lifestyle,Full-Grain Leather Briefcase Sleeve,5,87.17,435.85
INV-101266,CUST-0411,2026-04-19 10:25:49,Apparel & Lifestyle,Thermal Double-Wall Stainless Flask,3,36.76,110.28
INV-101503,CUST-0278,2026-04-19 13:45:30,Computer Accessories,Custom Mechanical RGB Keyboard,1,144.79,144.79
INV-101503,CUST-0278,2026-04-19 16:31:51,Specialty Gourmet,Single-Origin Espresso Bean Subscription (1kg),3,31.57,94.71
INV-100564,CUST-0005,2026-04-19 19:16:06,Wearables & Fitness,Titanium GPS Smart Fitness Watch,1,282.94,282.94
INV-101293,CUST-0343,2026-04-19 20:20:28,Specialty Gourmet,Single-Origin Espresso Bean Subscription (1kg),3,31.99,95.97
INV-101818,CUST-0351,2026-04-19 22:34:11,Electronics & Audio,Noise-Cancelling Studio Pro Headphones,1,292.02,292.02
INV-101344,CUST-0228,2026-04-20 11:11:20,Apparel & Lifestyle,Thermal Double-Wall Stainless Flask,4,36.71,146.84
INV-102110,CUST-0371,2026-04-20 11:24:56,Specialty Gourmet,Single-Origin Espresso Bean Subscription (1kg),1,32.29,32.29
INV-101566,CUST-0107,2026-04-20 12:27:35,Smart Office & Furniture,Smart LED Desk Bar Lamp,4,49.88,199.52
INV-100236,CUST-0188,2026-04-20 14:48:37,Electronics & Audio,4K Curved Ultra-Wide Gaming Monitor,3,562.43,1687.29
INV-100302,CUST-0292,2026-04-20 17:07:49,Smart Office & Furniture,Motorized Standing Desk Frame,6,429.28,2575.68
INV-101463,CUST-0324,2026-04-20 18:36:49,Wearables & Fitness,Heart Rate Performance Sensor Band,3,92.44,277.32
INV-101553,CUST-0134,2026-04-20 21:49:43,Electronics & Audio,Noise-Cancelling Studio Pro Headphones,1,292.96,292.96
INV-101728,CUST-0356,2026-04-21 13:42:03,Apparel & Lifestyle,Thermal Double-Wall Stainless Flask,2,37.41,74.82
INV-100303,CUST-0292,2026-04-21 15:00:33,Smart Office & Furniture,Ergonomic Lumbar Executive Chair,5,293.66,1468.3
INV-101267,CUST-0411,2026-04-21 16:04:22,Computer Accessories,Ergonomic Multi-Device Wireless Mouse,4,80.52,322.08
INV-102856,CUST-0373,2026-04-21 18:16:54,Computer Accessories,Premium Aluminum Monitor Arm,5,68.9,344.5
INV-100303,CUST-0292,2026-04-21 22:27:53,Wearables & Fitness,Titanium GPS Smart Fitness Watch,6,264.01,1584.06
INV-102330,CUST-0290,2026-04-22 08:03:29,Electronics & Audio,Noise-Cancelling Studio Pro Headphones,4,334.35,1337.4
INV-100201,CUST-0418,2026-04-22 08:13:53,Wearables & Fitness,Heart Rate Performance Sensor Band,6,99.44,596.64
INV-101567,CUST-0107,2026-04-22 10:05:36,Electronics & Audio,4K Curved Ultra-Wide Gaming Monitor,2,483.87,967.74
INV-101955,CUST-0301,2026-04-22 11:56:19,Wearables & Fitness,Heart Rate Performance Sensor Band,2,87.8,175.6
INV-100987,CUST-0171,2026-04-22 12:01:19,Computer Accessories,Custom Mechanical RGB Keyboard,6,160.77,964.62
INV-102785,CUST-0385,2026-04-22 14:45:45,Computer Accessories,Premium Aluminum Monitor Arm,2,69.58,139.16
INV-100702,CUST-0421,2026-04-22 15:24:08,Apparel & Lifestyle,Thermal Double-Wall Stainless Flask,3,38.93,116.79
INV-100639,CUST-0363,2026-04-22 16:39:44,Computer Accessories,Custom Mechanical RGB Keyboard,2,168.88,337.76
INV-100128,CUST-0007,2026-04-22 16:57:15,Computer Accessories,Premium Aluminum Monitor Arm,1,72.23,72.23
INV-101567,CUST-0107,2026-04-22 16:58:15,Electronics & Audio,4K Curved Ultra-Wide Gaming Monitor,3,497.99,1493.97
INV-101178,CUST-0366,2026-04-22 18:08:38,Apparel & Lifestyle,Thermal Double-Wall Stainless Flask,4,36.5,146.0
INV-100702,CUST-0421,2026-04-22 19:13:12,Specialty Gourmet,Single-Origin Espresso Bean Subscription (1kg),4,34.66,138.64
INV-100639,CUST-0363,2026-04-22 19:35:44,Computer Accessories,Custom Mechanical RGB Keyboard,5,169.56,847.8
INV-100987,CUST-0171,2026-04-22 21:25:43,Wearables & Fitness,Titanium GPS Smart Fitness Watch,2,282.34,564.68
INV-100639,CUST-0363,2026-04-22 22:04:07,Smart Office & Furniture,Smart LED Desk Bar Lamp,1,54.63,54.63
INV-102121,CUST-0295,2026-04-23 08:37:21,Apparel & Lifestyle,Thermal Double-Wall Stainless Flask,2,34.98,69.96
INV-102905,CUST-0238,2026-04-23 08:43:08,Computer Accessories,Ergonomic Multi-Device Wireless Mouse,3,81.28,243.84
INV-102225,CUST-0043,2026-04-23 09:28:04,Apparel & Lifestyle,Full-Grain Leather Briefcase Sleeve,4,96.72,386.88
INV-102225,CUST-0043,2026-04-23 09:32:20,Computer Accessories,Premium Aluminum Monitor Arm,3,71.81,215.43
INV-100009,CUST-0038,2026-04-23 10:48:45,Electronics & Audio,Noise-Cancelling Studio Pro Headphones,4,335.17,1340.68
INV-102620,CUST-0289,2026-04-23 10:53:38,Electronics & Audio,Noise-Cancelling Studio Pro Headphones,5,321.41,1607.05
INV-102318,CUST-0393,2026-04-23 11:27:07,Apparel & Lifestyle,Thermal Double-Wall Stainless Flask,3,42.01,126.03
INV-102796,CUST-0096,2026-04-23 11:43:31,Computer Accessories,Custom Mechanical RGB Keyboard,2,152.9,305.8
INV-100953,CUST-0022,2026-04-23 13:56:46,Specialty Gourmet,Single-Origin Espresso Bean Subscription (1kg),3,34.63,103.89
INV-100565,CUST-0005,2026-04-23 15:01:57,Electronics & Audio,4K Curved Ultra-Wide Gaming Monitor,6,537.95,3227.7
INV-100953,CUST-0022,2026-04-23 15:21:19,Smart Office & Furniture,Smart LED Desk Bar Lamp,3,52.82,158.46
INV-100185,CUST-0145,2026-04-23 19:11:07,Electronics & Audio,Noise-Cancelling Studio Pro Headphones,6,336.37,2018.22
INV-102121,CUST-0295,2026-04-23 19:30:46,Apparel & Lifestyle,Full-Grain Leather Briefcase Sleeve,4,82.47,329.88
INV-100953,CUST-0022,2026-04-23 21:31:03,Specialty Gourmet,Single-Origin Espresso Bean Subscription (1kg),4,36.87,147.48
INV-100146,CUST-0110,2026-04-24 10:40:42,Computer Accessories,Custom Mechanical RGB Keyboard,4,166.7,666.8
INV-101095,CUST-0176,2026-04-24 13:43:04,Smart Office & Furniture,Ergonomic Lumbar Executive Chair,6,296.17,1777.02
INV-100392,CUST-0160,2026-04-24 14:07:22,Smart Office & Furniture,Smart LED Desk Bar Lamp,3,54.3,162.9
INV-101676,CUST-0054,2026-04-24 14:48:59,Smart Office & Furniture,Smart LED Desk Bar Lamp,3,48.39,145.17
INV-100146,CUST-0110,2026-04-24 15:14:51,Computer Accessories,Ergonomic Multi-Device Wireless Mouse,5,87.37,436.85
INV-101243,CUST-0227,2026-04-24 15:47:55,Electronics & Audio,Noise-Cancelling Studio Pro Headphones,4,299.76,1199.04
INV-100146,CUST-0110,2026-04-24 19:39:56,Computer Accessories,Custom Mechanical RGB Keyboard,4,163.61,654.44
INV-103168,CUST-0277,2026-04-24 20:25:16,Computer Accessories,Premium Aluminum Monitor Arm,3,68.56,205.68
INV-103073,CUST-0123,2026-04-24 20:56:53,Wearables & Fitness,Titanium GPS Smart Fitness Watch,1,252.22,252.22
INV-101676,CUST-0054,2026-04-24 22:26:05,Specialty Gourmet,Single-Origin Espresso Bean Subscription (1kg),1,32.01,32.01
INV-101095,CUST-0176,2026-04-24 22:29:09,Computer Accessories,Ergonomic Multi-Device Wireless Mouse,2,85.69,171.38
INV-101243,CUST-0227,2026-04-24 22:30:38,Computer Accessories,Ergonomic Multi-Device Wireless Mouse,1,82.22,82.22
INV-101381,CUST-0069,2026-04-24 22:32:12,Specialty Gourmet,Single-Origin Espresso Bean Subscription (1kg),2,32.23,64.46
INV-100202,CUST-0418,2026-04-25 08:43:19,Electronics & Audio,Thunderbolt 4 Docking Station,3,206.72,620.16
INV-101850,CUST-0255,2026-04-25 09:41:30,Computer Accessories,Premium Aluminum Monitor Arm,2,65.63,131.26
INV-100202,CUST-0418,2026-04-25 10:01:25,Apparel & Lifestyle,Full-Grain Leather Briefcase Sleeve,3,95.89,287.67
INV-102304,CUST-0442,2026-04-25 12:02:03,Computer Accessories,Ergonomic Multi-Device Wireless Mouse,2,88.84,177.68
INV-100832,CUST-0164,2026-04-25 13:51:31,Smart Office & Furniture,Motorized Standing Desk Frame,4,415.74,1662.96
INV-101505,CUST-0278,2026-04-25 15:04:01,Apparel & Lifestyle,Full-Grain Leather Briefcase Sleeve,2,84.11,168.22
INV-101109,CUST-0314,2026-04-25 16:28:44,Apparel & Lifestyle,Thermal Double-Wall Stainless Flask,4,38.32,153.28
INV-100544,CUST-0101,2026-04-25 17:01:18,Wearables & Fitness,Heart Rate Performance Sensor Band,3,100.32,300.96
INV-101504,CUST-0278,2026-04-25 17:08:33,Wearables & Fitness,Heart Rate Performance Sensor Band,4,89.79,359.16
INV-101850,CUST-0255,2026-04-25 18:13:12,Smart Office & Furniture,Smart LED Desk Bar Lamp,2,48.24,96.48
INV-101211,CUST-0150,2026-04-25 19:15:00,Computer Accessories,Premium Aluminum Monitor Arm,4,63.03,252.12
INV-102405,CUST-0199,2026-04-25 20:36:52,Computer Accessories,Premium Aluminum Monitor Arm,1,72.98,72.98
INV-102931,CUST-0308,2026-04-26 09:23:55,Wearables & Fitness,Titanium GPS Smart Fitness Watch,5,268.57,1342.85
INV-100585,CUST-0008,2026-04-26 09:33:06,Computer Accessories,Ergonomic Multi-Device Wireless Mouse,5,86.03,430.15
INV-102296,CUST-0262,2026-04-26 11:58:37,Electronics & Audio,Thunderbolt 4 Docking Station,2,215.18,430.36
INV-101597,CUST-0027,2026-04-26 12:57:14,Computer Accessories,Custom Mechanical RGB Keyboard,3,146.98,440.94
INV-101597,CUST-0027,2026-04-26 13:22:25,Wearables & Fitness,Heart Rate Performance Sensor Band,4,86.91,347.64
INV-102296,CUST-0262,2026-04-26 18:25:00,Specialty Gourmet,Single-Origin Espresso Bean Subscription (1kg),3,36.31,108.93
INV-101861,CUST-0219,2026-04-26 18:34:25,Specialty Gourmet,Single-Origin Espresso Bean Subscription (1kg),3,31.68,95.04
INV-100585,CUST-0008,2026-04-26 20:34:32,Smart Office & Furniture,Motorized Standing Desk Frame,5,413.38,2066.9
INV-102175,CUST-0297,2026-04-26 20:47:07,Computer Accessories,Ergonomic Multi-Device Wireless Mouse,4,81.49,325.96
INV-101861,CUST-0219,2026-04-26 22:48:50,Wearables & Fitness,Heart Rate Performance Sensor Band,1,91.13,91.13
INV-103111,CUST-0010,2026-04-27 13:16:17,Apparel & Lifestyle,Full-Grain Leather Briefcase Sleeve,1,92.31,92.31
INV-100450,CUST-0355,2026-04-27 14:41:36,Electronics & Audio,Thunderbolt 4 Docking Station,5,203.42,1017.1
INV-101254,CUST-0130,2026-04-27 15:22:37,Computer Accessories,Custom Mechanical RGB Keyboard,4,147.16,588.64
INV-100801,CUST-0202,2026-04-27 16:29:31,Specialty Gourmet,Single-Origin Espresso Bean Subscription (1kg),3,34.67,104.01
INV-102242,CUST-0414,2026-04-27 16:58:56,Smart Office & Furniture,Ergonomic Lumbar Executive Chair,3,314.68,944.04
INV-101254,CUST-0130,2026-04-27 18:33:28,Computer Accessories,Ergonomic Multi-Device Wireless Mouse,3,78.93,236.79
INV-100450,CUST-0355,2026-04-27 19:33:15,Electronics & Audio,Thunderbolt 4 Docking Station,2,209.47,418.94
INV-102368,CUST-0250,2026-04-27 22:09:05,Specialty Gourmet,Single-Origin Espresso Bean Subscription (1kg),3,37.96,113.88
INV-103112,CUST-0010,2026-04-27 22:25:02,Electronics & Audio,Noise-Cancelling Studio Pro Headphones,2,317.15,634.3
INV-100304,CUST-0292,2026-04-28 10:46:52,Specialty Gourmet,Single-Origin Espresso Bean Subscription (1kg),2,36.3,72.6
INV-101420,CUST-0279,2026-04-28 11:38:49,Apparel & Lifestyle,Thermal Double-Wall Stainless Flask,2,36.67,73.34
INV-100526,CUST-0062,2026-04-28 14:04:38,Electronics & Audio,Thunderbolt 4 Docking Station,4,203.05,812.2
INV-100410,CUST-0090,2026-04-28 16:01:11,Computer Accessories,Ergonomic Multi-Device Wireless Mouse,2,84.72,169.44
INV-100526,CUST-0062,2026-04-28 16:06:52,Apparel & Lifestyle,Thermal Double-Wall Stainless Flask,5,39.48,197.4
INV-101420,CUST-0279,2026-04-28 16:26:46,Wearables & Fitness,Titanium GPS Smart Fitness Watch,1,251.27,251.27
INV-101540,CUST-0193,2026-04-28 18:24:01,Wearables & Fitness,Heart Rate Performance Sensor Band,2,85.9,171.8
INV-101449,CUST-0226,2026-04-28 19:28:01,Computer Accessories,Custom Mechanical RGB Keyboard,2,148.02,296.04
INV-102243,CUST-0414,2026-04-28 19:36:22,Apparel & Lifestyle,Thermal Double-Wall Stainless Flask,4,40.83,163.32
INV-102257,CUST-0446,2026-04-28 20:25:08,Apparel & Lifestyle,Full-Grain Leather Briefcase Sleeve,4,95.45,381.8
INV-100049,CUST-0282,2026-04-28 21:41:43,Electronics & Audio,Noise-Cancelling Studio Pro Headphones,4,332.56,1330.24
INV-102257,CUST-0446,2026-04-28 22:21:59,Computer Accessories,Ergonomic Multi-Device Wireless Mouse,2,91.15,182.3
INV-101677,CUST-0054,2026-04-29 09:37:00,Computer Accessories,Ergonomic Multi-Device Wireless Mouse,1,77.58,77.58
INV-101127,CUST-0316,2026-04-29 10:41:09,Smart Office & Furniture,Smart LED Desk Bar Lamp,4,50.04,200.16
INV-100749,CUST-0003,2026-04-29 10:46:18,Electronics & Audio,Thunderbolt 4 Docking Station,2,215.3,430.6
INV-103148,CUST-0001,2026-04-29 11:45:49,Apparel & Lifestyle,Full-Grain Leather Briefcase Sleeve,5,92.56,462.8
INV-102632,CUST-0311,2026-04-29 16:04:52,Smart Office & Furniture,Smart LED Desk Bar Lamp,3,51.24,153.72
INV-101598,CUST-0027,2026-04-29 17:15:41,Specialty Gourmet,Single-Origin Espresso Bean Subscription (1kg),1,32.98,32.98
INV-101127,CUST-0316,2026-04-29 17:21:29,Computer Accessories,Premium Aluminum Monitor Arm,3,65.3,195.9
INV-100062,CUST-0180,2026-04-29 19:43:41,Smart Office & Furniture,Smart LED Desk Bar Lamp,6,56.19,337.14
INV-100545,CUST-0101,2026-04-30 12:16:08,Electronics & Audio,Thunderbolt 4 Docking Station,1,214.31,214.31
INV-102446,CUST-0148,2026-04-30 14:05:28,Computer Accessories,Custom Mechanical RGB Keyboard,2,168.35,336.7
INV-103149,CUST-0001,2026-04-30 14:53:23,Electronics & Audio,Noise-Cancelling Studio Pro Headphones,3,321.9,965.7
INV-101268,CUST-0411,2026-04-30 17:11:49,Apparel & Lifestyle,Full-Grain Leather Briefcase Sleeve,1,83.11,83.11
INV-103149,CUST-0001,2026-04-30 18:46:14,Specialty Gourmet,Single-Origin Espresso Bean Subscription (1kg),1,35.26,35.26
INV-100168,CUST-0121,2026-04-30 19:58:08,Electronics & Audio,Noise-Cancelling Studio Pro Headphones,4,322.13,1288.52
INV-100094,CUST-0331,2026-04-30 20:03:08,Computer Accessories,Custom Mechanical RGB Keyboard,2,168.35,336.7
INV-100507,CUST-0395,2026-04-30 20:12:58,Computer Accessories,Custom Mechanical RGB Keyboard,3,168.75,506.25
INV-102073,CUST-0179,2026-04-30 21:09:14,Smart Office & Furniture,Smart LED Desk Bar Lamp,3,51.49,154.47
INV-103169,CUST-0277,2026-05-01 09:25:02,Smart Office & Furniture,Ergonomic Lumbar Executive Chair,1,290.8,290.8
INV-100508,CUST-0395,2026-05-01 10:12:21,Smart Office & Furniture,Smart LED Desk Bar Lamp,4,56.77,227.08
INV-102448,CUST-0148,2026-05-01 12:08:12,Computer Accessories,Ergonomic Multi-Device Wireless Mouse,1,95.3,95.3
INV-101110,CUST-0314,2026-05-01 13:27:29,Specialty Gourmet,Single-Origin Espresso Bean Subscription (1kg),6,35.34,212.04
INV-102878,CUST-0368,2026-05-01 14:05:25,Wearables & Fitness,Titanium GPS Smart Fitness Watch,2,260.35,520.7
INV-101769,CUST-0073,2026-05-01 16:56:19,Wearables & Fitness,Titanium GPS Smart Fitness Watch,3,239.46,718.38
INV-102388,CUST-0091,2026-05-01 18:44:01,Smart Office & Furniture,Ergonomic Lumbar Executive Chair,1,313.88,313.88
INV-102447,CUST-0148,2026-05-01 18:59:50,Apparel & Lifestyle,Thermal Double-Wall Stainless Flask,4,40.12,160.48
INV-101345,CUST-0228,2026-05-01 19:16:16,Smart Office & Furniture,Ergonomic Lumbar Executive Chair,3,268.38,805.14
INV-102447,CUST-0148,2026-05-01 21:56:12,Wearables & Fitness,Heart Rate Performance Sensor Band,1,99.94,99.94
INV-102236,CUST-0379,2026-05-02 09:19:14,Computer Accessories,Custom Mechanical RGB Keyboard,4,173.71,694.84
INV-100063,CUST-0180,2026-05-02 12:14:19,Computer Accessories,Ergonomic Multi-Device Wireless Mouse,2,86.34,172.68
INV-100703,CUST-0421,2026-05-02 12:46:43,Computer Accessories,Custom Mechanical RGB Keyboard,2,171.53,343.06
INV-100857,CUST-0078,2026-05-02 15:44:03,Electronics & Audio,Thunderbolt 4 Docking Station,6,208.99,1253.94
INV-102202,CUST-0211,2026-05-02 17:10:42,Computer Accessories,Ergonomic Multi-Device Wireless Mouse,3,88.28,264.84
INV-100895,CUST-0383,2026-05-02 17:15:30,Electronics & Audio,Thunderbolt 4 Docking Station,1,205.82,205.82
INV-101202,CUST-0381,2026-05-02 18:11:56,Computer Accessories,Custom Mechanical RGB Keyboard,3,149.8,449.4
INV-100857,CUST-0078,2026-05-02 19:02:57,Wearables & Fitness,Heart Rate Performance Sensor Band,3,95.38,286.14
INV-100063,CUST-0180,2026-05-02 19:45:31,Smart Office & Furniture,Ergonomic Lumbar Executive Chair,3,307.46,922.38
INV-100254,CUST-0242,2026-05-03 08:14:16,Wearables & Fitness,Heart Rate Performance Sensor Band,2,98.69,197.38
INV-101974,CUST-0191,2026-05-03 08:51:28,Electronics & Audio,4K Curved Ultra-Wide Gaming Monitor,2,518.43,1036.86
INV-102570,CUST-0433,2026-05-03 10:15:47,Wearables & Fitness,Heart Rate Performance Sensor Band,4,90.08,360.32
INV-100147,CUST-0110,2026-05-03 11:13:17,Wearables & Fitness,Titanium GPS Smart Fitness Watch,4,263.04,1052.16
INV-100254,CUST-0242,2026-05-03 12:45:45,Smart Office & Furniture,Ergonomic Lumbar Executive Chair,5,309.88,1549.4
INV-102520,CUST-0258,2026-05-03 13:03:14,Wearables & Fitness,Heart Rate Performance Sensor Band,1,93.42,93.42
INV-100169,CUST-0121,2026-05-03 13:16:05,Computer Accessories,Ergonomic Multi-Device Wireless Mouse,3,85.03,255.09
INV-101974,CUST-0191,2026-05-03 14:58:23,Wearables & Fitness,Heart Rate Performance Sensor Band,1,91.88,91.88
INV-102570,CUST-0433,2026-05-03 16:00:23,Smart Office & Furniture,Smart LED Desk Bar Lamp,5,52.32,261.6
INV-101255,CUST-0130,2026-05-03 17:13:44,Wearables & Fitness,Heart Rate Performance Sensor Band,4,86.55,346.2
INV-100169,CUST-0121,2026-05-03 18:10:03,Apparel & Lifestyle,Thermal Double-Wall Stainless Flask,3,40.12,120.36
INV-100566,CUST-0005,2026-05-03 18:24:17,Wearables & Fitness,Heart Rate Performance Sensor Band,1,101.29,101.29
INV-101974,CUST-0191,2026-05-03 19:05:45,Smart Office & Furniture,Motorized Standing Desk Frame,3,391.17,1173.51
INV-101255,CUST-0130,2026-05-03 20:43:50,Computer Accessories,Custom Mechanical RGB Keyboard,4,148.15,592.6
INV-100254,CUST-0242,2026-05-03 22:24:54,Electronics & Audio,Thunderbolt 4 Docking Station,6,204.7,1228.2
INV-102705,CUST-0342,2026-05-04 13:47:15,Specialty Gourmet,Single-Origin Espresso Bean Subscription (1kg),5,34.27,171.35
INV-100567,CUST-0005,2026-05-04 16:45:49,Computer Accessories,Ergonomic Multi-Device Wireless Mouse,4,88.41,353.64
INV-101294,CUST-0343,2026-05-04 17:27:26,Electronics & Audio,Noise-Cancelling Studio Pro Headphones,2,302.97,605.94
INV-102141,CUST-0377,2026-05-04 17:39:22,Apparel & Lifestyle,Thermal Double-Wall Stainless Flask,2,36.79,73.58
INV-102011,CUST-0155,2026-05-04 18:43:43,Specialty Gourmet,Single-Origin Espresso Bean Subscription (1kg),3,33.71,101.13
INV-102279,CUST-0119,2026-05-04 22:16:04,Computer Accessories,Premium Aluminum Monitor Arm,2,76.96,153.92
INV-102011,CUST-0155,2026-05-04 22:39:21,Specialty Gourmet,Single-Origin Espresso Bean Subscription (1kg),3,32.34,97.02
INV-102705,CUST-0342,2026-05-04 22:58:45,Electronics & Audio,Thunderbolt 4 Docking Station,2,195.63,391.26
INV-101862,CUST-0219,2026-05-05 09:22:53,Computer Accessories,Custom Mechanical RGB Keyboard,3,145.3,435.9
INV-101925,CUST-0287,2026-05-05 10:44:16,Specialty Gourmet,Single-Origin Espresso Bean Subscription (1kg),1,33.21,33.21
INV-102258,CUST-0446,2026-05-05 11:22:15,Electronics & Audio,4K Curved Ultra-Wide Gaming Monitor,4,576.99,2307.96
INV-102195,CUST-0185,2026-05-05 11:38:17,Wearables & Fitness,Titanium GPS Smart Fitness Watch,2,282.76,565.52
INV-100975,CUST-0046,2026-05-05 14:33:59,Electronics & Audio,Thunderbolt 4 Docking Station,4,201.24,804.96
INV-101862,CUST-0219,2026-05-05 14:41:05,Apparel & Lifestyle,Full-Grain Leather Briefcase Sleeve,3,83.21,249.63
INV-100255,CUST-0242,2026-05-05 16:52:39,Computer Accessories,Ergonomic Multi-Device Wireless Mouse,4,86.5,346.0
INV-102258,CUST-0446,2026-05-05 18:21:34,Wearables & Fitness,Heart Rate Performance Sensor Band,1,104.02,104.02
INV-101686,CUST-0011,2026-05-05 18:25:08,Specialty Gourmet,Single-Origin Espresso Bean Subscription (1kg),1,33.1,33.1
INV-102350,CUST-0354,2026-05-05 19:17:05,Specialty Gourmet,Single-Origin Espresso Bean Subscription (1kg),3,36.47,109.41
INV-100773,CUST-0060,2026-05-05 19:20:05,Smart Office & Furniture,Ergonomic Lumbar Executive Chair,4,294.01,1176.04
INV-101862,CUST-0219,2026-05-05 21:46:36,Computer Accessories,Ergonomic Multi-Device Wireless Mouse,2,82.8,165.6
INV-102350,CUST-0354,2026-05-05 21:56:23,Apparel & Lifestyle,Thermal Double-Wall Stainless Flask,2,40.05,80.1
INV-101925,CUST-0287,2026-05-05 22:46:00,Specialty Gourmet,Single-Origin Espresso Bean Subscription (1kg),1,32.62,32.62
INV-100586,CUST-0008,2026-05-06 08:12:07,Apparel & Lifestyle,Thermal Double-Wall Stainless Flask,6,38.68,232.08
INV-100411,CUST-0090,2026-05-06 10:00:31,Computer Accessories,Ergonomic Multi-Device Wireless Mouse,1,86.01,86.01
INV-100076,CUST-0267,2026-05-06 10:39:54,Computer Accessories,Ergonomic Multi-Device Wireless Mouse,6,89.7,538.2
INV-100129,CUST-0007,2026-05-06 12:19:17,Computer Accessories,Custom Mechanical RGB Keyboard,4,160.63,642.52
INV-100411,CUST-0090,2026-05-06 12:50:51,Electronics & Audio,Thunderbolt 4 Docking Station,2,205.81,411.62
INV-103125,CUST-0251,2026-05-06 14:34:30,Computer Accessories,Custom Mechanical RGB Keyboard,2,163.59,327.18
INV-101926,CUST-0287,2026-05-06 15:17:26,Smart Office & Furniture,Ergonomic Lumbar Executive Chair,1,269.97,269.97
INV-100411,CUST-0090,2026-05-06 15:44:50,Smart Office & Furniture,Motorized Standing Desk Frame,4,434.65,1738.6
INV-101269,CUST-0411,2026-05-06 20:25:58,Computer Accessories,Premium Aluminum Monitor Arm,1,65.07,65.07
INV-101072,CUST-0097,2026-05-06 20:27:20,Wearables & Fitness,Titanium GPS Smart Fitness Watch,6,272.19,1633.14
INV-101926,CUST-0287,2026-05-06 21:20:39,Smart Office & Furniture,Smart LED Desk Bar Lamp,1,51.14,51.14
INV-103125,CUST-0251,2026-05-06 21:26:51,Apparel & Lifestyle,Thermal Double-Wall Stainless Flask,4,36.6,146.4
INV-100954,CUST-0022,2026-05-07 11:05:33,Computer Accessories,Premium Aluminum Monitor Arm,1,70.56,70.56
INV-101434,CUST-0094,2026-05-07 13:35:30,Electronics & Audio,4K Curved Ultra-Wide Gaming Monitor,1,498.65,498.65
INV-101819,CUST-0351,2026-05-07 13:52:52,Computer Accessories,Premium Aluminum Monitor Arm,4,62.93,251.72
INV-100170,CUST-0121,2026-05-07 14:41:05,Computer Accessories,Ergonomic Multi-Device Wireless Mouse,6,89.68,538.08
INV-101819,CUST-0351,2026-05-07 16:25:29,Computer Accessories,Premium Aluminum Monitor Arm,3,62.86,188.58
INV-100203,CUST-0418,2026-05-07 20:50:08,Smart Office & Furniture,Smart LED Desk Bar Lamp,1,54.82,54.82
INV-102369,CUST-0250,2026-05-07 21:09:24,Apparel & Lifestyle,Full-Grain Leather Briefcase Sleeve,4,100.84,403.36
INV-100203,CUST-0418,2026-05-07 21:49:14,Smart Office & Furniture,Smart LED Desk Bar Lamp,1,52.84,52.84
INV-103195,CUST-0192,2026-05-08 22:52:26,Apparel & Lifestyle,Full-Grain Leather Briefcase Sleeve,2,89.75,179.5
INV-101270,CUST-0411,2026-05-09 11:19:27,Computer Accessories,Custom Mechanical RGB Keyboard,4,146.25,585.0
INV-102305,CUST-0442,2026-05-09 19:40:08,Apparel & Lifestyle,Full-Grain Leather Briefcase Sleeve,2,96.91,193.82
INV-100412,CUST-0090,2026-05-09 20:25:04,Electronics & Audio,4K Curved Ultra-Wide Gaming Monitor,2,529.4,1058.8
INV-102690,CUST-0320,2026-05-10 08:06:20,Computer Accessories,Ergonomic Multi-Device Wireless Mouse,4,83.28,333.12
INV-100750,CUST-0003,2026-05-10 11:28:26,Smart Office & Furniture,Smart LED Desk Bar Lamp,2,53.33,106.66
INV-100130,CUST-0007,2026-05-10 12:30:50,Electronics & Audio,4K Curved Ultra-Wide Gaming Monitor,4,539.06,2156.24
INV-101412,CUST-0207,2026-05-10 13:04:44,Specialty Gourmet,Single-Origin Espresso Bean Subscription (1kg),2,32.03,64.06
INV-100750,CUST-0003,2026-05-10 13:21:52,Apparel & Lifestyle,Full-Grain Leather Briefcase Sleeve,1,90.91,90.91
INV-100305,CUST-0292,2026-05-10 13:32:56,Computer Accessories,Premium Aluminum Monitor Arm,5,71.55,357.75
INV-101412,CUST-0207,2026-05-10 13:57:59,Apparel & Lifestyle,Full-Grain Leather Briefcase Sleeve,3,84.53,253.59
INV-102311,CUST-0400,2026-05-10 17:49:49,Wearables & Fitness,Titanium GPS Smart Fitness Watch,1,286.72,286.72
INV-100371,CUST-0035,2026-05-10 19:14:39,Electronics & Audio,Noise-Cancelling Studio Pro Headphones,5,330.27,1651.35
INV-102690,CUST-0320,2026-05-10 20:09:01,Electronics & Audio,Thunderbolt 4 Docking Station,1,192.54,192.54
INV-101554,CUST-0134,2026-05-11 13:42:25,Computer Accessories,Ergonomic Multi-Device Wireless Mouse,1,79.4,79.4
INV-102062,CUST-0076,2026-05-11 14:37:45,Wearables & Fitness,Titanium GPS Smart Fitness Watch,3,254.9,764.7
INV-102050,CUST-0056,2026-05-11 14:53:58,Smart Office & Furniture,Smart LED Desk Bar Lamp,3,51.86,155.58
INV-100988,CUST-0171,2026-05-11 15:58:41,Electronics & Audio,4K Curved Ultra-Wide Gaming Monitor,1,545.67,545.67
INV-101154,CUST-0428,2026-05-11 16:13:07,Smart Office & Furniture,Smart LED Desk Bar Lamp,2,49.21,98.42
INV-101913,CUST-0021,2026-05-11 18:02:56,Computer Accessories,Custom Mechanical RGB Keyboard,4,146.17,584.68
INV-102391,CUST-0406,2026-05-11 18:41:47,Computer Accessories,Ergonomic Multi-Device Wireless Mouse,1,90.52,90.52
INV-101154,CUST-0428,2026-05-11 18:48:29,Specialty Gourmet,Single-Origin Espresso Bean Subscription (1kg),2,33.02,66.04
INV-101154,CUST-0428,2026-05-11 20:09:02,Electronics & Audio,4K Curved Ultra-Wide Gaming Monitor,3,507.98,1523.94
INV-101913,CUST-0021,2026-05-11 20:59:29,Smart Office & Furniture,Smart LED Desk Bar Lamp,4,49.41,197.64
INV-102062,CUST-0076,2026-05-11 22:58:40,Computer Accessories,Ergonomic Multi-Device Wireless Mouse,3,81.32,243.96
INV-100622,CUST-0403,2026-05-12 11:37:33,Smart Office & Furniture,Ergonomic Lumbar Executive Chair,1,305.12,305.12
INV-101975,CUST-0191,2026-05-12 15:02:33,Electronics & Audio,Thunderbolt 4 Docking Station,3,193.63,580.89
INV-102469,CUST-0252,2026-05-12 16:48:21,Smart Office & Furniture,Ergonomic Lumbar Executive Chair,4,311.93,1247.72
INV-100568,CUST-0005,2026-05-12 20:04:34,Smart Office & Furniture,Motorized Standing Desk Frame,6,427.39,2564.34
INV-102469,CUST-0252,2026-05-12 20:13:36,Wearables & Fitness,Heart Rate Performance Sensor Band,1,101.43,101.43
INV-100622,CUST-0403,2026-05-12 20:17:12,Electronics & Audio,4K Curved Ultra-Wide Gaming Monitor,2,561.25,1122.5
INV-101837,CUST-0304,2026-05-12 20:19:23,Apparel & Lifestyle,Thermal Double-Wall Stainless Flask,1,34.68,34.68
INV-102262,CUST-0114,2026-05-12 21:32:58,Specialty Gourmet,Single-Origin Espresso Bean Subscription (1kg),1,37.85,37.85
INV-101903,CUST-0402,2026-05-13 10:10:48,Smart Office & Furniture,Smart LED Desk Bar Lamp,3,49.21,147.63
INV-102714,CUST-0417,2026-05-13 15:25:11,Computer Accessories,Custom Mechanical RGB Keyboard,3,161.06,483.18
INV-101903,CUST-0402,2026-05-13 16:01:52,Specialty Gourmet,Single-Origin Espresso Bean Subscription (1kg),3,33.61,100.83
INV-102470,CUST-0252,2026-05-13 19:39:55,Computer Accessories,Ergonomic Multi-Device Wireless Mouse,2,93.33,186.66
INV-102932,CUST-0308,2026-05-13 20:11:00,Computer Accessories,Ergonomic Multi-Device Wireless Mouse,3,80.88,242.64
INV-101903,CUST-0402,2026-05-13 22:25:57,Apparel & Lifestyle,Full-Grain Leather Briefcase Sleeve,1,88.2,88.2
INV-102230,CUST-0420,2026-05-14 08:32:30,Apparel & Lifestyle,Thermal Double-Wall Stainless Flask,2,41.16,82.32
INV-102210,CUST-0212,2026-05-14 09:35:16,Specialty Gourmet,Single-Origin Espresso Bean Subscription (1kg),3,37.04,111.12
INV-102521,CUST-0258,2026-05-14 10:44:21,Apparel & Lifestyle,Full-Grain Leather Briefcase Sleeve,2,92.58,185.16
INV-101510,CUST-0399,2026-05-14 13:54:49,Apparel & Lifestyle,Full-Grain Leather Briefcase Sleeve,3,86.44,259.32
INV-102399,CUST-0169,2026-05-14 16:01:55,Computer Accessories,Ergonomic Multi-Device Wireless Mouse,1,88.65,88.65
INV-101510,CUST-0399,2026-05-14 20:12:50,Specialty Gourmet,Single-Origin Espresso Bean Subscription (1kg),1,32.37,32.37
INV-102376,CUST-0106,2026-05-15 09:20:30,Smart Office & Furniture,Motorized Standing Desk Frame,4,449.43,1797.72
INV-101128,CUST-0316,2026-05-15 09:58:53,Apparel & Lifestyle,Thermal Double-Wall Stainless Flask,3,37.22,111.66
INV-102835,CUST-0407,2026-05-15 10:24:25,Apparel & Lifestyle,Thermal Double-Wall Stainless Flask,5,36.78,183.9
INV-101128,CUST-0316,2026-05-15 15:38:42,Computer Accessories,Ergonomic Multi-Device Wireless Mouse,4,79.11,316.44
INV-102376,CUST-0106,2026-05-15 21:51:37,Specialty Gourmet,Single-Origin Espresso Bean Subscription (1kg),2,37.35,74.7
INV-102231,CUST-0420,2026-05-16 10:30:34,Specialty Gourmet,Single-Origin Espresso Bean Subscription (1kg),1,36.93,36.93
INV-102159,CUST-0100,2026-05-16 15:01:51,Wearables & Fitness,Titanium GPS Smart Fitness Watch,3,239.27,717.81
INV-102308,CUST-0200,2026-05-16 15:43:47,Specialty Gourmet,Single-Origin Espresso Bean Subscription (1kg),2,38.1,76.2
INV-101306,CUST-0353,2026-05-16 18:43:26,Specialty Gourmet,Single-Origin Espresso Bean Subscription (1kg),1,33.15,33.15
INV-100939,CUST-0340,2026-05-16 20:14:17,Specialty Gourmet,Single-Origin Espresso Bean Subscription (1kg),3,34.74,104.22
INV-101450,CUST-0226,2026-05-17 09:26:33,Computer Accessories,Ergonomic Multi-Device Wireless Mouse,1,77.42,77.42
INV-101450,CUST-0226,2026-05-17 10:35:20,Electronics & Audio,4K Curved Ultra-Wide Gaming Monitor,3,501.27,1503.81
INV-102309,CUST-0200,2026-05-17 11:48:13,Electronics & Audio,Noise-Cancelling Studio Pro Headphones,3,331.23,993.69
INV-101307,CUST-0353,2026-05-17 12:56:45,Specialty Gourmet,Single-Origin Espresso Bean Subscription (1kg),1,33.24,33.24
INV-102822,CUST-0103,2026-05-17 13:50:57,Computer Accessories,Premium Aluminum Monitor Arm,4,65.61,262.44
INV-102471,CUST-0252,2026-05-17 13:51:40,Apparel & Lifestyle,Full-Grain Leather Briefcase Sleeve,1,99.64,99.64
INV-100751,CUST-0003,2026-05-17 16:10:05,Electronics & Audio,Noise-Cancelling Studio Pro Headphones,4,325.8,1303.2
INV-102633,CUST-0311,2026-05-17 17:04:20,Wearables & Fitness,Heart Rate Performance Sensor Band,5,90.21,451.05
INV-101307,CUST-0353,2026-05-17 17:41:34,Apparel & Lifestyle,Thermal Double-Wall Stainless Flask,1,36.62,36.62
INV-101881,CUST-0077,2026-05-17 17:43:49,Smart Office & Furniture,Smart LED Desk Bar Lamp,1,49.47,49.47
INV-102633,CUST-0311,2026-05-17 19:13:29,Smart Office & Furniture,Smart LED Desk Bar Lamp,1,53.93,53.93
INV-100751,CUST-0003,2026-05-17 20:26:23,Apparel & Lifestyle,Thermal Double-Wall Stainless Flask,3,39.2,117.6
INV-102471,CUST-0252,2026-05-17 21:42:40,Specialty Gourmet,Single-Origin Espresso Bean Subscription (1kg),3,38.42,115.26
INV-102822,CUST-0103,2026-05-17 22:21:18,Specialty Gourmet,Single-Origin Espresso Bean Subscription (1kg),1,32.97,32.97
INV-101881,CUST-0077,2026-05-17 22:50:19,Computer Accessories,Premium Aluminum Monitor Arm,4,63.82,255.28
INV-100488,CUST-0146,2026-05-18 08:09:54,Computer Accessories,Custom Mechanical RGB Keyboard,1,167.01,167.01
INV-100077,CUST-0267,2026-05-18 09:25:42,Computer Accessories,Premium Aluminum Monitor Arm,4,71.04,284.16
INV-100348,CUST-0431,2026-05-18 09:32:41,Specialty Gourmet,Single-Origin Espresso Bean Subscription (1kg),4,34.79,139.16
INV-101190,CUST-0189,2026-05-18 11:35:53,Computer Accessories,Custom Mechanical RGB Keyboard,3,145.68,437.04
INV-102297,CUST-0262,2026-05-18 12:47:52,Electronics & Audio,4K Curved Ultra-Wide Gaming Monitor,1,577.68,577.68
INV-101646,CUST-0213,2026-05-18 14:50:45,Computer Accessories,Custom Mechanical RGB Keyboard,4,149.55,598.2
INV-100290,CUST-0305,2026-05-18 19:36:46,Apparel & Lifestyle,Full-Grain Leather Briefcase Sleeve,6,93.69,562.14
INV-103113,CUST-0010,2026-05-18 21:25:40,Smart Office & Furniture,Motorized Standing Desk Frame,3,412.77,1238.31
INV-102823,CUST-0103,2026-05-19 08:13:33,Wearables & Fitness,Heart Rate Performance Sensor Band,1,93.76,93.76
INV-101155,CUST-0428,2026-05-19 09:03:17,Electronics & Audio,Noise-Cancelling Studio Pro Headphones,4,295.2,1180.8
INV-101155,CUST-0428,2026-05-19 11:24:11,Computer Accessories,Ergonomic Multi-Device Wireless Mouse,4,76.99,307.96
INV-102459,CUST-0270,2026-05-19 11:30:34,Computer Accessories,Premium Aluminum Monitor Arm,1,74.66,74.66
INV-102459,CUST-0270,2026-05-19 14:03:19,Computer Accessories,Ergonomic Multi-Device Wireless Mouse,1,90.13,90.13
INV-102459,CUST-0270,2026-05-19 17:01:53,Computer Accessories,Custom Mechanical RGB Keyboard,3,176.36,529.08
INV-102248,CUST-0210,2026-05-19 17:31:53,Computer Accessories,Custom Mechanical RGB Keyboard,1,173.57,173.57
INV-102451,CUST-0147,2026-05-19 21:21:06,Computer Accessories,Custom Mechanical RGB Keyboard,1,172.12,172.12
INV-101155,CUST-0428,2026-05-19 21:24:24,Apparel & Lifestyle,Thermal Double-Wall Stainless Flask,4,35.99,143.96
INV-102248,CUST-0210,2026-05-19 21:34:07,Wearables & Fitness,Heart Rate Performance Sensor Band,3,104.41,313.23
INV-102451,CUST-0147,2026-05-19 22:27:51,Wearables & Fitness,Titanium GPS Smart Fitness Watch,1,293.65,293.65
INV-100148,CUST-0110,2026-05-20 09:16:42,Electronics & Audio,4K Curved Ultra-Wide Gaming Monitor,3,535.6,1606.8
INV-102460,CUST-0270,2026-05-20 12:14:29,Wearables & Fitness,Heart Rate Performance Sensor Band,4,104.29,417.16
INV-101129,CUST-0316,2026-05-20 13:37:37,Apparel & Lifestyle,Full-Grain Leather Briefcase Sleeve,3,82.48,247.44
INV-100989,CUST-0171,2026-05-20 14:24:01,Electronics & Audio,Thunderbolt 4 Docking Station,1,210.17,210.17
INV-100148,CUST-0110,2026-05-20 16:11:23,Apparel & Lifestyle,Thermal Double-Wall Stainless Flask,1,40.55,40.55
INV-100393,CUST-0160,2026-05-20 16:11:49,Specialty Gourmet,Single-Origin Espresso Bean Subscription (1kg),5,36.18,180.9
INV-102232,CUST-0420,2026-05-20 18:04:20,Electronics & Audio,Noise-Cancelling Studio Pro Headphones,4,336.27,1345.08
INV-100204,CUST-0418,2026-05-20 18:05:37,Apparel & Lifestyle,Thermal Double-Wall Stainless Flask,3,40.19,120.57
INV-100393,CUST-0160,2026-05-20 18:32:31,Computer Accessories,Custom Mechanical RGB Keyboard,3,163.08,489.24
INV-100989,CUST-0171,2026-05-20 20:05:17,Apparel & Lifestyle,Full-Grain Leather Briefcase Sleeve,1,90.75,90.75
INV-100989,CUST-0171,2026-05-20 20:53:41,Smart Office & Furniture,Smart LED Desk Bar Lamp,1,56.43,56.43
INV-103017,CUST-0249,2026-05-20 22:01:41,Electronics & Audio,Noise-Cancelling Studio Pro Headphones,3,310.56,931.68
INV-102321,CUST-0028,2026-05-21 11:20:48,Apparel & Lifestyle,Thermal Double-Wall Stainless Flask,1,39.97,39.97
INV-101464,CUST-0324,2026-05-21 13:29:15,Computer Accessories,Premium Aluminum Monitor Arm,2,62.7,125.4
INV-100186,CUST-0145,2026-05-21 13:33:33,Electronics & Audio,Thunderbolt 4 Docking Station,1,202.84,202.84
INV-101927,CUST-0287,2026-05-21 16:27:39,Computer Accessories,Premium Aluminum Monitor Arm,4,66.81,267.24
INV-101008,CUST-0269,2026-05-21 19:21:28,Smart Office & Furniture,Smart LED Desk Bar Lamp,3,54.86,164.58
INV-100256,CUST-0242,2026-05-21 21:53:23,Electronics & Audio,Thunderbolt 4 Docking Station,5,216.78,1083.9
INV-102392,CUST-0406,2026-05-21 22:29:31,Smart Office & Furniture,Ergonomic Lumbar Executive Chair,4,316.25,1265.0
INV-102545,CUST-0018,2026-05-22 08:23:14,Computer Accessories,Ergonomic Multi-Device Wireless Mouse,5,83.06,415.3
INV-101806,CUST-0248,2026-05-22 10:20:36,Electronics & Audio,Thunderbolt 4 Docking Station,1,196.8,196.8
INV-102501,CUST-0132,2026-05-22 11:33:23,Specialty Gourmet,Single-Origin Espresso Bean Subscription (1kg),4,38.86,155.44
INV-101928,CUST-0287,2026-05-22 17:25:44,Wearables & Fitness,Titanium GPS Smart Fitness Watch,2,252.96,505.92
INV-101806,CUST-0248,2026-05-22 20:59:11,Computer Accessories,Premium Aluminum Monitor Arm,1,64.62,64.62
INV-102100,CUST-0159,2026-05-22 21:41:31,Computer Accessories,Custom Mechanical RGB Keyboard,1,144.84,144.84
INV-102501,CUST-0132,2026-05-22 21:45:36,Apparel & Lifestyle,Thermal Double-Wall Stainless Flask,2,40.14,80.28
INV-102495,CUST-0061,2026-05-23 10:41:16,Computer Accessories,Custom Mechanical RGB Keyboard,4,174.29,697.16
INV-102419,CUST-0105,2026-05-23 14:11:38,Computer Accessories,Ergonomic Multi-Device Wireless Mouse,1,94.87,94.87
INV-102322,CUST-0028,2026-05-23 14:36:38,Smart Office & Furniture,Motorized Standing Desk Frame,1,435.13,435.13
INV-101531,CUST-0051,2026-05-23 14:51:06,Computer Accessories,Premium Aluminum Monitor Arm,2,62.5,125.0
INV-100025,CUST-0042,2026-05-23 18:25:23,Specialty Gourmet,Single-Origin Espresso Bean Subscription (1kg),1,34.53,34.53
INV-100306,CUST-0292,2026-05-24 12:25:21,Specialty Gourmet,Single-Origin Espresso Bean Subscription (1kg),6,36.5,219.0
INV-101451,CUST-0226,2026-05-24 13:23:02,Wearables & Fitness,Titanium GPS Smart Fitness Watch,2,253.46,506.92
INV-102063,CUST-0076,2026-05-24 17:30:54,Computer Accessories,Custom Mechanical RGB Keyboard,2,149.23,298.46
INV-102051,CUST-0056,2026-05-24 19:25:59,Specialty Gourmet,Single-Origin Espresso Bean Subscription (1kg),1,32.2,32.2
INV-100912,CUST-0093,2026-05-24 21:20:24,Specialty Gourmet,Single-Origin Espresso Bean Subscription (1kg),5,35.37,176.85
INV-102442,CUST-0122,2026-05-25 08:47:48,Wearables & Fitness,Heart Rate Performance Sensor Band,2,103.29,206.58
INV-100787,CUST-0352,2026-05-25 08:52:29,Smart Office & Furniture,Smart LED Desk Bar Lamp,5,54.78,273.9
INV-101863,CUST-0219,2026-05-25 09:19:12,Electronics & Audio,Noise-Cancelling Studio Pro Headphones,3,303.93,911.79
INV-100257,CUST-0242,2026-05-25 09:30:04,Wearables & Fitness,Titanium GPS Smart Fitness Watch,3,269.48,808.44
INV-101863,CUST-0219,2026-05-25 10:49:59,Apparel & Lifestyle,Thermal Double-Wall Stainless Flask,2,36.41,72.82
INV-102442,CUST-0122,2026-05-25 11:23:48,Electronics & Audio,Noise-Cancelling Studio Pro Headphones,1,347.06,347.06
INV-100149,CUST-0110,2026-05-25 14:37:07,Smart Office & Furniture,Smart LED Desk Bar Lamp,5,54.5,272.5
INV-100149,CUST-0110,2026-05-25 15:39:11,Wearables & Fitness,Heart Rate Performance Sensor Band,3,96.74,290.22
INV-100787,CUST-0352,2026-05-25 16:27:58,Electronics & Audio,Thunderbolt 4 Docking Station,2,213.15,426.3
INV-102312,CUST-0400,2026-05-25 20:00:01,Electronics & Audio,4K Curved Ultra-Wide Gaming Monitor,3,556.36,1669.08
INV-101795,CUST-0178,2026-05-26 11:43:16,Computer Accessories,Ergonomic Multi-Device Wireless Mouse,1,78.22,78.22
INV-100010,CUST-0038,2026-05-26 11:53:09,Wearables & Fitness,Titanium GPS Smart Fitness Watch,1,263.36,263.36
INV-101754,CUST-0032,2026-05-26 12:14:14,Apparel & Lifestyle,Thermal Double-Wall Stainless Flask,3,34.87,104.61
INV-102111,CUST-0371,2026-05-26 13:02:01,Wearables & Fitness,Heart Rate Performance Sensor Band,1,87.27,87.27
INV-100608,CUST-0089,2026-05-26 13:22:28,Apparel & Lifestyle,Full-Grain Leather Briefcase Sleeve,3,90.17,270.51
INV-100608,CUST-0089,2026-05-26 16:43:27,Computer Accessories,Custom Mechanical RGB Keyboard,3,170.24,510.72
INV-100349,CUST-0431,2026-05-26 19:52:07,Electronics & Audio,Thunderbolt 4 Docking Station,2,206.15,412.3
INV-100608,CUST-0089,2026-05-26 21:07:30,Computer Accessories,Custom Mechanical RGB Keyboard,4,165.01,660.04
INV-101111,CUST-0314,2026-05-27 08:49:26,Smart Office & Furniture,Motorized Standing Desk Frame,1,431.8,431.8
INV-102420,CUST-0105,2026-05-27 10:25:28,Electronics & Audio,4K Curved Ultra-Wide Gaming Monitor,1,577.8,577.8
INV-100679,CUST-0204,2026-05-27 11:23:29,Wearables & Fitness,Titanium GPS Smart Fitness Watch,6,264.26,1585.56
INV-102087,CUST-0040,2026-05-27 11:24:02,Specialty Gourmet,Single-Origin Espresso Bean Subscription (1kg),2,33.36,66.72
INV-102253,CUST-0208,2026-05-27 11:50:37,Computer Accessories,Premium Aluminum Monitor Arm,1,71.93,71.93
INV-102420,CUST-0105,2026-05-27 13:39:50,Computer Accessories,Ergonomic Multi-Device Wireless Mouse,2,94.84,189.68
INV-101678,CUST-0054,2026-05-27 14:34:06,Smart Office & Furniture,Ergonomic Lumbar Executive Chair,4,281.81,1127.24
INV-102406,CUST-0199,2026-05-27 15:25:41,Electronics & Audio,Thunderbolt 4 Docking Station,4,221.73,886.92
INV-102280,CUST-0119,2026-05-27 17:02:46,Computer Accessories,Custom Mechanical RGB Keyboard,2,177.93,355.86
INV-102211,CUST-0212,2026-05-27 17:03:32,Computer Accessories,Custom Mechanical RGB Keyboard,3,171.55,514.65
INV-102211,CUST-0212,2026-05-27 22:01:41,Smart Office & Furniture,Motorized Standing Desk Frame,4,451.47,1805.88
INV-100663,CUST-0241,2026-05-28 14:16:31,Smart Office & Furniture,Ergonomic Lumbar Executive Chair,2,302.66,605.32
INV-100788,CUST-0352,2026-05-28 14:22:53,Wearables & Fitness,Heart Rate Performance Sensor Band,3,100.56,301.68
INV-101586,CUST-0086,2026-05-28 14:52:35,Wearables & Fitness,Titanium GPS Smart Fitness Watch,3,241.52,724.56
INV-100788,CUST-0352,2026-05-28 15:17:38,Wearables & Fitness,Titanium GPS Smart Fitness Watch,1,283.4,283.4
INV-101929,CUST-0287,2026-05-28 19:57:55,Smart Office & Furniture,Ergonomic Lumbar Executive Chair,4,276.48,1105.92
INV-100788,CUST-0352,2026-05-28 21:32:18,Computer Accessories,Custom Mechanical RGB Keyboard,6,161.2,967.2
INV-102354,CUST-0168,2026-05-29 08:13:19,Electronics & Audio,Noise-Cancelling Studio Pro Headphones,3,332.08,996.24
INV-101655,CUST-0376,2026-05-29 08:27:03,Specialty Gourmet,Single-Origin Espresso Bean Subscription (1kg),4,31.82,127.28
INV-102354,CUST-0168,2026-05-29 11:06:48,Electronics & Audio,4K Curved Ultra-Wide Gaming Monitor,4,588.23,2352.92
INV-102481,CUST-0125,2026-05-29 16:10:17,Electronics & Audio,Noise-Cancelling Studio Pro Headphones,3,358.68,1076.04
INV-101322,CUST-0437,2026-05-29 17:17:35,Computer Accessories,Ergonomic Multi-Device Wireless Mouse,4,77.84,311.36
INV-101782,CUST-0197,2026-05-30 14:04:03,Smart Office & Furniture,Smart LED Desk Bar Lamp,4,51.62,206.48
INV-101999,CUST-0336,2026-05-30 14:53:46,Computer Accessories,Ergonomic Multi-Device Wireless Mouse,4,81.6,326.4
INV-101112,CUST-0314,2026-05-30 17:32:23,Electronics & Audio,Thunderbolt 4 Docking Station,3,213.23,639.69
INV-102389,CUST-0091,2026-05-31 11:11:03,Smart Office & Furniture,Smart LED Desk Bar Lamp,4,57.91,231.64
INV-100722,CUST-0157,2026-05-31 15:56:24,Apparel & Lifestyle,Thermal Double-Wall Stainless Flask,5,38.65,193.25
INV-100095,CUST-0331,2026-05-31 17:38:49,Computer Accessories,Ergonomic Multi-Device Wireless Mouse,6,88.43,530.58
INV-101904,CUST-0402,2026-05-31 19:59:14,Specialty Gourmet,Single-Origin Espresso Bean Subscription (1kg),3,32.56,97.68
INV-102389,CUST-0091,2026-05-31 20:15:16,Specialty Gourmet,Single-Origin Espresso Bean Subscription (1kg),3,38.21,114.63
INV-102217,CUST-0359,2026-05-31 21:11:07,Specialty Gourmet,Single-Origin Espresso Bean Subscription (1kg),2,36.43,72.86
INV-102443,CUST-0122,2026-05-31 21:29:05,Wearables & Fitness,Titanium GPS Smart Fitness Watch,2,278.57,557.14
INV-101783,CUST-0197,2026-06-01 09:05:42,Specialty Gourmet,Single-Origin Espresso Bean Subscription (1kg),4,32.51,130.04
INV-101351,CUST-0315,2026-06-01 14:09:16,Electronics & Audio,Noise-Cancelling Studio Pro Headphones,1,293.4,293.4
INV-102452,CUST-0147,2026-06-01 15:39:39,Smart Office & Furniture,Ergonomic Lumbar Executive Chair,1,324.75,324.75
INV-100394,CUST-0160,2026-06-01 18:09:55,Smart Office & Furniture,Ergonomic Lumbar Executive Chair,5,297.33,1486.65
INV-102149,CUST-0068,2026-06-01 18:30:40,Computer Accessories,Custom Mechanical RGB Keyboard,4,145.84,583.36
INV-101465,CUST-0324,2026-06-01 20:04:05,Specialty Gourmet,Single-Origin Espresso Bean Subscription (1kg),1,32.96,32.96
INV-102400,CUST-0169,2026-06-01 20:05:25,Smart Office & Furniture,Ergonomic Lumbar Executive Chair,1,326.92,326.92
INV-101755,CUST-0032,2026-06-01 20:26:12,Smart Office & Furniture,Ergonomic Lumbar Executive Chair,1,276.9,276.9
INV-101465,CUST-0324,2026-06-01 20:39:33,Electronics & Audio,Thunderbolt 4 Docking Station,3,191.17,573.51
INV-101351,CUST-0315,2026-06-01 21:24:01,Smart Office & Furniture,Motorized Standing Desk Frame,3,364.99,1094.97
INV-100394,CUST-0160,2026-06-01 22:21:26,Electronics & Audio,4K Curved Ultra-Wide Gaming Monitor,2,555.07,1110.14
INV-101166,CUST-0128,2026-06-02 08:43:54,Wearables & Fitness,Titanium GPS Smart Fitness Watch,3,258.47,775.41
INV-101166,CUST-0128,2026-06-02 11:03:45,Apparel & Lifestyle,Thermal Double-Wall Stainless Flask,1,36.15,36.15
INV-100723,CUST-0157,2026-06-02 14:51:23,Wearables & Fitness,Titanium GPS Smart Fitness Watch,4,264.92,1059.68
INV-102337,CUST-0104,2026-06-02 19:51:40,Computer Accessories,Custom Mechanical RGB Keyboard,3,172.48,517.44
INV-101223,CUST-0095,2026-06-02 20:31:34,Electronics & Audio,Noise-Cancelling Studio Pro Headphones,2,306.11,612.22
INV-101113,CUST-0314,2026-06-03 08:48:54,Smart Office & Furniture,Smart LED Desk Bar Lamp,5,56.65,283.25
INV-100271,CUST-0163,2026-06-03 10:21:57,Smart Office & Furniture,Smart LED Desk Bar Lamp,4,56.7,226.8
INV-102290,CUST-0273,2026-06-03 13:12:26,Electronics & Audio,Noise-Cancelling Studio Pro Headphones,2,333.12,666.24
INV-102290,CUST-0273,2026-06-03 15:30:38,Wearables & Fitness,Titanium GPS Smart Fitness Watch,1,275.12,275.12
INV-102259,CUST-0446,2026-06-03 18:18:28,Apparel & Lifestyle,Thermal Double-Wall Stainless Flask,4,40.04,160.16
INV-102290,CUST-0273,2026-06-03 20:26:46,Electronics & Audio,Thunderbolt 4 Docking Station,2,216.02,432.04
INV-100489,CUST-0146,2026-06-03 22:05:03,Wearables & Fitness,Titanium GPS Smart Fitness Watch,5,269.48,1347.4
INV-100451,CUST-0355,2026-06-03 22:36:05,Computer Accessories,Ergonomic Multi-Device Wireless Mouse,4,86.65,346.6
INV-100452,CUST-0355,2026-06-04 13:22:38,Smart Office & Furniture,Motorized Standing Desk Frame,3,412.93,1238.79
INV-102039,CUST-0015,2026-06-04 16:08:10,Specialty Gourmet,Single-Origin Espresso Bean Subscription (1kg),1,32.91,32.91
INV-101191,CUST-0189,2026-06-04 16:34:51,Computer Accessories,Custom Mechanical RGB Keyboard,1,155.51,155.51
INV-102313,CUST-0400,2026-06-04 20:47:40,Apparel & Lifestyle,Thermal Double-Wall Stainless Flask,1,41.02,41.02
INV-101367,CUST-0224,2026-06-05 08:50:01,Specialty Gourmet,Single-Origin Espresso Bean Subscription (1kg),3,32.82,98.46
INV-101784,CUST-0197,2026-06-05 09:24:33,Wearables & Fitness,Titanium GPS Smart Fitness Watch,1,239.99,239.99
INV-101820,CUST-0351,2026-06-05 10:43:34,Computer Accessories,Custom Mechanical RGB Keyboard,2,151.6,303.2
INV-101352,CUST-0315,2026-06-05 11:49:52,Wearables & Fitness,Titanium GPS Smart Fitness Watch,4,252.06,1008.24
INV-102088,CUST-0040,2026-06-05 13:41:54,Smart Office & Furniture,Smart LED Desk Bar Lamp,2,49.58,99.16
INV-101587,CUST-0086,2026-06-05 14:12:17,Computer Accessories,Custom Mechanical RGB Keyboard,3,150.12,450.36
INV-101587,CUST-0086,2026-06-05 16:37:52,Electronics & Audio,Noise-Cancelling Studio Pro Headphones,4,298.9,1195.6
INV-101587,CUST-0086,2026-06-05 18:31:38,Specialty Gourmet,Single-Origin Espresso Bean Subscription (1kg),1,33.75,33.75
INV-101352,CUST-0315,2026-06-05 19:55:36,Apparel & Lifestyle,Full-Grain Leather Briefcase Sleeve,3,87.67,263.01
INV-101905,CUST-0402,2026-06-06 08:34:11,Smart Office & Furniture,Ergonomic Lumbar Executive Chair,3,273.63,820.89
INV-102203,CUST-0211,2026-06-06 10:07:53,Apparel & Lifestyle,Thermal Double-Wall Stainless Flask,1,40.83,40.83
INV-101421,CUST-0279,2026-06-06 13:05:06,Computer Accessories,Custom Mechanical RGB Keyboard,4,152.73,610.92
INV-102291,CUST-0273,2026-06-06 13:51:36,Electronics & Audio,Noise-Cancelling Studio Pro Headphones,4,337.91,1351.64
INV-101421,CUST-0279,2026-06-06 18:24:51,Computer Accessories,Custom Mechanical RGB Keyboard,4,150.88,603.52
INV-101864,CUST-0219,2026-06-06 21:12:58,Wearables & Fitness,Heart Rate Performance Sensor Band,2,85.84,171.68
INV-100858,CUST-0078,2026-06-07 09:24:44,Apparel & Lifestyle,Thermal Double-Wall Stainless Flask,6,40.11,240.66
INV-100858,CUST-0078,2026-06-07 17:00:03,Wearables & Fitness,Heart Rate Performance Sensor Band,3,97.46,292.38
INV-100896,CUST-0383,2026-06-07 20:00:42,Apparel & Lifestyle,Full-Grain Leather Briefcase Sleeve,1,90.22,90.22
INV-101821,CUST-0351,2026-06-08 10:16:05,Apparel & Lifestyle,Thermal Double-Wall Stainless Flask,1,35.54,35.54
INV-101714,CUST-0232,2026-06-08 10:57:03,Specialty Gourmet,Single-Origin Espresso Bean Subscription (1kg),1,33.27,33.27
INV-101821,CUST-0351,2026-06-08 11:34:57,Apparel & Lifestyle,Thermal Double-Wall Stainless Flask,2,37.05,74.1
INV-101333,CUST-0388,2026-06-08 11:49:25,Wearables & Fitness,Titanium GPS Smart Fitness Watch,2,245.49,490.98
INV-100774,CUST-0060,2026-06-08 13:34:02,Wearables & Fitness,Heart Rate Performance Sensor Band,2,101.03,202.06
INV-102254,CUST-0208,2026-06-08 15:19:08,Computer Accessories,Ergonomic Multi-Device Wireless Mouse,2,94.48,188.96
INV-100350,CUST-0431,2026-06-08 15:43:30,Smart Office & Furniture,Motorized Standing Desk Frame,3,425.37,1276.11
INV-102314,CUST-0400,2026-06-08 15:47:53,Computer Accessories,Custom Mechanical RGB Keyboard,4,168.37,673.48
INV-100774,CUST-0060,2026-06-08 19:17:41,Smart Office & Furniture,Motorized Standing Desk Frame,6,431.04,2586.24
INV-102260,CUST-0446,2026-06-08 21:24:15,Electronics & Audio,4K Curved Ultra-Wide Gaming Monitor,3,590.41,1771.23
INV-100680,CUST-0204,2026-06-08 21:27:26,Electronics & Audio,Thunderbolt 4 Docking Station,6,212.88,1277.28
INV-100258,CUST-0242,2026-06-09 12:41:45,Computer Accessories,Ergonomic Multi-Device Wireless Mouse,3,90.43,271.29
INV-102323,CUST-0028,2026-06-09 14:28:09,Computer Accessories,Ergonomic Multi-Device Wireless Mouse,3,94.56,283.68
INV-102212,CUST-0212,2026-06-09 20:02:01,Smart Office & Furniture,Ergonomic Lumbar Executive Chair,4,325.82,1303.28
INV-102377,CUST-0106,2026-06-09 20:04:57,Computer Accessories,Ergonomic Multi-Device Wireless Mouse,1,89.22,89.22
INV-101687,CUST-0011,2026-06-10 11:28:09,Electronics & Audio,Thunderbolt 4 Docking Station,4,183.54,734.16
INV-101699,CUST-0246,2026-06-10 11:34:21,Computer Accessories,Ergonomic Multi-Device Wireless Mouse,3,79.72,239.16
INV-101568,CUST-0107,2026-06-10 15:04:50,Computer Accessories,Custom Mechanical RGB Keyboard,3,150.68,452.04
INV-101699,CUST-0246,2026-06-10 16:01:44,Apparel & Lifestyle,Thermal Double-Wall Stainless Flask,4,35.22,140.88
INV-101687,CUST-0011,2026-06-10 20:07:55,Electronics & Audio,Noise-Cancelling Studio Pro Headphones,2,305.37,610.74
INV-101212,CUST-0150,2026-06-10 20:31:02,Electronics & Audio,Noise-Cancelling Studio Pro Headphones,1,300.03,300.03
INV-101687,CUST-0011,2026-06-10 21:44:00,Computer Accessories,Ergonomic Multi-Device Wireless Mouse,2,81.29,162.58
INV-102341,CUST-0222,2026-06-11 08:26:59,Electronics & Audio,Noise-Cancelling Studio Pro Headphones,2,341.17,682.34
INV-102343,CUST-0026,2026-06-11 09:09:05,Apparel & Lifestyle,Full-Grain Leather Briefcase Sleeve,4,98.12,392.48
INV-100527,CUST-0062,2026-06-11 18:42:03,Apparel & Lifestyle,Thermal Double-Wall Stainless Flask,4,39.05,156.2
INV-102237,CUST-0379,2026-06-11 18:50:27,Computer Accessories,Premium Aluminum Monitor Arm,3,76.48,229.44
INV-102421,CUST-0105,2026-06-11 19:25:08,Computer Accessories,Custom Mechanical RGB Keyboard,4,170.73,682.92
INV-101495,CUST-0039,2026-06-11 19:51:30,Apparel & Lifestyle,Full-Grain Leather Briefcase Sleeve,3,84.67,254.01
INV-101930,CUST-0287,2026-06-11 20:42:03,Computer Accessories,Premium Aluminum Monitor Arm,3,66.97,200.91
INV-101700,CUST-0246,2026-06-11 21:02:13,Wearables & Fitness,Titanium GPS Smart Fitness Watch,2,243.65,487.3
INV-101941,CUST-0265,2026-06-12 08:00:44,Computer Accessories,Ergonomic Multi-Device Wireless Mouse,3,78.17,234.51
INV-100334,CUST-0144,2026-06-12 09:12:46,Smart Office & Furniture,Smart LED Desk Bar Lamp,6,53.09,318.54
INV-100334,CUST-0144,2026-06-12 09:18:39,Electronics & Audio,4K Curved Ultra-Wide Gaming Monitor,6,555.73,3334.38
INV-100334,CUST-0144,2026-06-12 13:22:08,Wearables & Fitness,Heart Rate Performance Sensor Band,5,97.8,489.0
INV-101941,CUST-0265,2026-06-12 13:38:38,Computer Accessories,Ergonomic Multi-Device Wireless Mouse,1,79.24,79.24
INV-101308,CUST-0353,2026-06-12 14:53:52,Smart Office & Furniture,Ergonomic Lumbar Executive Chair,1,270.45,270.45
INV-102408,CUST-0357,2026-06-12 15:23:48,Electronics & Audio,Noise-Cancelling Studio Pro Headphones,1,342.74,342.74
INV-102408,CUST-0357,2026-06-12 16:27:19,Wearables & Fitness,Titanium GPS Smart Fitness Watch,1,286.48,286.48
INV-102438,CUST-0063,2026-06-12 18:00:05,Smart Office & Furniture,Motorized Standing Desk Frame,3,450.31,1350.93
INV-101308,CUST-0353,2026-06-12 19:59:32,Apparel & Lifestyle,Thermal Double-Wall Stainless Flask,1,35.61,35.61
INV-101156,CUST-0428,2026-06-12 20:22:59,Smart Office & Furniture,Smart LED Desk Bar Lamp,3,48.12,144.36
INV-102208,CUST-0266,2026-06-12 22:28:50,Smart Office & Furniture,Motorized Standing Desk Frame,2,420.03,840.06
INV-102292,CUST-0273,2026-06-13 09:06:13,Smart Office & Furniture,Ergonomic Lumbar Executive Chair,4,307.94,1231.76
INV-101192,CUST-0189,2026-06-13 12:36:27,Smart Office & Furniture,Smart LED Desk Bar Lamp,1,49.47,49.47
INV-100395,CUST-0160,2026-06-13 13:14:20,Wearables & Fitness,Titanium GPS Smart Fitness Watch,1,264.68,264.68
INV-102378,CUST-0106,2026-06-13 17:23:48,Smart Office & Furniture,Smart LED Desk Bar Lamp,1,55.81,55.81
INV-100453,CUST-0355,2026-06-13 17:52:51,Apparel & Lifestyle,Thermal Double-Wall Stainless Flask,2,41.14,82.28
INV-102160,CUST-0100,2026-06-13 18:22:04,Apparel & Lifestyle,Thermal Double-Wall Stainless Flask,4,36.77,147.08
INV-102292,CUST-0273,2026-06-13 19:32:30,Wearables & Fitness,Titanium GPS Smart Fitness Watch,4,287.87,1151.48
INV-102292,CUST-0273,2026-06-13 20:02:41,Electronics & Audio,Noise-Cancelling Studio Pro Headphones,1,336.42,336.42
INV-101796,CUST-0178,2026-06-14 09:00:53,Smart Office & Furniture,Smart LED Desk Bar Lamp,2,51.65,103.3
INV-100150,CUST-0110,2026-06-14 09:11:23,Computer Accessories,Ergonomic Multi-Device Wireless Mouse,1,86.05,86.05
INV-100845,CUST-0382,2026-06-14 09:29:03,Computer Accessories,Premium Aluminum Monitor Arm,3,71.86,215.58
INV-102319,CUST-0393,2026-06-14 09:33:56,Apparel & Lifestyle,Full-Grain Leather Briefcase Sleeve,4,94.49,377.96
INV-102122,CUST-0295,2026-06-14 10:06:00,Specialty Gourmet,Single-Origin Espresso Bean Subscription (1kg),3,31.46,94.38
INV-100845,CUST-0382,2026-06-14 10:20:55,Computer Accessories,Custom Mechanical RGB Keyboard,3,165.23,495.69
INV-100237,CUST-0188,2026-06-14 14:34:43,Electronics & Audio,Noise-Cancelling Studio Pro Headphones,4,338.39,1353.56
INV-102462,CUST-0338,2026-06-14 14:48:14,Computer Accessories,Premium Aluminum Monitor Arm,2,75.24,150.48
INV-102462,CUST-0338,2026-06-14 14:54:29,Specialty Gourmet,Single-Origin Espresso Bean Subscription (1kg),4,36.65,146.6
INV-102122,CUST-0295,2026-06-14 15:20:19,Smart Office & Furniture,Smart LED Desk Bar Lamp,4,51.04,204.16
INV-102324,CUST-0028,2026-06-14 16:58:05,Smart Office & Furniture,Smart LED Desk Bar Lamp,2,58.44,116.88
INV-100490,CUST-0146,2026-06-14 17:42:44,Specialty Gourmet,Single-Origin Espresso Bean Subscription (1kg),2,36.24,72.48
INV-100150,CUST-0110,2026-06-14 18:08:20,Apparel & Lifestyle,Full-Grain Leather Briefcase Sleeve,5,94.17,470.85
INV-102319,CUST-0393,2026-06-14 18:38:35,Computer Accessories,Ergonomic Multi-Device Wireless Mouse,1,90.55,90.55
INV-102449,CUST-0148,2026-06-14 18:57:24,Computer Accessories,Ergonomic Multi-Device Wireless Mouse,2,91.62,183.24
INV-102324,CUST-0028,2026-06-14 19:01:51,Electronics & Audio,4K Curved Ultra-Wide Gaming Monitor,3,591.35,1774.05
INV-102122,CUST-0295,2026-06-14 19:11:07,Wearables & Fitness,Heart Rate Performance Sensor Band,4,86.36,345.44
INV-102449,CUST-0148,2026-06-14 19:12:29,Computer Accessories,Premium Aluminum Monitor Arm,3,71.9,215.7
INV-101796,CUST-0178,2026-06-14 19:50:31,Computer Accessories,Premium Aluminum Monitor Arm,2,66.59,133.18
INV-100623,CUST-0403,2026-06-15 09:32:25,Smart Office & Furniture,Smart LED Desk Bar Lamp,4,55.77,223.08
INV-100026,CUST-0042,2026-06-15 10:54:38,Apparel & Lifestyle,Full-Grain Leather Briefcase Sleeve,2,96.89,193.78
INV-102502,CUST-0132,2026-06-15 11:08:14,Apparel & Lifestyle,Full-Grain Leather Briefcase Sleeve,4,95.03,380.12
INV-101271,CUST-0411,2026-06-15 12:19:24,Computer Accessories,Premium Aluminum Monitor Arm,2,64.12,128.24
INV-102362,CUST-0427,2026-06-15 22:26:35,Smart Office & Furniture,Smart LED Desk Bar Lamp,2,55.37,110.74
INV-100990,CUST-0171,2026-06-16 08:50:06,Wearables & Fitness,Heart Rate Performance Sensor Band,1,100.19,100.19
INV-102496,CUST-0061,2026-06-16 09:11:00,Smart Office & Furniture,Smart LED Desk Bar Lamp,4,59.33,237.32
INV-101555,CUST-0134,2026-06-16 11:19:27,Wearables & Fitness,Titanium GPS Smart Fitness Watch,3,246.76,740.28
INV-101232,CUST-0070,2026-06-16 12:23:39,Apparel & Lifestyle,Thermal Double-Wall Stainless Flask,4,36.24,144.96
INV-101073,CUST-0097,2026-06-16 12:26:07,Computer Accessories,Custom Mechanical RGB Keyboard,4,164.97,659.88
INV-102255,CUST-0208,2026-06-16 14:02:36,Computer Accessories,Ergonomic Multi-Device Wireless Mouse,1,90.0,90.0
INV-101073,CUST-0097,2026-06-16 17:20:37,Electronics & Audio,Noise-Cancelling Studio Pro Headphones,1,328.74,328.74
INV-102372,CUST-0394,2026-06-16 22:06:47,Electronics & Audio,4K Curved Ultra-Wide Gaming Monitor,1,551.37,551.37
INV-102351,CUST-0354,2026-06-17 08:19:39,Computer Accessories,Custom Mechanical RGB Keyboard,1,175.36,175.36
INV-101295,CUST-0343,2026-06-17 09:36:18,Smart Office & Furniture,Smart LED Desk Bar Lamp,4,48.86,195.44
INV-102351,CUST-0354,2026-06-17 11:31:09,Apparel & Lifestyle,Thermal Double-Wall Stainless Flask,4,39.76,159.04
INV-101193,CUST-0189,2026-06-17 14:31:16,Apparel & Lifestyle,Thermal Double-Wall Stainless Flask,1,35.84,35.84
INV-101295,CUST-0343,2026-06-17 14:58:34,Electronics & Audio,Noise-Cancelling Studio Pro Headphones,4,311.74,1246.96
INV-101193,CUST-0189,2026-06-17 19:45:58,Smart Office & Furniture,Smart LED Desk Bar Lamp,3,51.66,154.98
INV-101295,CUST-0343,2026-06-17 21:07:06,Specialty Gourmet,Single-Origin Espresso Bean Subscription (1kg),2,32.18,64.36
INV-101556,CUST-0134,2026-06-18 08:31:20,Specialty Gourmet,Single-Origin Espresso Bean Subscription (1kg),1,32.97,32.97
INV-101353,CUST-0315,2026-06-18 09:01:34,Apparel & Lifestyle,Thermal Double-Wall Stainless Flask,2,35.45,70.9
INV-101422,CUST-0279,2026-06-18 10:06:19,Apparel & Lifestyle,Full-Grain Leather Briefcase Sleeve,2,87.36,174.72
INV-100991,CUST-0171,2026-06-18 10:30:48,Apparel & Lifestyle,Thermal Double-Wall Stainless Flask,6,38.29,229.74
INV-102263,CUST-0114,2026-06-18 10:34:38,Smart Office & Furniture,Smart LED Desk Bar Lamp,4,55.32,221.28
INV-102187,CUST-0098,2026-06-18 15:06:15,Smart Office & Furniture,Smart LED Desk Bar Lamp,4,48.7,194.8
INV-100569,CUST-0005,2026-06-18 15:07:36,Computer Accessories,Premium Aluminum Monitor Arm,6,72.75,436.5
INV-102475,CUST-0254,2026-06-18 16:09:26,Specialty Gourmet,Single-Origin Espresso Bean Subscription (1kg),2,37.35,74.7
INV-102474,CUST-0254,2026-06-18 16:53:39,Specialty Gourmet,Single-Origin Espresso Bean Subscription (1kg),2,38.17,76.34
INV-100528,CUST-0062,2026-06-18 18:51:00,Apparel & Lifestyle,Thermal Double-Wall Stainless Flask,5,40.88,204.4
INV-102187,CUST-0098,2026-06-18 20:06:00,Wearables & Fitness,Heart Rate Performance Sensor Band,4,89.37,357.48
INV-100011,CUST-0038,2026-06-18 20:18:15,Apparel & Lifestyle,Full-Grain Leather Briefcase Sleeve,5,92.93,464.65
INV-102463,CUST-0338,2026-06-19 12:56:44,Specialty Gourmet,Single-Origin Espresso Bean Subscription (1kg),1,36.98,36.98
INV-102012,CUST-0155,2026-06-19 15:45:12,Computer Accessories,Ergonomic Multi-Device Wireless Mouse,4,77.34,309.36
INV-102238,CUST-0379,2026-06-19 17:37:50,Specialty Gourmet,Single-Origin Espresso Bean Subscription (1kg),1,37.7,37.7
INV-100096,CUST-0331,2026-06-19 18:33:14,Computer Accessories,Ergonomic Multi-Device Wireless Mouse,3,90.54,271.62
INV-102472,CUST-0252,2026-06-20 08:16:41,Electronics & Audio,Thunderbolt 4 Docking Station,1,221.32,221.32
INV-102052,CUST-0056,2026-06-20 08:19:37,Wearables & Fitness,Titanium GPS Smart Fitness Watch,4,246.25,985.0
INV-102384,CUST-0334,2026-06-20 10:21:16,Smart Office & Furniture,Smart LED Desk Bar Lamp,1,55.93,55.93
INV-102150,CUST-0068,2026-06-20 13:38:02,Smart Office & Furniture,Smart LED Desk Bar Lamp,1,48.71,48.71
INV-100151,CUST-0110,2026-06-20 14:11:31,Smart Office & Furniture,Smart LED Desk Bar Lamp,2,55.32,110.64
INV-100846,CUST-0382,2026-06-20 15:47:04,Computer Accessories,Premium Aluminum Monitor Arm,2,71.16,142.32
INV-102384,CUST-0334,2026-06-20 18:11:24,Apparel & Lifestyle,Thermal Double-Wall Stainless Flask,3,42.08,126.24
INV-100846,CUST-0382,2026-06-20 21:13:08,Specialty Gourmet,Single-Origin Espresso Bean Subscription (1kg),4,37.05,148.2
INV-100151,CUST-0110,2026-06-20 22:41:59,Smart Office & Furniture,Motorized Standing Desk Frame,6,419.25,2515.5
INV-102425,CUST-0319,2026-06-21 09:19:15,Apparel & Lifestyle,Thermal Double-Wall Stainless Flask,1,41.67,41.67
INV-101167,CUST-0128,2026-06-21 09:32:28,Computer Accessories,Premium Aluminum Monitor Arm,2,63.72,127.44
INV-102422,CUST-0105,2026-06-21 09:57:57,Apparel & Lifestyle,Thermal Double-Wall Stainless Flask,4,40.58,162.32
INV-102393,CUST-0406,2026-06-21 10:30:13,Computer Accessories,Custom Mechanical RGB Keyboard,3,167.62,502.86
INV-101167,CUST-0128,2026-06-21 11:13:20,Apparel & Lifestyle,Full-Grain Leather Briefcase Sleeve,1,85.08,85.08
INV-102476,CUST-0254,2026-06-21 15:47:58,Specialty Gourmet,Single-Origin Espresso Bean Subscription (1kg),2,37.27,74.54
INV-102133,CUST-0329,2026-06-21 16:53:01,Smart Office & Furniture,Smart LED Desk Bar Lamp,4,51.12,204.48
INV-102251,CUST-0448,2026-06-21 17:13:14,Computer Accessories,Ergonomic Multi-Device Wireless Mouse,4,95.01,380.04
INV-102426,CUST-0319,2026-06-21 17:29:40,Electronics & Audio,Noise-Cancelling Studio Pro Headphones,4,344.58,1378.32
INV-101851,CUST-0255,2026-06-21 18:37:11,Apparel & Lifestyle,Full-Grain Leather Briefcase Sleeve,2,87.9,175.8
INV-101224,CUST-0095,2026-06-21 19:30:32,Specialty Gourmet,Single-Origin Espresso Bean Subscription (1kg),2,32.04,64.08
INV-101744,CUST-0075,2026-06-21 20:09:51,Apparel & Lifestyle,Full-Grain Leather Briefcase Sleeve,4,86.55,346.2
INV-102269,CUST-0181,2026-06-21 20:13:59,Smart Office & Furniture,Ergonomic Lumbar Executive Chair,2,318.58,637.16
INV-102422,CUST-0105,2026-06-21 20:14:01,Computer Accessories,Ergonomic Multi-Device Wireless Mouse,1,91.51,91.51
INV-102393,CUST-0406,2026-06-21 21:01:15,Computer Accessories,Premium Aluminum Monitor Arm,1,74.69,74.69
INV-102191,CUST-0161,2026-06-21 21:17:15,Electronics & Audio,Noise-Cancelling Studio Pro Headphones,1,354.82,354.82
INV-102476,CUST-0254,2026-06-21 21:53:19,Apparel & Lifestyle,Thermal Double-Wall Stainless Flask,1,41.51,41.51
INV-102422,CUST-0105,2026-06-21 22:39:27,Computer Accessories,Ergonomic Multi-Device Wireless Mouse,2,93.36,186.72
INV-101141,CUST-0131,2026-06-22 08:34:44,Computer Accessories,Ergonomic Multi-Device Wireless Mouse,3,79.26,237.78
INV-102423,CUST-0105,2026-06-22 10:17:03,Wearables & Fitness,Titanium GPS Smart Fitness Watch,3,282.12,846.36
INV-101942,CUST-0265,2026-06-22 10:48:20,Electronics & Audio,Thunderbolt 4 Docking Station,4,186.63,746.52
INV-102477,CUST-0254,2026-06-22 11:45:44,Computer Accessories,Custom Mechanical RGB Keyboard,3,167.77,503.31
INV-100913,CUST-0093,2026-06-22 11:54:24,Electronics & Audio,Noise-Cancelling Studio Pro Headphones,1,332.37,332.37
INV-100802,CUST-0202,2026-06-22 12:58:26,Apparel & Lifestyle,Full-Grain Leather Briefcase Sleeve,6,91.44,548.64
INV-100529,CUST-0062,2026-06-22 13:19:36,Smart Office & Furniture,Ergonomic Lumbar Executive Chair,2,306.89,613.78
INV-101599,CUST-0027,2026-06-22 13:24:01,Smart Office & Furniture,Ergonomic Lumbar Executive Chair,4,276.58,1106.32
INV-101296,CUST-0343,2026-06-22 13:48:13,Computer Accessories,Custom Mechanical RGB Keyboard,4,150.59,602.36
INV-101557,CUST-0134,2026-06-22 14:48:34,Computer Accessories,Ergonomic Multi-Device Wireless Mouse,4,82.21,328.84
INV-101942,CUST-0265,2026-06-22 15:44:42,Apparel & Lifestyle,Thermal Double-Wall Stainless Flask,4,37.34,149.36
INV-101599,CUST-0027,2026-06-22 15:58:27,Apparel & Lifestyle,Thermal Double-Wall Stainless Flask,4,35.82,143.28
INV-100529,CUST-0062,2026-06-22 17:28:12,Wearables & Fitness,Heart Rate Performance Sensor Band,3,97.04,291.12
INV-101942,CUST-0265,2026-06-22 20:51:28,Smart Office & Furniture,Motorized Standing Desk Frame,2,373.74,747.48
INV-101511,CUST-0399,2026-06-22 21:39:30,Computer Accessories,Ergonomic Multi-Device Wireless Mouse,1,78.8,78.8
INV-101541,CUST-0193,2026-06-23 08:36:57,Smart Office & Furniture,Motorized Standing Desk Frame,4,377.34,1509.36
INV-100587,CUST-0008,2026-06-23 10:42:59,Wearables & Fitness,Heart Rate Performance Sensor Band,4,97.88,391.52
INV-100587,CUST-0008,2026-06-23 13:18:13,Specialty Gourmet,Single-Origin Espresso Bean Subscription (1kg),1,34.47,34.47
INV-102287,CUST-0313,2026-06-23 16:53:39,Computer Accessories,Custom Mechanical RGB Keyboard,4,166.96,667.84
INV-100588,CUST-0008,2026-06-23 19:03:59,Computer Accessories,Ergonomic Multi-Device Wireless Mouse,4,84.68,338.72
INV-101382,CUST-0069,2026-06-23 19:22:33,Wearables & Fitness,Heart Rate Performance Sensor Band,1,86.85,86.85
INV-101647,CUST-0213,2026-06-23 20:10:16,Apparel & Lifestyle,Thermal Double-Wall Stainless Flask,2,34.58,69.16
INV-101074,CUST-0097,2026-06-23 20:54:36,Wearables & Fitness,Titanium GPS Smart Fitness Watch,3,263.33,789.99
INV-101648,CUST-0213,2026-06-23 22:08:15,Smart Office & Furniture,Smart LED Desk Bar Lamp,3,48.58,145.74
INV-101647,CUST-0213,2026-06-23 22:48:36,Smart Office & Furniture,Ergonomic Lumbar Executive Chair,4,278.48,1113.92
INV-101679,CUST-0054,2026-06-24 10:11:41,Wearables & Fitness,Titanium GPS Smart Fitness Watch,2,240.67,481.34
INV-101612,CUST-0209,2026-06-24 11:04:38,Apparel & Lifestyle,Thermal Double-Wall Stainless Flask,2,36.88,73.76
INV-102270,CUST-0181,2026-06-24 14:16:44,Smart Office & Furniture,Motorized Standing Desk Frame,1,434.15,434.15
INV-101656,CUST-0376,2026-06-24 16:18:49,Apparel & Lifestyle,Thermal Double-Wall Stainless Flask,2,36.1,72.2
INV-101656,CUST-0376,2026-06-24 18:03:31,Computer Accessories,Ergonomic Multi-Device Wireless Mouse,3,81.62,244.86
INV-102427,CUST-0319,2026-06-24 19:16:55,Smart Office & Furniture,Ergonomic Lumbar Executive Chair,2,313.07,626.14
INV-102344,CUST-0026,2026-06-24 20:22:10,Wearables & Fitness,Heart Rate Performance Sensor Band,3,103.21,309.63
INV-101656,CUST-0376,2026-06-24 21:46:50,Apparel & Lifestyle,Thermal Double-Wall Stainless Flask,4,34.61,138.44
INV-101244,CUST-0227,2026-06-25 08:39:57,Smart Office & Furniture,Smart LED Desk Bar Lamp,1,48.14,48.14
INV-101506,CUST-0278,2026-06-25 19:14:58,Smart Office & Furniture,Motorized Standing Desk Frame,2,393.52,787.04
INV-101142,CUST-0131,2026-06-26 08:21:26,Wearables & Fitness,Titanium GPS Smart Fitness Watch,3,252.05,756.15
INV-101009,CUST-0269,2026-06-26 08:25:53,Computer Accessories,Ergonomic Multi-Device Wireless Mouse,2,87.91,175.82
INV-102161,CUST-0100,2026-06-26 15:31:16,Apparel & Lifestyle,Thermal Double-Wall Stainless Flask,2,36.83,73.66
INV-101009,CUST-0269,2026-06-26 18:02:38,Apparel & Lifestyle,Full-Grain Leather Briefcase Sleeve,2,90.21,180.42
INV-101496,CUST-0039,2026-06-26 19:12:14,Computer Accessories,Ergonomic Multi-Device Wireless Mouse,4,78.71,314.84
INV-101157,CUST-0428,2026-06-26 22:16:51,Wearables & Fitness,Titanium GPS Smart Fitness Watch,3,257.42,772.26
INV-101142,CUST-0131,2026-06-26 22:48:03,Specialty Gourmet,Single-Origin Espresso Bean Subscription (1kg),3,31.72,95.16
INV-101569,CUST-0107,2026-06-27 11:12:09,Wearables & Fitness,Titanium GPS Smart Fitness Watch,1,250.19,250.19
INV-101985,CUST-0140,2026-06-27 17:45:37,Smart Office & Furniture,Smart LED Desk Bar Lamp,2,49.11,98.22
INV-101522,CUST-0234,2026-06-27 18:50:25,Computer Accessories,Premium Aluminum Monitor Arm,1,64.63,64.63
INV-101770,CUST-0073,2026-06-27 22:12:06,Apparel & Lifestyle,Thermal Double-Wall Stainless Flask,2,37.31,74.62
INV-102409,CUST-0357,2026-06-28 08:42:45,Apparel & Lifestyle,Thermal Double-Wall Stainless Flask,2,39.89,79.78
INV-103987,CUST-0053,2026-06-28 08:51:01,Electronics & Audio,Noise-Cancelling Studio Pro Headphones,2,289.58,579.16
INV-102478,CUST-0254,2026-06-28 09:43:49,Wearables & Fitness,Heart Rate Performance Sensor Band,2,106.22,212.44
INV-102345,CUST-0026,2026-06-28 14:42:44,Wearables & Fitness,Titanium GPS Smart Fitness Watch,2,275.29,550.58
INV-102415,CUST-0049,2026-06-28 14:58:10,Computer Accessories,Ergonomic Multi-Device Wireless Mouse,3,94.46,283.38
INV-101245,CUST-0227,2026-06-28 19:03:20,Computer Accessories,Custom Mechanical RGB Keyboard,1,149.31,149.31
INV-102213,CUST-0212,2026-06-28 19:07:03,Apparel & Lifestyle,Full-Grain Leather Briefcase Sleeve,4,96.75,387.0
INV-102415,CUST-0049,2026-06-28 20:34:01,Apparel & Lifestyle,Thermal Double-Wall Stainless Flask,4,40.18,160.72
INV-101010,CUST-0269,2026-06-28 21:16:58,Specialty Gourmet,Single-Origin Espresso Bean Subscription (1kg),4,35.9,143.6
INV-101245,CUST-0227,2026-06-28 21:54:07,Apparel & Lifestyle,Full-Grain Leather Briefcase Sleeve,2,82.16,164.32
INV-101588,CUST-0086,2026-06-29 10:07:23,Smart Office & Furniture,Motorized Standing Desk Frame,3,368.43,1105.29
INV-102271,CUST-0181,2026-06-29 10:32:34,Specialty Gourmet,Single-Origin Espresso Bean Subscription (1kg),1,37.58,37.58
INV-102325,CUST-0028,2026-06-29 10:57:25,Electronics & Audio,Thunderbolt 4 Docking Station,3,226.09,678.27
INV-100752,CUST-0003,2026-06-29 11:08:51,Computer Accessories,Ergonomic Multi-Device Wireless Mouse,5,87.34,436.7
INV-103974,CUST-0303,2026-06-29 11:56:52,Smart Office & Furniture,Ergonomic Lumbar Executive Chair,1,285.85,285.85
INV-102428,CUST-0319,2026-06-29 12:40:51,Specialty Gourmet,Single-Origin Espresso Bean Subscription (1kg),2,38.0,76.0
INV-103966,CUST-0048,2026-06-29 13:04:39,Specialty Gourmet,Single-Origin Espresso Bean Subscription (1kg),2,33.57,67.14
INV-102264,CUST-0114,2026-06-29 13:58:15,Apparel & Lifestyle,Full-Grain Leather Briefcase Sleeve,4,97.05,388.2
INV-102271,CUST-0181,2026-06-29 16:29:48,Apparel & Lifestyle,Thermal Double-Wall Stainless Flask,3,42.85,128.55
INV-102325,CUST-0028,2026-06-29 17:59:49,Electronics & Audio,Thunderbolt 4 Docking Station,2,218.16,436.32
INV-102142,CUST-0377,2026-06-29 18:23:13,Computer Accessories,Ergonomic Multi-Device Wireless Mouse,1,77.81,77.81
INV-101865,CUST-0219,2026-06-29 18:37:31,Smart Office & Furniture,Motorized Standing Desk Frame,4,367.31,1469.24
INV-103974,CUST-0303,2026-06-29 18:52:34,Specialty Gourmet,Single-Origin Espresso Bean Subscription (1kg),3,31.65,94.95
INV-102272,CUST-0181,2026-06-29 19:15:53,Computer Accessories,Ergonomic Multi-Device Wireless Mouse,3,89.03,267.09
INV-103984,CUST-0347,2026-06-29 20:04:18,Wearables & Fitness,Heart Rate Performance Sensor Band,3,86.8,260.4
INV-102142,CUST-0377,2026-06-29 22:11:58,Specialty Gourmet,Single-Origin Espresso Bean Subscription (1kg),1,31.4,31.4
INV-100589,CUST-0008,2026-06-30 09:04:57,Computer Accessories,Custom Mechanical RGB Keyboard,1,164.79,164.79
INV-100064,CUST-0180,2026-06-30 09:36:43,Computer Accessories,Premium Aluminum Monitor Arm,6,69.66,417.96
INV-102346,CUST-0026,2026-06-30 09:42:45,Computer Accessories,Ergonomic Multi-Device Wireless Mouse,1,93.84,93.84
INV-103907,CUST-0391,2026-06-30 10:37:14,Wearables & Fitness,Titanium GPS Smart Fitness Watch,1,254.99,254.99
INV-103990,CUST-0378,2026-06-30 10:43:14,Smart Office & Furniture,Ergonomic Lumbar Executive Chair,1,279.06,279.06
INV-101838,CUST-0304,2026-06-30 11:08:41,Wearables & Fitness,Titanium GPS Smart Fitness Watch,2,240.49,480.98
INV-103982,CUST-0447,2026-06-30 12:01:34,Smart Office & Furniture,Smart LED Desk Bar Lamp,2,48.29,96.58
INV-101657,CUST-0376,2026-06-30 13:11:34,Computer Accessories,Custom Mechanical RGB Keyboard,4,150.72,602.88
INV-101272,CUST-0411,2026-06-30 14:11:10,Smart Office & Furniture,Ergonomic Lumbar Executive Chair,3,285.09,855.27
INV-101542,CUST-0193,2026-06-30 19:30:12,Electronics & Audio,4K Curved Ultra-Wide Gaming Monitor,3,507.38,1522.14
INV-100775,CUST-0060,2026-06-30 20:49:45,Computer Accessories,Custom Mechanical RGB Keyboard,1,165.94,165.94
INV-101600,CUST-0027,2026-06-30 22:16:30,Computer Accessories,Ergonomic Multi-Device Wireless Mouse,2,78.42,156.84
INV-101282,CUST-0239,2026-06-30 22:53:59,Smart Office & Furniture,Ergonomic Lumbar Executive Chair,2,284.21,568.42
INV-100372,CUST-0035,2026-07-01 10:05:17,Electronics & Audio,Noise-Cancelling Studio Pro Headphones,2,334.08,668.16
INV-101906,CUST-0402,2026-07-01 13:30:42,Electronics & Audio,Noise-Cancelling Studio Pro Headphones,1,298.04,298.04
INV-103956,CUST-0309,2026-07-01 14:22:18,Specialty Gourmet,Single-Origin Espresso Bean Subscription (1kg),2,31.92,63.84
INV-102347,CUST-0026,2026-07-01 15:15:00,Apparel & Lifestyle,Thermal Double-Wall Stainless Flask,1,41.5,41.5
INV-102151,CUST-0068,2026-07-01 16:18:45,Wearables & Fitness,Titanium GPS Smart Fitness Watch,4,246.89,987.56
INV-102196,CUST-0185,2026-07-01 19:19:56,Wearables & Fitness,Heart Rate Performance Sensor Band,1,104.51,104.51
INV-102151,CUST-0068,2026-07-01 19:47:09,Wearables & Fitness,Heart Rate Performance Sensor Band,3,91.95,275.85
INV-102429,CUST-0319,2026-07-01 19:59:00,Apparel & Lifestyle,Full-Grain Leather Briefcase Sleeve,1,98.46,98.46
INV-101256,CUST-0130,2026-07-01 20:13:16,Computer Accessories,Premium Aluminum Monitor Arm,3,62.39,187.17
INV-101114,CUST-0314,2026-07-01 20:55:33,Computer Accessories,Premium Aluminum Monitor Arm,1,70.74,70.74
INV-100681,CUST-0204,2026-07-01 21:26:17,Apparel & Lifestyle,Thermal Double-Wall Stainless Flask,1,40.02,40.02
INV-100816,CUST-0263,2026-07-01 21:53:35,Wearables & Fitness,Heart Rate Performance Sensor Band,1,95.84,95.84
INV-103908,CUST-0391,2026-07-01 22:59:00,Wearables & Fitness,Heart Rate Performance Sensor Band,3,88.51,265.53
INV-103985,CUST-0347,2026-07-02 10:01:17,Wearables & Fitness,Titanium GPS Smart Fitness Watch,1,243.22,243.22
INV-102453,CUST-0147,2026-07-02 10:18:35,Computer Accessories,Custom Mechanical RGB Keyboard,2,166.16,332.32
INV-101323,CUST-0437,2026-07-02 10:33:19,Apparel & Lifestyle,Full-Grain Leather Briefcase Sleeve,1,87.76,87.76
INV-102214,CUST-0212,2026-07-02 12:08:38,Specialty Gourmet,Single-Origin Espresso Bean Subscription (1kg),3,38.72,116.16
INV-102430,CUST-0319,2026-07-02 15:40:24,Smart Office & Furniture,Smart LED Desk Bar Lamp,4,55.38,221.52
INV-101756,CUST-0032,2026-07-02 16:09:04,Apparel & Lifestyle,Full-Grain Leather Briefcase Sleeve,2,85.72,171.44
INV-100335,CUST-0144,2026-07-02 17:42:19,Computer Accessories,Custom Mechanical RGB Keyboard,4,164.34,657.36
INV-101246,CUST-0227,2026-07-02 19:01:21,Smart Office & Furniture,Smart LED Desk Bar Lamp,2,50.61,101.22
INV-101435,CUST-0094,2026-07-02 19:03:33,Computer Accessories,Ergonomic Multi-Device Wireless Mouse,3,81.63,244.89
INV-103986,CUST-0347,2026-07-02 19:13:19,Computer Accessories,Ergonomic Multi-Device Wireless Mouse,2,78.34,156.68
INV-100413,CUST-0090,2026-07-02 21:00:07,Computer Accessories,Custom Mechanical RGB Keyboard,3,169.18,507.54
INV-102416,CUST-0049,2026-07-02 21:50:17,Apparel & Lifestyle,Full-Grain Leather Briefcase Sleeve,2,94.8,189.6
INV-100205,CUST-0418,2026-07-03 09:12:57,Specialty Gourmet,Single-Origin Espresso Bean Subscription (1kg),1,34.38,34.38
INV-103967,CUST-0048,2026-07-03 10:10:57,Computer Accessories,Ergonomic Multi-Device Wireless Mouse,2,78.48,156.96
INV-103967,CUST-0048,2026-07-03 13:06:12,Computer Accessories,Ergonomic Multi-Device Wireless Mouse,2,80.43,160.86
INV-102373,CUST-0394,2026-07-03 13:54:14,Apparel & Lifestyle,Thermal Double-Wall Stainless Flask,1,42.44,42.44
INV-100027,CUST-0042,2026-07-03 20:41:23,Smart Office & Furniture,Motorized Standing Desk Frame,2,403.53,807.06
INV-103976,CUST-0045,2026-07-03 21:19:43,Wearables & Fitness,Titanium GPS Smart Fitness Watch,1,246.08,246.08
INV-100351,CUST-0431,2026-07-04 08:15:02,Wearables & Fitness,Titanium GPS Smart Fitness Watch,6,281.2,1687.2
INV-103932,CUST-0143,2026-07-04 09:24:32,Wearables & Fitness,Heart Rate Performance Sensor Band,2,87.85,175.7
INV-102192,CUST-0161,2026-07-04 09:29:58,Wearables & Fitness,Titanium GPS Smart Fitness Watch,4,296.81,1187.24
INV-101986,CUST-0140,2026-07-04 10:38:30,Electronics & Audio,Thunderbolt 4 Docking Station,3,184.6,553.8
INV-102215,CUST-0212,2026-07-04 13:27:35,Electronics & Audio,Noise-Cancelling Studio Pro Headphones,4,338.76,1355.04
INV-102192,CUST-0161,2026-07-04 17:26:37,Smart Office & Furniture,Ergonomic Lumbar Executive Chair,1,312.51,312.51
INV-103991,CUST-0378,2026-07-04 18:05:31,Computer Accessories,Premium Aluminum Monitor Arm,3,64.32,192.96
INV-101688,CUST-0011,2026-07-04 18:17:28,Specialty Gourmet,Single-Origin Espresso Bean Subscription (1kg),4,32.91,131.64
INV-101956,CUST-0301,2026-07-04 19:55:25,Apparel & Lifestyle,Thermal Double-Wall Stainless Flask,1,36.04,36.04
INV-100897,CUST-0383,2026-07-04 20:00:24,Specialty Gourmet,Single-Origin Espresso Bean Subscription (1kg),1,34.92,34.92
INV-100624,CUST-0403,2026-07-05 08:58:42,Computer Accessories,Ergonomic Multi-Device Wireless Mouse,5,87.97,439.85
INV-100469,CUST-0154,2026-07-05 10:01:48,Specialty Gourmet,Single-Origin Espresso Bean Subscription (1kg),2,34.63,69.26
INV-100469,CUST-0154,2026-07-05 11:43:01,Computer Accessories,Ergonomic Multi-Device Wireless Mouse,2,88.57,177.14
INV-101334,CUST-0388,2026-07-05 12:14:59,Wearables & Fitness,Titanium GPS Smart Fitness Watch,4,254.57,1018.28
INV-100114,CUST-0170,2026-07-05 12:50:25,Wearables & Fitness,Titanium GPS Smart Fitness Watch,3,280.81,842.43
INV-101715,CUST-0232,2026-07-05 14:58:41,Apparel & Lifestyle,Full-Grain Leather Briefcase Sleeve,1,85.41,85.41
INV-101334,CUST-0388,2026-07-05 16:30:41,Apparel & Lifestyle,Thermal Double-Wall Stainless Flask,2,35.5,71.0
INV-102040,CUST-0015,2026-07-05 17:18:34,Smart Office & Furniture,Ergonomic Lumbar Executive Chair,2,276.13,552.26
INV-100469,CUST-0154,2026-07-05 17:36:39,Specialty Gourmet,Single-Origin Espresso Bean Subscription (1kg),5,36.08,180.4
INV-101931,CUST-0287,2026-07-05 18:49:30,Wearables & Fitness,Titanium GPS Smart Fitness Watch,2,240.21,480.42
INV-102040,CUST-0015,2026-07-05 21:14:08,Electronics & Audio,Noise-Cancelling Studio Pro Headphones,2,303.0,606.0
INV-101130,CUST-0316,2026-07-06 08:54:46,Wearables & Fitness,Titanium GPS Smart Fitness Watch,4,240.39,961.56
INV-103961,CUST-0120,2026-07-06 09:46:27,Wearables & Fitness,Heart Rate Performance Sensor Band,1,85.94,85.94
INV-100336,CUST-0144,2026-07-06 10:00:20,Electronics & Audio,Thunderbolt 4 Docking Station,3,216.1,648.3
INV-102188,CUST-0098,2026-07-06 10:29:47,Apparel & Lifestyle,Thermal Double-Wall Stainless Flask,2,35.57,71.14
INV-100817,CUST-0263,2026-07-06 11:50:04,Smart Office & Furniture,Motorized Standing Desk Frame,2,422.7,845.4
INV-102000,CUST-0336,2026-07-06 11:51:19,Wearables & Fitness,Heart Rate Performance Sensor Band,2,92.4,184.8
INV-102204,CUST-0211,2026-07-06 14:18:35,Electronics & Audio,Noise-Cancelling Studio Pro Headphones,4,332.27,1329.08
INV-100817,CUST-0263,2026-07-06 15:44:44,Computer Accessories,Custom Mechanical RGB Keyboard,3,160.89,482.67
INV-102204,CUST-0211,2026-07-06 16:11:17,Computer Accessories,Premium Aluminum Monitor Arm,1,71.32,71.32
INV-102355,CUST-0168,2026-07-06 16:26:02,Apparel & Lifestyle,Full-Grain Leather Briefcase Sleeve,4,99.8,399.2
INV-101489,CUST-0221,2026-07-06 17:12:44,Computer Accessories,Custom Mechanical RGB Keyboard,2,154.53,309.06
INV-103961,CUST-0120,2026-07-06 17:23:37,Smart Office & Furniture,Ergonomic Lumbar Executive Chair,1,275.46,275.46
INV-102256,CUST-0208,2026-07-06 19:07:02,Smart Office & Furniture,Smart LED Desk Bar Lamp,1,59.12,59.12
INV-102188,CUST-0098,2026-07-06 19:38:09,Computer Accessories,Custom Mechanical RGB Keyboard,2,154.79,309.58
INV-100336,CUST-0144,2026-07-06 19:47:41,Wearables & Fitness,Titanium GPS Smart Fitness Watch,2,280.16,560.32
INV-102355,CUST-0168,2026-07-06 20:24:56,Wearables & Fitness,Titanium GPS Smart Fitness Watch,1,295.16,295.16
INV-102188,CUST-0098,2026-07-06 21:32:46,Wearables & Fitness,Heart Rate Performance Sensor Band,1,90.23,90.23
INV-102306,CUST-0442,2026-07-07 08:32:10,Specialty Gourmet,Single-Origin Espresso Bean Subscription (1kg),4,38.7,154.8
INV-102252,CUST-0448,2026-07-07 08:49:53,Wearables & Fitness,Heart Rate Performance Sensor Band,4,106.13,424.52
INV-102394,CUST-0406,2026-07-07 09:48:04,Electronics & Audio,Thunderbolt 4 Docking Station,2,217.61,435.22
INV-104004,CUST-0058,2026-07-07 11:43:20,Wearables & Fitness,Heart Rate Performance Sensor Band,3,87.84,263.52
INV-102356,CUST-0168,2026-07-07 12:06:37,Apparel & Lifestyle,Full-Grain Leather Briefcase Sleeve,1,99.48,99.48
INV-101893,CUST-0321,2026-07-07 13:15:42,Apparel & Lifestyle,Full-Grain Leather Briefcase Sleeve,3,85.5,256.5
INV-101168,CUST-0128,2026-07-07 14:56:18,Apparel & Lifestyle,Thermal Double-Wall Stainless Flask,4,34.77,139.08
INV-102306,CUST-0442,2026-07-07 16:27:17,Apparel & Lifestyle,Thermal Double-Wall Stainless Flask,3,41.53,124.59
INV-102252,CUST-0448,2026-07-07 16:48:01,Computer Accessories,Premium Aluminum Monitor Arm,3,75.63,226.89
INV-100753,CUST-0003,2026-07-07 16:50:43,Specialty Gourmet,Single-Origin Espresso Bean Subscription (1kg),4,37.04,148.16
INV-101785,CUST-0197,2026-07-07 17:04:54,Wearables & Fitness,Heart Rate Performance Sensor Band,1,87.53,87.53
INV-102439,CUST-0063,2026-07-07 17:36:11,Computer Accessories,Custom Mechanical RGB Keyboard,3,166.79,500.37
INV-100847,CUST-0382,2026-07-07 17:36:19,Computer Accessories,Ergonomic Multi-Device Wireless Mouse,6,87.71,526.26
INV-102439,CUST-0063,2026-07-07 17:44:41,Computer Accessories,Custom Mechanical RGB Keyboard,1,176.46,176.46
INV-101257,CUST-0130,2026-07-07 18:11:30,Computer Accessories,Ergonomic Multi-Device Wireless Mouse,1,80.01,80.01
INV-102356,CUST-0168,2026-07-07 18:29:52,Specialty Gourmet,Single-Origin Espresso Bean Subscription (1kg),3,38.41,115.23
INV-102394,CUST-0406,2026-07-07 19:11:11,Apparel & Lifestyle,Full-Grain Leather Briefcase Sleeve,2,95.25,190.5
INV-100847,CUST-0382,2026-07-07 19:43:29,Apparel & Lifestyle,Thermal Double-Wall Stainless Flask,5,38.66,193.3
INV-102356,CUST-0168,2026-07-07 22:00:40,Wearables & Fitness,Heart Rate Performance Sensor Band,3,105.36,316.08
INV-101613,CUST-0209,2026-07-08 08:13:27,Electronics & Audio,Thunderbolt 4 Docking Station,4,184.93,739.72
INV-100373,CUST-0035,2026-07-08 08:47:45,Computer Accessories,Premium Aluminum Monitor Arm,5,69.25,346.25
INV-102342,CUST-0222,2026-07-08 10:08:15,Smart Office & Furniture,Smart LED Desk Bar Lamp,4,59.76,239.04
INV-101011,CUST-0269,2026-07-08 10:17:05,Computer Accessories,Ergonomic Multi-Device Wireless Mouse,2,87.35,174.7
INV-102464,CUST-0338,2026-07-08 10:28:30,Computer Accessories,Premium Aluminum Monitor Arm,1,76.78,76.78
INV-101613,CUST-0209,2026-07-08 13:01:20,Apparel & Lifestyle,Thermal Double-Wall Stainless Flask,4,35.64,142.56
INV-101957,CUST-0301,2026-07-08 13:11:17,Smart Office & Furniture,Smart LED Desk Bar Lamp,1,51.36,51.36
INV-101169,CUST-0128,2026-07-08 14:57:41,Computer Accessories,Ergonomic Multi-Device Wireless Mouse,3,78.85,236.55
INV-100898,CUST-0383,2026-07-08 15:48:21,Specialty Gourmet,Single-Origin Espresso Bean Subscription (1kg),3,36.99,110.97
INV-102486,CUST-0429,2026-07-08 15:49:02,Apparel & Lifestyle,Full-Grain Leather Briefcase Sleeve,3,93.85,281.55
INV-102338,CUST-0104,2026-07-08 16:10:10,Computer Accessories,Ergonomic Multi-Device Wireless Mouse,4,95.55,382.2
INV-100373,CUST-0035,2026-07-08 16:18:46,Computer Accessories,Premium Aluminum Monitor Arm,1,73.33,73.33
INV-102338,CUST-0104,2026-07-08 16:26:05,Specialty Gourmet,Single-Origin Espresso Bean Subscription (1kg),3,36.58,109.74
INV-102315,CUST-0400,2026-07-08 17:02:24,Smart Office & Furniture,Smart LED Desk Bar Lamp,4,58.59,234.36
INV-102226,CUST-0043,2026-07-08 17:05:16,Specialty Gourmet,Single-Origin Espresso Bean Subscription (1kg),1,36.97,36.97
INV-101822,CUST-0351,2026-07-08 17:10:25,Computer Accessories,Custom Mechanical RGB Keyboard,3,148.66,445.98
INV-101613,CUST-0209,2026-07-08 17:50:48,Specialty Gourmet,Single-Origin Espresso Bean Subscription (1kg),2,32.37,64.74
INV-101131,CUST-0316,2026-07-08 18:30:20,Electronics & Audio,4K Curved Ultra-Wide Gaming Monitor,1,498.98,498.98
INV-102486,CUST-0429,2026-07-08 18:32:05,Wearables & Fitness,Titanium GPS Smart Fitness Watch,2,295.54,591.08
INV-102338,CUST-0104,2026-07-08 19:43:08,Apparel & Lifestyle,Thermal Double-Wall Stainless Flask,3,42.25,126.75
INV-100050,CUST-0282,2026-07-08 22:16:46,Smart Office & Furniture,Smart LED Desk Bar Lamp,1,54.69,54.69
INV-101822,CUST-0351,2026-07-08 22:30:11,Specialty Gourmet,Single-Origin Espresso Bean Subscription (1kg),3,33.08,99.24
INV-102244,CUST-0414,2026-07-09 08:11:09,Electronics & Audio,Thunderbolt 4 Docking Station,1,223.9,223.9
INV-101273,CUST-0411,2026-07-09 09:22:43,Smart Office & Furniture,Smart LED Desk Bar Lamp,1,49.85,49.85
INV-103930,CUST-0415,2026-07-09 11:21:08,Wearables & Fitness,Titanium GPS Smart Fitness Watch,2,241.2,482.4
INV-101436,CUST-0094,2026-07-09 12:24:12,Electronics & Audio,4K Curved Ultra-Wide Gaming Monitor,1,480.92,480.92
INV-101346,CUST-0228,2026-07-09 14:27:25,Specialty Gourmet,Single-Origin Espresso Bean Subscription (1kg),2,31.51,63.02
INV-102244,CUST-0414,2026-07-09 17:29:46,Smart Office & Furniture,Smart LED Desk Bar Lamp,1,57.22,57.22
INV-102013,CUST-0155,2026-07-09 17:43:23,Smart Office & Furniture,Ergonomic Lumbar Executive Chair,3,279.58,838.74
INV-101036,CUST-0423,2026-07-09 18:26:16,Computer Accessories,Ergonomic Multi-Device Wireless Mouse,3,85.17,255.51
INV-102013,CUST-0155,2026-07-09 18:48:53,Smart Office & Furniture,Smart LED Desk Bar Lamp,1,51.64,51.64
INV-101436,CUST-0094,2026-07-09 19:03:34,Computer Accessories,Custom Mechanical RGB Keyboard,2,151.68,303.36
INV-102374,CUST-0394,2026-07-09 19:23:48,Electronics & Audio,Thunderbolt 4 Docking Station,1,215.78,215.78
INV-103993,CUST-0072,2026-07-09 19:28:58,Smart Office & Furniture,Smart LED Desk Bar Lamp,2,49.68,99.36
INV-100431,CUST-0012,2026-07-09 20:45:03,Specialty Gourmet,Single-Origin Espresso Bean Subscription (1kg),4,36.67,146.68
INV-103993,CUST-0072,2026-07-09 21:52:29,Specialty Gourmet,Single-Origin Espresso Bean Subscription (1kg),3,32.64,97.92
INV-101036,CUST-0423,2026-07-09 22:09:31,Apparel & Lifestyle,Full-Grain Leather Briefcase Sleeve,2,96.47,192.94
INV-102123,CUST-0295,2026-07-10 10:02:15,Computer Accessories,Custom Mechanical RGB Keyboard,2,154.3,308.6
INV-101233,CUST-0070,2026-07-10 10:06:46,Specialty Gourmet,Single-Origin Espresso Bean Subscription (1kg),2,31.4,62.8
INV-101233,CUST-0070,2026-07-10 12:36:06,Smart Office & Furniture,Smart LED Desk Bar Lamp,2,49.11,98.22
INV-103909,CUST-0391,2026-07-10 13:20:30,Computer Accessories,Ergonomic Multi-Device Wireless Mouse,3,80.85,242.55
INV-102357,CUST-0168,2026-07-10 13:33:10,Computer Accessories,Custom Mechanical RGB Keyboard,4,170.29,681.16
INV-103909,CUST-0391,2026-07-10 15:23:53,Wearables & Fitness,Titanium GPS Smart Fitness Watch,3,255.2,765.6
INV-102123,CUST-0295,2026-07-10 15:51:37,Smart Office & Furniture,Smart LED Desk Bar Lamp,4,49.47,197.88
INV-102249,CUST-0210,2026-07-10 22:52:01,Computer Accessories,Ergonomic Multi-Device Wireless Mouse,3,92.45,277.35
INV-101075,CUST-0097,2026-07-11 08:04:30,Computer Accessories,Ergonomic Multi-Device Wireless Mouse,1,86.75,86.75
INV-102273,CUST-0181,2026-07-11 08:41:27,Apparel & Lifestyle,Full-Grain Leather Briefcase Sleeve,3,100.79,302.37
INV-100352,CUST-0431,2026-07-11 08:57:36,Wearables & Fitness,Titanium GPS Smart Fitness Watch,2,276.74,553.48
INV-101757,CUST-0032,2026-07-11 09:16:59,Computer Accessories,Ergonomic Multi-Device Wireless Mouse,3,79.38,238.14
INV-102288,CUST-0313,2026-07-11 09:44:24,Computer Accessories,Custom Mechanical RGB Keyboard,4,172.85,691.4
INV-103915,CUST-0416,2026-07-11 11:49:59,Specialty Gourmet,Single-Origin Espresso Bean Subscription (1kg),3,33.17,99.51
INV-102482,CUST-0125,2026-07-11 11:51:03,Specialty Gourmet,Single-Origin Espresso Bean Subscription (1kg),3,37.85,113.55
INV-102407,CUST-0199,2026-07-11 12:22:13,Computer Accessories,Custom Mechanical RGB Keyboard,2,173.22,346.44
INV-103915,CUST-0416,2026-07-11 13:01:25,Apparel & Lifestyle,Thermal Double-Wall Stainless Flask,3,36.11,108.33
INV-102473,CUST-0252,2026-07-11 14:13:11,Apparel & Lifestyle,Full-Grain Leather Briefcase Sleeve,4,94.07,376.28
INV-101614,CUST-0209,2026-07-11 14:29:45,Computer Accessories,Ergonomic Multi-Device Wireless Mouse,4,78.32,313.28
INV-102473,CUST-0252,2026-07-11 14:43:46,Smart Office & Furniture,Motorized Standing Desk Frame,1,438.58,438.58
INV-101075,CUST-0097,2026-07-11 14:46:19,Apparel & Lifestyle,Thermal Double-Wall Stainless Flask,1,40.64,40.64
INV-102273,CUST-0181,2026-07-11 15:07:29,Computer Accessories,Ergonomic Multi-Device Wireless Mouse,4,89.21,356.84
INV-101976,CUST-0191,2026-07-11 16:12:18,Computer Accessories,Premium Aluminum Monitor Arm,2,64.14,128.28
INV-101075,CUST-0097,2026-07-11 16:58:33,Specialty Gourmet,Single-Origin Espresso Bean Subscription (1kg),4,34.43,137.72
INV-100115,CUST-0170,2026-07-11 19:14:19,Specialty Gourmet,Single-Origin Espresso Bean Subscription (1kg),4,35.94,143.76
INV-102450,CUST-0148,2026-07-11 20:02:27,Smart Office & Furniture,Ergonomic Lumbar Executive Chair,4,326.23,1304.92
INV-101614,CUST-0209,2026-07-11 22:14:57,Wearables & Fitness,Heart Rate Performance Sensor Band,2,86.45,172.9
INV-101391,CUST-0156,2026-07-11 22:48:58,Apparel & Lifestyle,Full-Grain Leather Briefcase Sleeve,4,82.65,330.6
INV-101274,CUST-0411,2026-07-12 08:31:41,Computer Accessories,Premium Aluminum Monitor Arm,4,65.46,261.84
INV-103901,CUST-0441,2026-07-12 09:15:48,Computer Accessories,Ergonomic Multi-Device Wireless Mouse,1,78.06,78.06
INV-101354,CUST-0315,2026-07-12 09:20:55,Apparel & Lifestyle,Thermal Double-Wall Stainless Flask,2,36.12,72.24
INV-100546,CUST-0101,2026-07-12 09:38:11,Computer Accessories,Ergonomic Multi-Device Wireless Mouse,3,84.47,253.41
INV-101274,CUST-0411,2026-07-12 10:36:32,Wearables & Fitness,Heart Rate Performance Sensor Band,1,86.59,86.59
INV-101214,CUST-0150,2026-07-12 10:52:47,Electronics & Audio,Thunderbolt 4 Docking Station,4,191.85,767.4
INV-103903,CUST-0441,2026-07-12 11:21:53,Apparel & Lifestyle,Full-Grain Leather Briefcase Sleeve,2,84.14,168.28
INV-102465,CUST-0338,2026-07-12 11:23:26,Apparel & Lifestyle,Thermal Double-Wall Stainless Flask,4,39.81,159.24
INV-103902,CUST-0441,2026-07-12 14:33:08,Smart Office & Furniture,Smart LED Desk Bar Lamp,1,49.27,49.27
INV-102454,CUST-0147,2026-07-12 15:10:14,Computer Accessories,Ergonomic Multi-Device Wireless Mouse,3,88.78,266.34
INV-102303,CUST-0444,2026-07-12 16:05:36,Computer Accessories,Ergonomic Multi-Device Wireless Mouse,4,94.24,376.96
INV-102303,CUST-0444,2026-07-12 16:47:14,Smart Office & Furniture,Smart LED Desk Bar Lamp,4,56.38,225.52
INV-101213,CUST-0150,2026-07-12 19:15:02,Computer Accessories,Ergonomic Multi-Device Wireless Mouse,2,80.74,161.48
INV-102465,CUST-0338,2026-07-12 19:29:41,Computer Accessories,Custom Mechanical RGB Keyboard,3,170.21,510.63
INV-101309,CUST-0353,2026-07-12 21:16:48,Smart Office & Furniture,Ergonomic Lumbar Executive Chair,1,266.28,266.28
INV-102465,CUST-0338,2026-07-12 22:02:14,Electronics & Audio,Noise-Cancelling Studio Pro Headphones,4,332.11,1328.44
INV-104005,CUST-0058,2026-07-12 22:33:45,Specialty Gourmet,Single-Origin Espresso Bean Subscription (1kg),1,32.37,32.37
INV-101532,CUST-0051,2026-07-13 08:41:40,Computer Accessories,Custom Mechanical RGB Keyboard,3,148.32,444.96
INV-102410,CUST-0357,2026-07-13 12:16:34,Computer Accessories,Custom Mechanical RGB Keyboard,2,174.14,348.28
INV-103906,CUST-0173,2026-07-13 12:47:23,Wearables & Fitness,Titanium GPS Smart Fitness Watch,3,250.78,752.34
INV-100547,CUST-0101,2026-07-13 12:50:44,Apparel & Lifestyle,Full-Grain Leather Briefcase Sleeve,3,95.8,287.4
INV-102410,CUST-0357,2026-07-13 12:56:52,Apparel & Lifestyle,Thermal Double-Wall Stainless Flask,3,42.32,126.96
INV-102479,CUST-0254,2026-07-13 13:49:36,Computer Accessories,Ergonomic Multi-Device Wireless Mouse,1,89.04,89.04
INV-101179,CUST-0366,2026-07-13 14:26:32,Computer Accessories,Ergonomic Multi-Device Wireless Mouse,3,77.46,232.38
INV-100992,CUST-0171,2026-07-13 15:09:15,Smart Office & Furniture,Ergonomic Lumbar Executive Chair,2,297.84,595.68
INV-103935,CUST-0302,2026-07-13 16:10:36,Computer Accessories,Ergonomic Multi-Device Wireless Mouse,2,81.35,162.7
INV-101729,CUST-0356,2026-07-13 16:45:02,Apparel & Lifestyle,Thermal Double-Wall Stainless Flask,4,36.66,146.64
INV-103935,CUST-0302,2026-07-13 17:06:42,Specialty Gourmet,Single-Origin Espresso Bean Subscription (1kg),1,32.34,32.34
INV-101532,CUST-0051,2026-07-13 18:13:56,Apparel & Lifestyle,Thermal Double-Wall Stainless Flask,3,36.96,110.88
INV-103948,CUST-0367,2026-07-13 18:15:49,Specialty Gourmet,Single-Origin Espresso Bean Subscription (1kg),2,33.37,66.74
INV-103904,CUST-0173,2026-07-13 18:17:49,Wearables & Fitness,Heart Rate Performance Sensor Band,1,86.41,86.41
INV-102410,CUST-0357,2026-07-13 20:04:57,Wearables & Fitness,Titanium GPS Smart Fitness Watch,1,278.7,278.7
INV-101076,CUST-0097,2026-07-13 20:20:31,Apparel & Lifestyle,Full-Grain Leather Briefcase Sleeve,4,90.36,361.44
INV-100547,CUST-0101,2026-07-13 20:33:55,Wearables & Fitness,Heart Rate Performance Sensor Band,2,97.78,195.56
INV-100065,CUST-0180,2026-07-13 20:51:09,Specialty Gourmet,Single-Origin Espresso Bean Subscription (1kg),4,36.66,146.64
INV-100206,CUST-0418,2026-07-13 21:51:21,Apparel & Lifestyle,Thermal Double-Wall Stainless Flask,1,40.88,40.88
INV-103935,CUST-0302,2026-07-13 22:20:35,Wearables & Fitness,Titanium GPS Smart Fitness Watch,2,252.92,505.84
INV-102331,CUST-0290,2026-07-14 08:03:05,Computer Accessories,Custom Mechanical RGB Keyboard,3,171.47,514.41
INV-102026,CUST-0165,2026-07-14 08:22:15,Apparel & Lifestyle,Full-Grain Leather Briefcase Sleeve,4,87.3,349.2
INV-102492,CUST-0327,2026-07-14 08:27:59,Computer Accessories,Ergonomic Multi-Device Wireless Mouse,1,91.29,91.29
INV-103905,CUST-0173,2026-07-14 09:11:35,Smart Office & Furniture,Smart LED Desk Bar Lamp,2,50.01,100.02
INV-100307,CUST-0292,2026-07-14 11:13:39,Smart Office & Furniture,Motorized Standing Desk Frame,5,422.43,2112.15
INV-101665,CUST-0218,2026-07-14 11:39:40,Electronics & Audio,Thunderbolt 4 Docking Station,4,185.14,740.56
INV-102424,CUST-0105,2026-07-14 11:55:21,Apparel & Lifestyle,Full-Grain Leather Briefcase Sleeve,1,96.61,96.61
INV-101512,CUST-0399,2026-07-14 13:38:56,Apparel & Lifestyle,Thermal Double-Wall Stainless Flask,3,35.96,107.88
INV-100307,CUST-0292,2026-07-14 13:45:47,Electronics & Audio,Thunderbolt 4 Docking Station,6,209.25,1255.5
INV-100307,CUST-0292,2026-07-14 16:19:53,Smart Office & Furniture,Ergonomic Lumbar Executive Chair,6,311.85,1871.1
INV-102026,CUST-0165,2026-07-14 18:57:57,Electronics & Audio,4K Curved Ultra-Wide Gaming Monitor,1,501.85,501.85
INV-101665,CUST-0218,2026-07-14 19:44:04,Smart Office & Furniture,Smart LED Desk Bar Lamp,4,51.08,204.32
INV-103933,CUST-0143,2026-07-14 21:05:33,Wearables & Fitness,Titanium GPS Smart Fitness Watch,2,244.08,488.16
INV-101497,CUST-0039,2026-07-14 22:29:20,Electronics & Audio,Noise-Cancelling Studio Pro Headphones,3,297.82,893.46
INV-101096,CUST-0176,2026-07-15 10:43:48,Wearables & Fitness,Heart Rate Performance Sensor Band,3,100.89,302.67
INV-100682,CUST-0204,2026-07-15 11:07:09,Wearables & Fitness,Heart Rate Performance Sensor Band,5,95.83,479.15
INV-101852,CUST-0255,2026-07-15 11:35:35,Computer Accessories,Custom Mechanical RGB Keyboard,1,151.67,151.67
INV-103954,CUST-0014,2026-07-15 11:44:02,Wearables & Fitness,Heart Rate Performance Sensor Band,1,87.16,87.16
INV-101894,CUST-0321,2026-07-15 12:41:53,Electronics & Audio,4K Curved Ultra-Wide Gaming Monitor,1,511.29,511.29
INV-100899,CUST-0383,2026-07-15 13:52:15,Computer Accessories,Ergonomic Multi-Device Wireless Mouse,6,90.63,543.78
INV-101894,CUST-0321,2026-07-15 14:50:38,Apparel & Lifestyle,Thermal Double-Wall Stainless Flask,4,37.24,148.96
INV-102339,CUST-0104,2026-07-15 14:59:22,Computer Accessories,Custom Mechanical RGB Keyboard,4,175.3,701.2
INV-101096,CUST-0176,2026-07-15 15:07:02,Electronics & Audio,Noise-Cancelling Studio Pro Headphones,4,339.84,1359.36
INV-101096,CUST-0176,2026-07-15 15:37:00,Smart Office & Furniture,Motorized Standing Desk Frame,1,421.14,421.14
INV-102339,CUST-0104,2026-07-15 16:25:54,Wearables & Fitness,Heart Rate Performance Sensor Band,4,106.34,425.36
INV-101894,CUST-0321,2026-07-15 18:04:12,Electronics & Audio,Noise-Cancelling Studio Pro Headphones,4,303.32,1213.28
INV-101852,CUST-0255,2026-07-15 18:54:37,Computer Accessories,Ergonomic Multi-Device Wireless Mouse,4,81.81,327.24
INV-100682,CUST-0204,2026-07-15 20:52:19,Computer Accessories,Ergonomic Multi-Device Wireless Mouse,2,84.57,169.14
INV-103949,CUST-0367,2026-07-15 21:48:56,Specialty Gourmet,Single-Origin Espresso Bean Subscription (1kg),2,31.84,63.68
INV-101852,CUST-0255,2026-07-15 22:10:06,Specialty Gourmet,Single-Origin Espresso Bean Subscription (1kg),2,33.13,66.26
INV-101452,CUST-0226,2026-07-16 08:36:03,Electronics & Audio,Thunderbolt 4 Docking Station,2,182.01,364.02
INV-103950,CUST-0367,2026-07-16 08:52:28,Computer Accessories,Ergonomic Multi-Device Wireless Mouse,2,79.52,159.04
INV-101194,CUST-0189,2026-07-16 09:22:51,Electronics & Audio,Thunderbolt 4 Docking Station,3,193.01,579.03
INV-102064,CUST-0076,2026-07-16 09:27:13,Computer Accessories,Premium Aluminum Monitor Arm,4,66.89,267.56
INV-100640,CUST-0363,2026-07-16 10:52:28,Specialty Gourmet,Single-Origin Espresso Bean Subscription (1kg),3,36.3,108.9
INV-100640,CUST-0363,2026-07-16 13:11:45,Smart Office & Furniture,Ergonomic Lumbar Executive Chair,5,303.06,1515.3
INV-101437,CUST-0094,2026-07-16 16:54:11,Smart Office & Furniture,Smart LED Desk Bar Lamp,4,50.94,203.76
INV-104006,CUST-0058,2026-07-16 16:55:33,Smart Office & Furniture,Motorized Standing Desk Frame,2,386.04,772.08
INV-101797,CUST-0178,2026-07-16 17:34:52,Electronics & Audio,4K Curved Ultra-Wide Gaming Monitor,4,514.74,2058.96
INV-101866,CUST-0219,2026-07-16 18:09:46,Specialty Gourmet,Single-Origin Espresso Bean Subscription (1kg),2,32.23,64.46
INV-102281,CUST-0119,2026-07-16 20:17:04,Smart Office & Furniture,Ergonomic Lumbar Executive Chair,2,303.79,607.58
INV-100641,CUST-0363,2026-07-16 21:44:09,Apparel & Lifestyle,Full-Grain Leather Briefcase Sleeve,1,91.42,91.42
INV-101867,CUST-0219,2026-07-16 22:44:29,Computer Accessories,Custom Mechanical RGB Keyboard,1,154.39,154.39
INV-100803,CUST-0202,2026-07-17 09:56:36,Computer Accessories,Ergonomic Multi-Device Wireless Mouse,4,85.74,342.96
INV-103962,CUST-0120,2026-07-17 11:19:45,Wearables & Fitness,Titanium GPS Smart Fitness Watch,3,242.85,728.55
INV-103988,CUST-0053,2026-07-17 12:07:12,Computer Accessories,Premium Aluminum Monitor Arm,1,61.98,61.98
INV-103943,CUST-0438,2026-07-17 12:17:44,Wearables & Fitness,Titanium GPS Smart Fitness Watch,1,257.23,257.23
INV-103962,CUST-0120,2026-07-17 13:00:52,Wearables & Fitness,Heart Rate Performance Sensor Band,2,90.57,181.14
INV-102431,CUST-0319,2026-07-17 13:55:39,Computer Accessories,Custom Mechanical RGB Keyboard,4,170.48,681.92
INV-100238,CUST-0188,2026-07-17 14:57:54,Smart Office & Furniture,Ergonomic Lumbar Executive Chair,4,297.63,1190.52
INV-102289,CUST-0313,2026-07-17 15:44:41,Smart Office & Furniture,Ergonomic Lumbar Executive Chair,2,317.42,634.84
INV-102431,CUST-0319,2026-07-17 17:37:35,Computer Accessories,Custom Mechanical RGB Keyboard,2,176.04,352.08
INV-100238,CUST-0188,2026-07-17 17:57:33,Specialty Gourmet,Single-Origin Espresso Bean Subscription (1kg),6,34.42,206.52
INV-101987,CUST-0140,2026-07-17 19:56:58,Wearables & Fitness,Titanium GPS Smart Fitness Watch,4,240.1,960.4
INV-100272,CUST-0163,2026-07-17 22:51:25,Apparel & Lifestyle,Full-Grain Leather Briefcase Sleeve,2,96.85,193.7
INV-100273,CUST-0163,2026-07-18 08:37:32,Computer Accessories,Custom Mechanical RGB Keyboard,2,161.18,322.36
INV-102112,CUST-0371,2026-07-18 08:37:47,Computer Accessories,Premium Aluminum Monitor Arm,2,64.35,128.7
INV-100993,CUST-0171,2026-07-18 08:52:02,Wearables & Fitness,Heart Rate Performance Sensor Band,6,98.24,589.44
INV-102466,CUST-0338,2026-07-18 08:52:25,Specialty Gourmet,Single-Origin Espresso Bean Subscription (1kg),4,37.87,151.48
INV-100590,CUST-0008,2026-07-18 11:47:43,Smart Office & Furniture,Ergonomic Lumbar Executive Chair,5,298.29,1491.45
INV-102370,CUST-0250,2026-07-18 13:02:52,Smart Office & Furniture,Ergonomic Lumbar Executive Chair,1,309.1,309.1
INV-100259,CUST-0242,2026-07-18 13:43:08,Computer Accessories,Custom Mechanical RGB Keyboard,5,163.72,818.6
INV-101914,CUST-0021,2026-07-18 14:24:34,Smart Office & Furniture,Motorized Standing Desk Frame,3,390.19,1170.57
INV-102466,CUST-0338,2026-07-18 14:30:41,Smart Office & Furniture,Ergonomic Lumbar Executive Chair,2,308.95,617.9
INV-100259,CUST-0242,2026-07-18 15:18:16,Smart Office & Furniture,Smart LED Desk Bar Lamp,6,52.9,317.4
INV-103952,CUST-0288,2026-07-18 15:19:03,Wearables & Fitness,Heart Rate Performance Sensor Band,3,88.25,264.75
INV-103995,CUST-0115,2026-07-18 15:41:40,Wearables & Fitness,Titanium GPS Smart Fitness Watch,3,243.49,730.47
INV-102239,CUST-0379,2026-07-18 16:21:30,Electronics & Audio,Noise-Cancelling Studio Pro Headphones,1,345.88,345.88
INV-103995,CUST-0115,2026-07-18 16:30:14,Electronics & Audio,4K Curved Ultra-Wide Gaming Monitor,1,480.71,480.71
INV-101807,CUST-0248,2026-07-18 16:49:43,Smart Office & Furniture,Ergonomic Lumbar Executive Chair,1,276.27,276.27
INV-102455,CUST-0147,2026-07-18 16:52:24,Smart Office & Furniture,Motorized Standing Desk Frame,3,447.35,1342.05
INV-102320,CUST-0393,2026-07-18 20:36:51,Apparel & Lifestyle,Full-Grain Leather Briefcase Sleeve,3,97.76,293.28
INV-102274,CUST-0181,2026-07-18 20:53:02,Specialty Gourmet,Single-Origin Espresso Bean Subscription (1kg),3,38.2,114.6
INV-100259,CUST-0242,2026-07-18 20:54:51,Wearables & Fitness,Heart Rate Performance Sensor Band,2,101.03,202.06
INV-102274,CUST-0181,2026-07-18 21:53:52,Specialty Gourmet,Single-Origin Espresso Bean Subscription (1kg),1,38.15,38.15
INV-101634,CUST-0067,2026-07-18 22:52:44,Computer Accessories,Ergonomic Multi-Device Wireless Mouse,3,81.04,243.12
INV-103952,CUST-0288,2026-07-18 22:55:31,Apparel & Lifestyle,Full-Grain Leather Briefcase Sleeve,3,86.37,259.11
INV-103952,CUST-0288,2026-07-18 22:57:27,Specialty Gourmet,Single-Origin Espresso Bean Subscription (1kg),2,32.86,65.72
INV-103889,CUST-0310,2026-07-19 09:17:42,Smart Office & Furniture,Smart LED Desk Bar Lamp,2,51.13,102.26
INV-101466,CUST-0324,2026-07-19 09:20:59,Specialty Gourmet,Single-Origin Espresso Bean Subscription (1kg),1,32.06,32.06
INV-102143,CUST-0377,2026-07-19 10:15:01,Wearables & Fitness,Titanium GPS Smart Fitness Watch,3,255.3,765.9
INV-102411,CUST-0357,2026-07-19 10:22:12,Electronics & Audio,Noise-Cancelling Studio Pro Headphones,2,335.97,671.94
INV-102041,CUST-0015,2026-07-19 12:31:17,Computer Accessories,Custom Mechanical RGB Keyboard,3,145.05,435.15
INV-103920,CUST-0435,2026-07-19 13:13:33,Computer Accessories,Ergonomic Multi-Device Wireless Mouse,2,82.91,165.82
INV-102089,CUST-0040,2026-07-19 15:12:20,Specialty Gourmet,Single-Origin Espresso Bean Subscription (1kg),3,33.23,99.69
INV-103891,CUST-0310,2026-07-19 17:58:25,Smart Office & Furniture,Motorized Standing Desk Frame,3,388.3,1164.9
INV-100882,CUST-0307,2026-07-19 19:23:24,Computer Accessories,Premium Aluminum Monitor Arm,4,73.45,293.8
INV-102089,CUST-0040,2026-07-19 20:16:34,Computer Accessories,Custom Mechanical RGB Keyboard,4,155.07,620.28
INV-102089,CUST-0040,2026-07-19 21:31:42,Specialty Gourmet,Single-Origin Espresso Bean Subscription (1kg),2,33.04,66.08
INV-100737,CUST-0152,2026-07-19 21:40:54,Wearables & Fitness,Heart Rate Performance Sensor Band,6,95.88,575.28
INV-102497,CUST-0061,2026-07-20 08:37:05,Wearables & Fitness,Heart Rate Performance Sensor Band,2,101.6,203.2
INV-101480,CUST-0281,2026-07-20 08:44:43,Electronics & Audio,Noise-Cancelling Studio Pro Headphones,4,297.11,1188.44
INV-102395,CUST-0406,2026-07-20 09:31:06,Apparel & Lifestyle,Thermal Double-Wall Stainless Flask,4,41.15,164.6
INV-103931,CUST-0415,2026-07-20 10:00:58,Wearables & Fitness,Heart Rate Performance Sensor Band,3,86.05,258.15
INV-102379,CUST-0106,2026-07-20 10:24:54,Smart Office & Furniture,Smart LED Desk Bar Lamp,3,56.86,170.58
INV-102385,CUST-0334,2026-07-20 10:35:33,Computer Accessories,Premium Aluminum Monitor Arm,2,76.51,153.02
INV-100374,CUST-0035,2026-07-20 11:29:59,Specialty Gourmet,Single-Origin Espresso Bean Subscription (1kg),3,34.97,104.91
INV-100374,CUST-0035,2026-07-20 12:11:26,Computer Accessories,Premium Aluminum Monitor Arm,4,71.38,285.52
INV-101480,CUST-0281,2026-07-20 13:23:51,Computer Accessories,Premium Aluminum Monitor Arm,3,65.52,196.56
INV-100308,CUST-0292,2026-07-20 13:45:07,Specialty Gourmet,Single-Origin Espresso Bean Subscription (1kg),5,36.31,181.55
INV-102124,CUST-0295,2026-07-20 14:59:04,Computer Accessories,Ergonomic Multi-Device Wireless Mouse,4,82.13,328.52
INV-102385,CUST-0334,2026-07-20 15:26:27,Smart Office & Furniture,Smart LED Desk Bar Lamp,3,59.77,179.31
INV-102480,CUST-0254,2026-07-20 17:11:04,Smart Office & Furniture,Motorized Standing Desk Frame,1,454.27,454.27
INV-100308,CUST-0292,2026-07-20 18:11:32,Wearables & Fitness,Heart Rate Performance Sensor Band,2,101.67,203.34
INV-102497,CUST-0061,2026-07-20 18:56:23,Computer Accessories,Ergonomic Multi-Device Wireless Mouse,2,90.4,180.8
INV-102395,CUST-0406,2026-07-20 20:18:10,Wearables & Fitness,Heart Rate Performance Sensor Band,4,99.6,398.4
INV-103890,CUST-0310,2026-07-20 22:06:06,Electronics & Audio,Thunderbolt 4 Docking Station,2,189.6,379.2
INV-101180,CUST-0366,2026-07-21 08:10:07,Wearables & Fitness,Titanium GPS Smart Fitness Watch,2,256.5,513.0
INV-102298,CUST-0262,2026-07-21 08:13:43,Apparel & Lifestyle,Thermal Double-Wall Stainless Flask,2,40.99,81.98
INV-100859,CUST-0078,2026-07-21 08:21:52,Specialty Gourmet,Single-Origin Espresso Bean Subscription (1kg),4,34.4,137.6
INV-102205,CUST-0211,2026-07-21 08:35:56,Computer Accessories,Ergonomic Multi-Device Wireless Mouse,1,93.87,93.87
INV-101823,CUST-0351,2026-07-21 08:41:31,Apparel & Lifestyle,Full-Grain Leather Briefcase Sleeve,4,84.11,336.44
INV-102412,CUST-0357,2026-07-21 09:02:09,Computer Accessories,Custom Mechanical RGB Keyboard,2,168.97,337.94
INV-101916,CUST-0021,2026-07-21 09:24:09,Smart Office & Furniture,Ergonomic Lumbar Executive Chair,2,276.34,552.68
INV-100900,CUST-0383,2026-07-21 09:55:33,Electronics & Audio,Noise-Cancelling Studio Pro Headphones,2,317.47,634.94
INV-103910,CUST-0111,2026-07-21 09:58:08,Apparel & Lifestyle,Thermal Double-Wall Stainless Flask,2,35.43,70.86
INV-101180,CUST-0366,2026-07-21 10:55:02,Apparel & Lifestyle,Thermal Double-Wall Stainless Flask,4,36.7,146.8
INV-100859,CUST-0078,2026-07-21 11:05:01,Apparel & Lifestyle,Full-Grain Leather Briefcase Sleeve,3,96.56,289.68
INV-103938,CUST-0230,2026-07-21 12:07:18,Specialty Gourmet,Single-Origin Espresso Bean Subscription (1kg),2,32.51,65.02
INV-103910,CUST-0111,2026-07-21 12:41:20,Wearables & Fitness,Titanium GPS Smart Fitness Watch,3,245.04,735.12
INV-101181,CUST-0366,2026-07-21 13:08:25,Computer Accessories,Custom Mechanical RGB Keyboard,4,154.84,619.36
INV-100900,CUST-0383,2026-07-21 14:46:53,Computer Accessories,Premium Aluminum Monitor Arm,4,73.05,292.2
INV-101915,CUST-0021,2026-07-21 15:32:19,Computer Accessories,Ergonomic Multi-Device Wireless Mouse,4,76.87,307.48
INV-102359,CUST-0404,2026-07-21 15:38:48,Apparel & Lifestyle,Full-Grain Leather Briefcase Sleeve,4,94.92,379.68
INV-101514,CUST-0399,2026-07-21 16:18:15,Electronics & Audio,Noise-Cancelling Studio Pro Headphones,2,300.55,601.1
INV-101180,CUST-0366,2026-07-21 16:45:59,Wearables & Fitness,Heart Rate Performance Sensor Band,4,87.32,349.28
INV-101513,CUST-0399,2026-07-21 17:38:07,Apparel & Lifestyle,Thermal Double-Wall Stainless Flask,2,37.32,74.64
INV-100028,CUST-0042,2026-07-21 18:28:23,Specialty Gourmet,Single-Origin Espresso Bean Subscription (1kg),1,36.05,36.05
INV-100900,CUST-0383,2026-07-21 20:06:00,Wearables & Fitness,Heart Rate Performance Sensor Band,3,100.82,302.46
INV-101823,CUST-0351,2026-07-21 21:32:06,Computer Accessories,Custom Mechanical RGB Keyboard,3,145.22,435.66
INV-101181,CUST-0366,2026-07-21 21:33:58,Electronics & Audio,Noise-Cancelling Studio Pro Headphones,1,291.17,291.17
INV-101823,CUST-0351,2026-07-21 21:35:20,Computer Accessories,Premium Aluminum Monitor Arm,3,66.85,200.55
INV-100955,CUST-0022,2026-07-22 08:09:49,Electronics & Audio,Thunderbolt 4 Docking Station,1,215.34,215.34
INV-102053,CUST-0056,2026-07-22 08:28:27,Apparel & Lifestyle,Full-Grain Leather Briefcase Sleeve,3,83.64,250.92
INV-103979,CUST-0280,2026-07-22 11:15:06,Computer Accessories,Custom Mechanical RGB Keyboard,3,154.08,462.24
INV-100704,CUST-0421,2026-07-22 12:15:39,Computer Accessories,Custom Mechanical RGB Keyboard,2,158.77,317.54
INV-102193,CUST-0161,2026-07-22 15:11:47,Wearables & Fitness,Heart Rate Performance Sensor Band,3,101.12,303.36
INV-103979,CUST-0280,2026-07-22 16:25:10,Electronics & Audio,4K Curved Ultra-Wide Gaming Monitor,1,518.81,518.81
INV-103992,CUST-0378,2026-07-22 20:38:57,Apparel & Lifestyle,Thermal Double-Wall Stainless Flask,3,36.07,108.21
INV-103971,CUST-0217,2026-07-22 21:21:46,Apparel & Lifestyle,Full-Grain Leather Briefcase Sleeve,3,85.72,257.16
INV-102193,CUST-0161,2026-07-22 21:46:09,Smart Office & Furniture,Smart LED Desk Bar Lamp,1,59.75,59.75
INV-103923,CUST-0358,2026-07-22 22:56:43,Specialty Gourmet,Single-Origin Espresso Bean Subscription (1kg),2,31.94,63.88
INV-101882,CUST-0077,2026-07-23 08:07:02,Smart Office & Furniture,Motorized Standing Desk Frame,3,378.84,1136.52
INV-100818,CUST-0263,2026-07-23 08:40:14,Wearables & Fitness,Titanium GPS Smart Fitness Watch,4,267.75,1071.0
INV-100454,CUST-0355,2026-07-23 11:12:43,Electronics & Audio,Thunderbolt 4 Docking Station,1,215.52,215.52
INV-103964,CUST-0112,2026-07-23 14:12:50,Apparel & Lifestyle,Thermal Double-Wall Stainless Flask,3,36.84,110.52
INV-100818,CUST-0263,2026-07-23 14:21:10,Wearables & Fitness,Titanium GPS Smart Fitness Watch,3,276.44,829.32
INV-100642,CUST-0363,2026-07-23 15:48:27,Computer Accessories,Custom Mechanical RGB Keyboard,1,158.64,158.64
INV-103936,CUST-0302,2026-07-23 17:11:10,Computer Accessories,Ergonomic Multi-Device Wireless Mouse,3,81.84,245.52
INV-100051,CUST-0282,2026-07-23 17:35:12,Computer Accessories,Premium Aluminum Monitor Arm,1,70.39,70.39
INV-103964,CUST-0112,2026-07-23 18:36:39,Smart Office & Furniture,Smart LED Desk Bar Lamp,2,50.26,100.52
INV-103939,CUST-0230,2026-07-23 19:45:25,Electronics & Audio,4K Curved Ultra-Wide Gaming Monitor,3,517.42,1552.26
INV-100642,CUST-0363,2026-07-23 20:50:07,Computer Accessories,Ergonomic Multi-Device Wireless Mouse,1,87.36,87.36
INV-101882,CUST-0077,2026-07-23 20:50:32,Computer Accessories,Custom Mechanical RGB Keyboard,1,153.22,153.22
INV-100818,CUST-0263,2026-07-23 20:58:02,Computer Accessories,Ergonomic Multi-Device Wireless Mouse,1,87.57,87.57
INV-101882,CUST-0077,2026-07-23 21:06:08,Computer Accessories,Premium Aluminum Monitor Arm,2,63.22,126.44
INV-102074,CUST-0179,2026-07-24 09:17:58,Electronics & Audio,Thunderbolt 4 Docking Station,2,189.02,378.04
INV-100789,CUST-0352,2026-07-24 09:25:44,Apparel & Lifestyle,Full-Grain Leather Briefcase Sleeve,5,90.28,451.4
INV-100940,CUST-0340,2026-07-24 09:50:59,Computer Accessories,Premium Aluminum Monitor Arm,2,70.26,140.52
INV-100509,CUST-0395,2026-07-24 09:52:33,Apparel & Lifestyle,Full-Grain Leather Briefcase Sleeve,2,95.52,191.04
INV-100509,CUST-0395,2026-07-24 11:46:02,Smart Office & Furniture,Smart LED Desk Bar Lamp,6,57.16,342.96
INV-102074,CUST-0179,2026-07-24 13:26:12,Smart Office & Furniture,Ergonomic Lumbar Executive Chair,4,272.81,1091.24
INV-101057,CUST-0364,2026-07-24 15:50:01,Computer Accessories,Premium Aluminum Monitor Arm,2,70.33,140.66
INV-103917,CUST-0175,2026-07-24 17:30:16,Electronics & Audio,Thunderbolt 4 Docking Station,2,193.74,387.48
INV-100509,CUST-0395,2026-07-24 21:33:07,Apparel & Lifestyle,Thermal Double-Wall Stainless Flask,4,39.24,156.96
INV-100643,CUST-0363,2026-07-25 08:30:07,Electronics & Audio,Thunderbolt 4 Docking Station,6,208.67,1252.02
INV-102194,CUST-0161,2026-07-25 09:08:20,Apparel & Lifestyle,Full-Grain Leather Briefcase Sleeve,3,98.33,294.99
INV-102125,CUST-0295,2026-07-25 10:57:47,Wearables & Fitness,Titanium GPS Smart Fitness Watch,1,255.43,255.43
INV-103953,CUST-0288,2026-07-25 13:11:50,Electronics & Audio,Thunderbolt 4 Docking Station,1,188.72,188.72
INV-100029,CUST-0042,2026-07-25 13:25:20,Apparel & Lifestyle,Full-Grain Leather Briefcase Sleeve,5,90.79,453.95
INV-102417,CUST-0049,2026-07-25 13:48:38,Electronics & Audio,4K Curved Ultra-Wide Gaming Monitor,1,571.29,571.29
INV-100819,CUST-0263,2026-07-25 14:11:52,Computer Accessories,Custom Mechanical RGB Keyboard,6,163.35,980.1
INV-100321,CUST-0243,2026-07-25 14:58:50,Wearables & Fitness,Heart Rate Performance Sensor Band,6,100.92,605.52
INV-103963,CUST-0120,2026-07-25 15:23:00,Apparel & Lifestyle,Thermal Double-Wall Stainless Flask,3,34.57,103.71
INV-100724,CUST-0157,2026-07-25 16:21:29,Smart Office & Furniture,Motorized Standing Desk Frame,4,404.39,1617.56
INV-101758,CUST-0032,2026-07-25 16:26:47,Apparel & Lifestyle,Full-Grain Leather Briefcase Sleeve,3,82.48,247.44
INV-100321,CUST-0243,2026-07-25 16:46:18,Smart Office & Furniture,Ergonomic Lumbar Executive Chair,1,299.74,299.74
INV-100321,CUST-0243,2026-07-25 17:15:02,Electronics & Audio,Noise-Cancelling Studio Pro Headphones,6,332.99,1997.94
INV-102218,CUST-0359,2026-07-25 18:42:18,Computer Accessories,Ergonomic Multi-Device Wireless Mouse,2,95.06,190.12
INV-102194,CUST-0161,2026-07-25 20:10:39,Computer Accessories,Premium Aluminum Monitor Arm,4,74.38,297.52
INV-100819,CUST-0263,2026-07-25 21:21:51,Smart Office & Furniture,Ergonomic Lumbar Executive Chair,4,308.18,1232.72
INV-102417,CUST-0049,2026-07-25 21:39:38,Specialty Gourmet,Single-Origin Espresso Bean Subscription (1kg),4,36.82,147.28
INV-100097,CUST-0331,2026-07-25 22:47:58,Computer Accessories,Ergonomic Multi-Device Wireless Mouse,5,91.04,455.2
INV-103972,CUST-0217,2026-07-25 22:57:09,Electronics & Audio,4K Curved Ultra-Wide Gaming Monitor,1,498.87,498.87
INV-101570,CUST-0107,2026-07-26 08:32:50,Apparel & Lifestyle,Full-Grain Leather Briefcase Sleeve,4,81.68,326.72
INV-101579,CUST-0440,2026-07-26 09:44:31,Smart Office & Furniture,Ergonomic Lumbar Executive Chair,2,274.33,548.66
INV-101368,CUST-0224,2026-07-26 10:58:26,Specialty Gourmet,Single-Origin Espresso Bean Subscription (1kg),1,33.11,33.11
INV-100078,CUST-0267,2026-07-26 11:00:16,Specialty Gourmet,Single-Origin Espresso Bean Subscription (1kg),4,35.25,141.0
INV-103957,CUST-0309,2026-07-26 11:37:11,Smart Office & Furniture,Motorized Standing Desk Frame,3,382.82,1148.46
INV-103965,CUST-0112,2026-07-26 14:08:49,Computer Accessories,Premium Aluminum Monitor Arm,2,65.55,131.1
INV-103957,CUST-0309,2026-07-26 14:48:46,Apparel & Lifestyle,Thermal Double-Wall Stainless Flask,2,37.43,74.86
INV-102418,CUST-0049,2026-07-26 15:25:12,Specialty Gourmet,Single-Origin Espresso Bean Subscription (1kg),1,36.31,36.31
INV-103945,CUST-0333,2026-07-26 16:20:56,Specialty Gourmet,Single-Origin Espresso Bean Subscription (1kg),1,31.7,31.7
INV-102348,CUST-0026,2026-07-26 16:33:17,Computer Accessories,Ergonomic Multi-Device Wireless Mouse,2,93.53,187.06
INV-100928,CUST-0264,2026-07-26 16:50:51,Electronics & Audio,Thunderbolt 4 Docking Station,4,209.38,837.52
INV-103951,CUST-0102,2026-07-26 19:12:41,Electronics & Audio,Noise-Cancelling Studio Pro Headphones,1,302.85,302.85
INV-102348,CUST-0026,2026-07-26 20:18:32,Smart Office & Furniture,Motorized Standing Desk Frame,3,443.19,1329.57
INV-100941,CUST-0340,2026-07-26 20:31:06,Smart Office & Furniture,Smart LED Desk Bar Lamp,3,55.38,166.14
INV-100928,CUST-0264,2026-07-26 21:44:01,Computer Accessories,Ergonomic Multi-Device Wireless Mouse,5,85.67,428.35
INV-101579,CUST-0440,2026-07-26 21:53:44,Apparel & Lifestyle,Thermal Double-Wall Stainless Flask,4,35.67,142.68
INV-103918,CUST-0175,2026-07-26 22:00:06,Computer Accessories,Premium Aluminum Monitor Arm,3,62.7,188.1
INV-100928,CUST-0264,2026-07-26 22:55:50,Apparel & Lifestyle,Full-Grain Leather Briefcase Sleeve,3,90.23,270.69
INV-102216,CUST-0212,2026-07-27 08:24:09,Computer Accessories,Premium Aluminum Monitor Arm,2,72.99,145.98
INV-100570,CUST-0005,2026-07-27 14:03:40,Specialty Gourmet,Single-Origin Espresso Bean Subscription (1kg),3,36.27,108.81
INV-103973,CUST-0217,2026-07-27 15:53:32,Computer Accessories,Ergonomic Multi-Device Wireless Mouse,2,82.24,164.48
INV-100291,CUST-0305,2026-07-27 16:33:44,Specialty Gourmet,Single-Origin Espresso Bean Subscription (1kg),6,36.82,220.92
INV-102199,CUST-0245,2026-07-27 17:29:19,Electronics & Audio,Noise-Cancelling Studio Pro Headphones,1,346.46,346.46
INV-102326,CUST-0028,2026-07-27 19:20:57,Smart Office & Furniture,Smart LED Desk Bar Lamp,1,57.47,57.47
INV-103970,CUST-0017,2026-07-27 21:51:59,Computer Accessories,Ergonomic Multi-Device Wireless Mouse,1,81.0,81.0
INV-102216,CUST-0212,2026-07-27 22:22:39,Specialty Gourmet,Single-Origin Espresso Bean Subscription (1kg),2,36.23,72.46
INV-101533,CUST-0051,2026-07-28 08:19:00,Specialty Gourmet,Single-Origin Espresso Bean Subscription (1kg),3,31.76,95.28
INV-103942,CUST-0215,2026-07-28 09:44:34,Smart Office & Furniture,Smart LED Desk Bar Lamp,3,49.18,147.54
INV-100860,CUST-0078,2026-07-28 09:51:53,Wearables & Fitness,Heart Rate Performance Sensor Band,2,101.49,202.98
INV-102401,CUST-0169,2026-07-28 12:37:12,Smart Office & Furniture,Ergonomic Lumbar Executive Chair,1,327.42,327.42
INV-101383,CUST-0069,2026-07-28 13:34:14,Electronics & Audio,Thunderbolt 4 Docking Station,1,194.05,194.05
INV-102401,CUST-0169,2026-07-28 14:36:14,Specialty Gourmet,Single-Origin Espresso Bean Subscription (1kg),3,38.62,115.86
INV-101203,CUST-0381,2026-07-28 15:50:40,Computer Accessories,Custom Mechanical RGB Keyboard,3,152.01,456.03
INV-103942,CUST-0215,2026-07-28 15:56:42,Computer Accessories,Premium Aluminum Monitor Arm,1,65.34,65.34
INV-103958,CUST-0309,2026-07-28 16:42:06,Apparel & Lifestyle,Full-Grain Leather Briefcase Sleeve,3,82.86,248.58
INV-101413,CUST-0207,2026-07-28 17:08:06,Apparel & Lifestyle,Thermal Double-Wall Stainless Flask,2,36.85,73.7
INV-103958,CUST-0309,2026-07-28 18:12:42,Smart Office & Furniture,Smart LED Desk Bar Lamp,1,51.62,51.62
INV-103997,CUST-0126,2026-07-28 20:29:53,Smart Office & Furniture,Smart LED Desk Bar Lamp,1,50.57,50.57
INV-103942,CUST-0215,2026-07-28 20:38:07,Smart Office & Furniture,Smart LED Desk Bar Lamp,1,49.84,49.84
INV-100510,CUST-0395,2026-07-28 21:05:21,Specialty Gourmet,Single-Origin Espresso Bean Subscription (1kg),6,36.75,220.5
INV-102401,CUST-0169,2026-07-28 21:29:11,Apparel & Lifestyle,Thermal Double-Wall Stainless Flask,2,40.36,80.72
INV-103958,CUST-0309,2026-07-28 22:32:36,Computer Accessories,Custom Mechanical RGB Keyboard,3,146.02,438.06
INV-102332,CUST-0290,2026-07-29 08:05:46,Computer Accessories,Ergonomic Multi-Device Wireless Mouse,2,91.58,183.16
INV-102360,CUST-0404,2026-07-29 09:27:01,Computer Accessories,Custom Mechanical RGB Keyboard,1,178.64,178.64
INV-103926,CUST-0389,2026-07-29 09:48:28,Apparel & Lifestyle,Full-Grain Leather Briefcase Sleeve,2,87.29,174.58
INV-100375,CUST-0035,2026-07-29 09:51:32,Smart Office & Furniture,Smart LED Desk Bar Lamp,5,54.08,270.4
INV-100804,CUST-0202,2026-07-29 09:58:15,Specialty Gourmet,Single-Origin Espresso Bean Subscription (1kg),6,35.53,213.18
INV-100804,CUST-0202,2026-07-29 12:04:40,Computer Accessories,Custom Mechanical RGB Keyboard,2,160.56,321.12
INV-101635,CUST-0067,2026-07-29 12:21:06,Wearables & Fitness,Titanium GPS Smart Fitness Watch,1,242.33,242.33
INV-100914,CUST-0093,2026-07-29 12:53:14,Wearables & Fitness,Heart Rate Performance Sensor Band,3,95.12,285.36
INV-100491,CUST-0146,2026-07-29 13:23:57,Wearables & Fitness,Titanium GPS Smart Fitness Watch,1,279.78,279.78
INV-100491,CUST-0146,2026-07-29 13:59:02,Wearables & Fitness,Titanium GPS Smart Fitness Watch,4,279.36,1117.44
INV-100738,CUST-0152,2026-07-29 14:01:07,Computer Accessories,Custom Mechanical RGB Keyboard,4,160.35,641.4
INV-100994,CUST-0171,2026-07-29 14:09:00,Computer Accessories,Ergonomic Multi-Device Wireless Mouse,5,90.61,453.05
INV-102307,CUST-0442,2026-07-29 14:11:09,Wearables & Fitness,Titanium GPS Smart Fitness Watch,4,282.19,1128.76
INV-100914,CUST-0093,2026-07-29 16:54:29,Computer Accessories,Premium Aluminum Monitor Arm,1,70.36,70.36
INV-103926,CUST-0389,2026-07-29 17:18:00,Wearables & Fitness,Titanium GPS Smart Fitness Watch,1,252.26,252.26
INV-100914,CUST-0093,2026-07-29 17:37:14,Computer Accessories,Ergonomic Multi-Device Wireless Mouse,2,88.03,176.06
INV-101115,CUST-0314,2026-07-29 18:06:21,Electronics & Audio,Noise-Cancelling Studio Pro Headphones,1,323.92,323.92
INV-100738,CUST-0152,2026-07-29 19:44:28,Computer Accessories,Ergonomic Multi-Device Wireless Mouse,2,90.72,181.44
INV-100548,CUST-0101,2026-07-29 21:09:53,Specialty Gourmet,Single-Origin Espresso Bean Subscription (1kg),2,36.02,72.04
INV-102267,CUST-0020,2026-07-30 08:12:42,Smart Office & Furniture,Motorized Standing Desk Frame,3,453.2,1359.6
INV-103916,CUST-0416,2026-07-30 08:50:45,Specialty Gourmet,Single-Origin Espresso Bean Subscription (1kg),2,33.28,66.56
INV-102101,CUST-0159,2026-07-30 09:12:36,Apparel & Lifestyle,Full-Grain Leather Briefcase Sleeve,1,82.62,82.62
INV-102176,CUST-0297,2026-07-30 10:07:39,Apparel & Lifestyle,Full-Grain Leather Briefcase Sleeve,2,83.61,167.22
INV-102467,CUST-0338,2026-07-30 10:11:47,Apparel & Lifestyle,Thermal Double-Wall Stainless Flask,1,41.56,41.56
INV-102267,CUST-0020,2026-07-30 11:00:16,Computer Accessories,Ergonomic Multi-Device Wireless Mouse,1,89.2,89.2
INV-103898,CUST-0432,2026-07-30 11:23:24,Wearables & Fitness,Heart Rate Performance Sensor Band,2,86.98,173.96
INV-100664,CUST-0241,2026-07-30 12:20:03,Computer Accessories,Premium Aluminum Monitor Arm,6,70.11,420.66
INV-103894,CUST-0050,2026-07-30 13:25:15,Computer Accessories,Premium Aluminum Monitor Arm,1,66.93,66.93
INV-101012,CUST-0269,2026-07-30 14:39:03,Specialty Gourmet,Single-Origin Espresso Bean Subscription (1kg),2,36.45,72.9
INV-103898,CUST-0432,2026-07-30 15:48:07,Specialty Gourmet,Single-Origin Espresso Bean Subscription (1kg),3,32.7,98.1
INV-102197,CUST-0185,2026-07-30 18:30:09,Apparel & Lifestyle,Thermal Double-Wall Stainless Flask,1,41.22,41.22
INV-102293,CUST-0273,2026-07-30 19:49:17,Smart Office & Furniture,Smart LED Desk Bar Lamp,3,59.19,177.57
INV-103898,CUST-0432,2026-07-30 20:02:53,Wearables & Fitness,Heart Rate Performance Sensor Band,1,87.94,87.94
INV-102293,CUST-0273,2026-07-30 20:52:16,Wearables & Fitness,Heart Rate Performance Sensor Band,2,99.24,198.48
INV-101636,CUST-0067,2026-07-30 21:59:12,Wearables & Fitness,Titanium GPS Smart Fitness Watch,1,251.28,251.28
INV-103969,CUST-0016,2026-07-31 09:01:38,Specialty Gourmet,Single-Origin Espresso Bean Subscription (1kg),3,33.6,100.8
INV-100432,CUST-0012,2026-07-31 09:13:33,Computer Accessories,Ergonomic Multi-Device Wireless Mouse,1,90.24,90.24
INV-101965,CUST-0268,2026-07-31 09:41:42,Wearables & Fitness,Heart Rate Performance Sensor Band,1,86.51,86.51
INV-101965,CUST-0268,2026-07-31 11:15:36,Apparel & Lifestyle,Thermal Double-Wall Stainless Flask,4,35.03,140.12
INV-100432,CUST-0012,2026-07-31 11:34:24,Electronics & Audio,Noise-Cancelling Studio Pro Headphones,1,319.46,319.46
INV-100776,CUST-0060,2026-07-31 11:39:34,Wearables & Fitness,Heart Rate Performance Sensor Band,6,98.36,590.16
INV-101917,CUST-0021,2026-07-31 14:17:34,Specialty Gourmet,Single-Origin Espresso Bean Subscription (1kg),2,33.35,66.7
INV-100396,CUST-0160,2026-07-31 14:17:56,Computer Accessories,Ergonomic Multi-Device Wireless Mouse,3,88.63,265.89
INV-100274,CUST-0163,2026-07-31 14:56:40,Computer Accessories,Premium Aluminum Monitor Arm,6,72.61,435.66
INV-101077,CUST-0097,2026-07-31 15:54:41,Computer Accessories,Premium Aluminum Monitor Arm,6,73.7,442.2
INV-101399,CUST-0325,2026-07-31 16:02:25,Apparel & Lifestyle,Thermal Double-Wall Stainless Flask,4,36.21,144.84
INV-102503,CUST-0132,2026-07-31 17:33:26,Computer Accessories,Premium Aluminum Monitor Arm,4,74.79,299.16
INV-102468,CUST-0338,2026-07-31 18:17:49,Smart Office & Furniture,Motorized Standing Desk Frame,4,451.38,1805.52
INV-100309,CUST-0292,2026-07-31 18:47:57,Wearables & Fitness,Titanium GPS Smart Fitness Watch,6,278.5,1671.0
INV-101808,CUST-0248,2026-07-31 21:01:10,Smart Office & Furniture,Motorized Standing Desk Frame,3,388.61,1165.83
INV-100309,CUST-0292,2026-07-31 21:27:51,Wearables & Fitness,Titanium GPS Smart Fitness Watch,5,269.21,1346.05
INV-102219,CUST-0359,2026-07-31 22:24:19,Electronics & Audio,Noise-Cancelling Studio Pro Headphones,4,339.67,1358.68
INV-103895,CUST-0195,2026-08-01 08:03:31,Apparel & Lifestyle,Full-Grain Leather Briefcase Sleeve,3,82.79,248.37
INV-100591,CUST-0008,2026-08-01 11:04:30,Electronics & Audio,Thunderbolt 4 Docking Station,2,206.37,412.74
INV-100260,CUST-0242,2026-08-01 11:43:34,Apparel & Lifestyle,Full-Grain Leather Briefcase Sleeve,3,95.19,285.57
INV-100224,CUST-0174,2026-08-01 12:13:15,Apparel & Lifestyle,Thermal Double-Wall Stainless Flask,3,39.43,118.29
INV-102284,CUST-0214,2026-08-01 12:34:29,Specialty Gourmet,Single-Origin Espresso Bean Subscription (1kg),2,36.31,72.62
INV-100224,CUST-0174,2026-08-01 12:50:06,Wearables & Fitness,Heart Rate Performance Sensor Band,6,94.51,567.06
INV-101625,CUST-0216,2026-08-01 13:33:09,Apparel & Lifestyle,Thermal Double-Wall Stainless Flask,3,36.38,109.14
INV-100224,CUST-0174,2026-08-01 14:28:46,Apparel & Lifestyle,Full-Grain Leather Briefcase Sleeve,6,89.77,538.62
INV-101625,CUST-0216,2026-08-01 14:30:17,Computer Accessories,Ergonomic Multi-Device Wireless Mouse,2,81.91,163.82
INV-103913,CUST-0080,2026-08-01 14:37:44,Smart Office & Furniture,Smart LED Desk Bar Lamp,3,51.14,153.42
INV-103895,CUST-0195,2026-08-01 15:47:17,Apparel & Lifestyle,Thermal Double-Wall Stainless Flask,2,34.86,69.72
INV-100260,CUST-0242,2026-08-01 17:52:12,Computer Accessories,Premium Aluminum Monitor Arm,5,72.13,360.65
INV-101258,CUST-0130,2026-08-01 18:37:57,Wearables & Fitness,Titanium GPS Smart Fitness Watch,3,250.27,750.81
INV-100591,CUST-0008,2026-08-01 19:26:55,Computer Accessories,Custom Mechanical RGB Keyboard,2,159.68,319.36
INV-101625,CUST-0216,2026-08-01 20:57:15,Specialty Gourmet,Single-Origin Espresso Bean Subscription (1kg),3,33.3,99.9
INV-102233,CUST-0420,2026-08-01 21:42:13,Smart Office & Furniture,Ergonomic Lumbar Executive Chair,3,313.94,941.82
INV-100883,CUST-0307,2026-08-01 22:02:58,Wearables & Fitness,Heart Rate Performance Sensor Band,5,94.54,472.7
INV-101259,CUST-0130,2026-08-02 08:10:26,Apparel & Lifestyle,Full-Grain Leather Briefcase Sleeve,3,87.51,262.53
INV-101423,CUST-0279,2026-08-02 10:16:25,Apparel & Lifestyle,Full-Grain Leather Briefcase Sleeve,3,85.0,255.0
INV-102299,CUST-0262,2026-08-02 11:59:08,Wearables & Fitness,Heart Rate Performance Sensor Band,3,100.84,302.52
INV-101260,CUST-0130,2026-08-02 13:19:10,Computer Accessories,Ergonomic Multi-Device Wireless Mouse,1,77.9,77.9
INV-100609,CUST-0089,2026-08-02 13:51:43,Wearables & Fitness,Heart Rate Performance Sensor Band,3,97.52,292.56
INV-100152,CUST-0110,2026-08-02 15:08:12,Smart Office & Furniture,Smart LED Desk Bar Lamp,3,56.98,170.94
INV-100152,CUST-0110,2026-08-02 16:41:31,Electronics & Audio,Thunderbolt 4 Docking Station,4,216.18,864.72
INV-100152,CUST-0110,2026-08-02 17:03:55,Smart Office & Furniture,Smart LED Desk Bar Lamp,3,56.49,169.47
INV-100609,CUST-0089,2026-08-02 22:04:12,Smart Office & Furniture,Smart LED Desk Bar Lamp,6,56.35,338.1
INV-103998,CUST-0126,2026-08-03 08:15:40,Smart Office & Furniture,Smart LED Desk Bar Lamp,2,50.9,101.8
INV-103900,CUST-0432,2026-08-03 09:36:26,Electronics & Audio,Thunderbolt 4 Docking Station,2,183.62,367.24
INV-103899,CUST-0432,2026-08-03 12:27:40,Computer Accessories,Custom Mechanical RGB Keyboard,3,148.55,445.65
INV-102300,CUST-0262,2026-08-03 12:46:35,Electronics & Audio,4K Curved Ultra-Wide Gaming Monitor,4,578.56,2314.24
INV-103940,CUST-0230,2026-08-03 14:20:09,Wearables & Fitness,Titanium GPS Smart Fitness Watch,2,256.07,512.14
INV-102434,CUST-0201,2026-08-03 15:08:25,Computer Accessories,Custom Mechanical RGB Keyboard,4,175.39,701.56
INV-102434,CUST-0201,2026-08-03 16:17:25,Apparel & Lifestyle,Thermal Double-Wall Stainless Flask,2,39.8,79.6
INV-103946,CUST-0333,2026-08-03 16:49:10,Electronics & Audio,Thunderbolt 4 Docking Station,2,194.48,388.96
INV-103998,CUST-0126,2026-08-03 17:42:25,Computer Accessories,Ergonomic Multi-Device Wireless Mouse,3,76.9,230.7
INV-103892,CUST-0177,2026-08-03 18:20:38,Electronics & Audio,Noise-Cancelling Studio Pro Headphones,2,298.78,597.56
INV-100754,CUST-0003,2026-08-03 19:51:33,Electronics & Audio,Noise-Cancelling Studio Pro Headphones,2,337.12,674.24
INV-101037,CUST-0423,2026-08-03 21:08:40,Electronics & Audio,Noise-Cancelling Studio Pro Headphones,4,341.69,1366.76
INV-103940,CUST-0230,2026-08-03 21:10:52,Wearables & Fitness,Titanium GPS Smart Fitness Watch,1,257.08,257.08
INV-100470,CUST-0154,2026-08-03 21:38:30,Wearables & Fitness,Heart Rate Performance Sensor Band,4,95.03,380.12
INV-100116,CUST-0170,2026-08-04 08:40:00,Wearables & Fitness,Heart Rate Performance Sensor Band,4,98.31,393.24
INV-103947,CUST-0333,2026-08-04 08:46:08,Computer Accessories,Custom Mechanical RGB Keyboard,2,155.2,310.4
INV-100116,CUST-0170,2026-08-04 09:25:24,Apparel & Lifestyle,Thermal Double-Wall Stainless Flask,6,40.42,242.52
INV-102265,CUST-0114,2026-08-04 12:04:52,Smart Office & Furniture,Smart LED Desk Bar Lamp,4,58.9,235.6
INV-103924,CUST-0358,2026-08-04 12:26:10,Computer Accessories,Custom Mechanical RGB Keyboard,2,154.89,309.78
INV-100225,CUST-0174,2026-08-04 14:22:34,Computer Accessories,Custom Mechanical RGB Keyboard,4,164.9,659.6
INV-102363,CUST-0427,2026-08-04 15:55:32,Electronics & Audio,Noise-Cancelling Studio Pro Headphones,3,352.84,1058.52
INV-104001,CUST-0013,2026-08-04 17:12:49,Computer Accessories,Premium Aluminum Monitor Arm,2,66.19,132.38
INV-100901,CUST-0383,2026-08-04 17:43:42,Apparel & Lifestyle,Full-Grain Leather Briefcase Sleeve,2,92.52,185.04
INV-102363,CUST-0427,2026-08-04 18:46:45,Specialty Gourmet,Single-Origin Espresso Bean Subscription (1kg),3,37.52,112.56
INV-100848,CUST-0382,2026-08-04 21:25:38,Electronics & Audio,Noise-Cancelling Studio Pro Headphones,2,328.56,657.12
INV-103947,CUST-0333,2026-08-04 22:47:58,Computer Accessories,Custom Mechanical RGB Keyboard,1,154.57,154.57
INV-103927,CUST-0004,2026-08-05 08:58:51,Computer Accessories,Custom Mechanical RGB Keyboard,2,148.59,297.18
INV-100995,CUST-0171,2026-08-05 12:14:58,Electronics & Audio,Noise-Cancelling Studio Pro Headphones,2,326.12,652.24
INV-100976,CUST-0046,2026-08-05 16:04:10,Computer Accessories,Ergonomic Multi-Device Wireless Mouse,6,88.12,528.72
INV-102483,CUST-0125,2026-08-05 16:07:26,Apparel & Lifestyle,Thermal Double-Wall Stainless Flask,1,41.29,41.29
INV-101701,CUST-0246,2026-08-05 16:28:45,Smart Office & Furniture,Smart LED Desk Bar Lamp,1,48.4,48.4
INV-100976,CUST-0046,2026-08-05 17:03:50,Apparel & Lifestyle,Thermal Double-Wall Stainless Flask,2,38.93,77.86
INV-100861,CUST-0078,2026-08-05 17:13:59,Computer Accessories,Custom Mechanical RGB Keyboard,5,166.66,833.3
INV-101013,CUST-0269,2026-08-05 17:53:04,Computer Accessories,Custom Mechanical RGB Keyboard,6,171.27,1027.62
INV-101297,CUST-0343,2026-08-05 18:06:42,Wearables & Fitness,Titanium GPS Smart Fitness Watch,3,254.39,763.17
INV-103911,CUST-0111,2026-08-05 19:21:31,Computer Accessories,Ergonomic Multi-Device Wireless Mouse,3,77.19,231.57
INV-100861,CUST-0078,2026-08-05 21:20:20,Computer Accessories,Custom Mechanical RGB Keyboard,4,165.15,660.6
INV-100976,CUST-0046,2026-08-05 21:25:31,Computer Accessories,Custom Mechanical RGB Keyboard,6,160.9,965.4
INV-102268,CUST-0020,2026-08-05 21:32:55,Smart Office & Furniture,Motorized Standing Desk Frame,4,424.22,1696.88
INV-102483,CUST-0125,2026-08-05 22:00:24,Apparel & Lifestyle,Full-Grain Leather Briefcase Sleeve,4,97.77,391.08
INV-100683,CUST-0204,2026-08-05 22:02:12,Smart Office & Furniture,Smart LED Desk Bar Lamp,4,54.65,218.6
INV-100995,CUST-0171,2026-08-05 22:45:52,Smart Office & Furniture,Motorized Standing Desk Frame,6,414.15,2484.9
INV-103928,CUST-0004,2026-08-06 08:46:42,Computer Accessories,Premium Aluminum Monitor Arm,2,64.36,128.72
INV-104003,CUST-0013,2026-08-06 08:47:29,Computer Accessories,Custom Mechanical RGB Keyboard,2,144.09,288.18
INV-103981,CUST-0280,2026-08-06 08:58:02,Specialty Gourmet,Single-Origin Espresso Bean Subscription (1kg),3,31.44,94.32
INV-100492,CUST-0146,2026-08-06 09:18:30,Electronics & Audio,4K Curved Ultra-Wide Gaming Monitor,4,563.98,2255.92
INV-103937,CUST-0302,2026-08-06 09:41:18,Wearables & Fitness,Titanium GPS Smart Fitness Watch,1,251.85,251.85
INV-104003,CUST-0013,2026-08-06 10:03:43,Smart Office & Furniture,Motorized Standing Desk Frame,3,384.76,1154.28
INV-101097,CUST-0176,2026-08-06 10:48:09,Wearables & Fitness,Titanium GPS Smart Fitness Watch,2,274.45,548.9
INV-103980,CUST-0280,2026-08-06 11:45:26,Apparel & Lifestyle,Full-Grain Leather Briefcase Sleeve,3,87.05,261.15
INV-102487,CUST-0429,2026-08-06 12:02:28,Electronics & Audio,Noise-Cancelling Studio Pro Headphones,2,342.57,685.14
INV-104003,CUST-0013,2026-08-06 13:12:29,Computer Accessories,Ergonomic Multi-Device Wireless Mouse,3,77.18,231.54
INV-104002,CUST-0013,2026-08-06 13:16:01,Computer Accessories,Custom Mechanical RGB Keyboard,1,152.08,152.08
INV-103959,CUST-0259,2026-08-06 14:33:01,Apparel & Lifestyle,Thermal Double-Wall Stainless Flask,2,36.14,72.28
INV-102209,CUST-0266,2026-08-06 18:22:46,Electronics & Audio,Noise-Cancelling Studio Pro Headphones,1,337.06,337.06
INV-103980,CUST-0280,2026-08-06 18:53:01,Electronics & Audio,Noise-Cancelling Studio Pro Headphones,3,309.32,927.96
INV-100915,CUST-0093,2026-08-06 19:42:54,Smart Office & Furniture,Ergonomic Lumbar Executive Chair,5,297.26,1486.3
INV-101097,CUST-0176,2026-08-06 20:47:21,Specialty Gourmet,Single-Origin Espresso Bean Subscription (1kg),1,34.61,34.61
INV-103980,CUST-0280,2026-08-06 22:34:06,Smart Office & Furniture,Motorized Standing Desk Frame,1,371.94,371.94
INV-100079,CUST-0267,2026-08-07 12:37:46,Smart Office & Furniture,Ergonomic Lumbar Executive Chair,3,313.49,940.47
INV-103996,CUST-0115,2026-08-07 13:47:32,Computer Accessories,Premium Aluminum Monitor Arm,3,63.23,189.69
INV-100322,CUST-0243,2026-08-07 16:28:31,Smart Office & Furniture,Smart LED Desk Bar Lamp,3,55.05,165.15
INV-100207,CUST-0418,2026-08-07 17:27:52,Specialty Gourmet,Single-Origin Espresso Bean Subscription (1kg),1,34.8,34.8
INV-100226,CUST-0174,2026-08-07 18:14:10,Apparel & Lifestyle,Thermal Double-Wall Stainless Flask,5,40.08,200.4
INV-100187,CUST-0145,2026-08-08 08:21:51,Computer Accessories,Custom Mechanical RGB Keyboard,1,168.57,168.57
INV-100117,CUST-0170,2026-08-08 11:13:57,Apparel & Lifestyle,Thermal Double-Wall Stainless Flask,5,40.93,204.65
INV-102220,CUST-0359,2026-08-08 11:38:27,Wearables & Fitness,Heart Rate Performance Sensor Band,3,101.3,303.9
INV-100353,CUST-0431,2026-08-08 14:38:36,Computer Accessories,Custom Mechanical RGB Keyboard,2,165.21,330.42
INV-102461,CUST-0270,2026-08-08 15:03:25,Specialty Gourmet,Single-Origin Espresso Bean Subscription (1kg),3,36.7,110.1
INV-103912,CUST-0111,2026-08-08 15:10:03,Apparel & Lifestyle,Thermal Double-Wall Stainless Flask,1,37.15,37.15
INV-100131,CUST-0007,2026-08-08 15:38:39,Computer Accessories,Ergonomic Multi-Device Wireless Mouse,2,89.44,178.88
INV-104007,CUST-0328,2026-08-08 15:49:08,Apparel & Lifestyle,Thermal Double-Wall Stainless Flask,1,36.69,36.69
INV-100117,CUST-0170,2026-08-08 17:54:06,Electronics & Audio,4K Curved Ultra-Wide Gaming Monitor,6,561.39,3368.34
INV-102484,CUST-0125,2026-08-08 18:07:21,Specialty Gourmet,Single-Origin Espresso Bean Subscription (1kg),3,37.86,113.58
INV-104007,CUST-0328,2026-08-08 20:06:48,Wearables & Fitness,Titanium GPS Smart Fitness Watch,3,241.74,725.22
INV-100187,CUST-0145,2026-08-08 21:17:46,Apparel & Lifestyle,Full-Grain Leather Briefcase Sleeve,2,95.37,190.74
INV-104007,CUST-0328,2026-08-08 22:17:01,Wearables & Fitness,Heart Rate Performance Sensor Band,3,90.18,270.54
INV-103968,CUST-0048,2026-08-09 09:22:18,Apparel & Lifestyle,Thermal Double-Wall Stainless Flask,3,35.5,106.5
INV-101014,CUST-0269,2026-08-09 11:17:06,Computer Accessories,Ergonomic Multi-Device Wireless Mouse,3,88.92,266.76
INV-104000,CUST-0380,2026-08-09 11:42:25,Wearables & Fitness,Titanium GPS Smart Fitness Watch,3,251.74,755.22
INV-103968,CUST-0048,2026-08-09 11:42:44,Apparel & Lifestyle,Full-Grain Leather Briefcase Sleeve,1,85.56,85.56
INV-100227,CUST-0174,2026-08-09 13:16:06,Apparel & Lifestyle,Thermal Double-Wall Stainless Flask,1,38.95,38.95
INV-101014,CUST-0269,2026-08-09 14:10:03,Smart Office & Furniture,Ergonomic Lumbar Executive Chair,6,300.2,1801.2
INV-103929,CUST-0004,2026-08-09 16:54:04,Electronics & Audio,Noise-Cancelling Studio Pro Headphones,1,310.22,310.22
INV-102390,CUST-0091,2026-08-09 17:26:47,Apparel & Lifestyle,Thermal Double-Wall Stainless Flask,2,41.31,82.62
INV-101058,CUST-0364,2026-08-09 18:26:24,Smart Office & Furniture,Smart LED Desk Bar Lamp,6,53.13,318.78
INV-102413,CUST-0357,2026-08-10 08:07:39,Specialty Gourmet,Single-Origin Espresso Bean Subscription (1kg),3,38.43,115.29
INV-100239,CUST-0188,2026-08-10 10:02:27,Wearables & Fitness,Titanium GPS Smart Fitness Watch,2,280.66,561.32
INV-102413,CUST-0357,2026-08-10 12:21:50,Apparel & Lifestyle,Thermal Double-Wall Stainless Flask,2,43.02,86.04
INV-100625,CUST-0403,2026-08-10 13:00:18,Electronics & Audio,Thunderbolt 4 Docking Station,4,206.28,825.12
INV-102380,CUST-0106,2026-08-10 14:01:09,Electronics & Audio,Noise-Cancelling Studio Pro Headphones,2,337.46,674.92
INV-103983,CUST-0447,2026-08-10 14:04:27,Electronics & Audio,Noise-Cancelling Studio Pro Headphones,3,294.27,882.81
INV-102380,CUST-0106,2026-08-10 14:48:47,Wearables & Fitness,Heart Rate Performance Sensor Band,3,104.7,314.1
INV-102380,CUST-0106,2026-08-10 14:49:29,Wearables & Fitness,Titanium GPS Smart Fitness Watch,3,292.57,877.71
INV-100239,CUST-0188,2026-08-10 15:11:10,Wearables & Fitness,Heart Rate Performance Sensor Band,1,101.42,101.42
INV-102444,CUST-0122,2026-08-10 19:02:26,Wearables & Fitness,Titanium GPS Smart Fitness Watch,4,294.42,1177.68
INV-103975,CUST-0303,2026-08-10 20:55:33,Smart Office & Furniture,Smart LED Desk Bar Lamp,2,48.24,96.48
INV-102261,CUST-0446,2026-08-10 22:07:06,Wearables & Fitness,Titanium GPS Smart Fitness Watch,3,282.84,848.52
INV-102352,CUST-0354,2026-08-11 08:12:10,Apparel & Lifestyle,Full-Grain Leather Briefcase Sleeve,4,94.25,377.0
INV-102200,CUST-0245,2026-08-11 09:32:12,Smart Office & Furniture,Smart LED Desk Bar Lamp,3,57.05,171.15
INV-103977,CUST-0045,2026-08-11 10:52:07,Wearables & Fitness,Heart Rate Performance Sensor Band,3,87.72,263.16
INV-102206,CUST-0211,2026-08-11 12:42:52,Smart Office & Furniture,Smart LED Desk Bar Lamp,1,56.71,56.71
INV-100261,CUST-0242,2026-08-11 12:54:10,Smart Office & Furniture,Ergonomic Lumbar Executive Chair,6,299.08,1794.48
INV-100171,CUST-0121,2026-08-11 13:52:07,Smart Office & Furniture,Ergonomic Lumbar Executive Chair,1,290.6,290.6
INV-100337,CUST-0144,2026-08-11 13:56:30,Apparel & Lifestyle,Thermal Double-Wall Stainless Flask,2,40.17,80.34
INV-102200,CUST-0245,2026-08-11 15:15:18,Smart Office & Furniture,Smart LED Desk Bar Lamp,3,55.71,167.13
INV-100171,CUST-0121,2026-08-11 16:43:28,Electronics & Audio,Noise-Cancelling Studio Pro Headphones,2,332.46,664.92
INV-100240,CUST-0188,2026-08-11 18:09:53,Wearables & Fitness,Heart Rate Performance Sensor Band,2,101.79,203.58
INV-100066,CUST-0180,2026-08-11 22:28:41,Computer Accessories,Ergonomic Multi-Device Wireless Mouse,6,84.93,509.58
INV-102445,CUST-0122,2026-08-12 08:30:27,Electronics & Audio,Thunderbolt 4 Docking Station,4,223.69,894.76
INV-102445,CUST-0122,2026-08-12 11:45:33,Smart Office & Furniture,Smart LED Desk Bar Lamp,2,56.99,113.98
INV-100996,CUST-0171,2026-08-12 12:22:04,Smart Office & Furniture,Smart LED Desk Bar Lamp,2,53.24,106.48
INV-102445,CUST-0122,2026-08-12 12:25:07,Specialty Gourmet,Single-Origin Espresso Bean Subscription (1kg),1,36.84,36.84
INV-102310,CUST-0200,2026-08-12 12:47:45,Electronics & Audio,Noise-Cancelling Studio Pro Headphones,4,338.05,1352.2
INV-100098,CUST-0331,2026-08-12 13:41:42,Wearables & Fitness,Heart Rate Performance Sensor Band,5,97.87,489.35
INV-100996,CUST-0171,2026-08-12 13:59:59,Specialty Gourmet,Single-Origin Espresso Bean Subscription (1kg),5,35.27,176.35
INV-100132,CUST-0007,2026-08-12 14:21:53,Electronics & Audio,Thunderbolt 4 Docking Station,3,200.22,600.66
INV-100153,CUST-0110,2026-08-12 15:10:05,Smart Office & Furniture,Smart LED Desk Bar Lamp,6,56.48,338.88
INV-104008,CUST-0328,2026-08-12 15:23:42,Smart Office & Furniture,Smart LED Desk Bar Lamp,2,48.41,96.82
INV-104008,CUST-0328,2026-08-12 20:11:18,Wearables & Fitness,Titanium GPS Smart Fitness Watch,1,258.7,258.7
INV-100154,CUST-0110,2026-08-13 12:14:34,Apparel & Lifestyle,Thermal Double-Wall Stainless Flask,2,38.94,77.88
INV-103925,CUST-0082,2026-08-13 13:45:16,Computer Accessories,Custom Mechanical RGB Keyboard,1,153.96,153.96
INV-100705,CUST-0421,2026-08-13 15:05:00,Computer Accessories,Ergonomic Multi-Device Wireless Mouse,5,89.19,445.95
INV-103989,CUST-0053,2026-08-13 15:36:19,Computer Accessories,Ergonomic Multi-Device Wireless Mouse,2,82.84,165.68
INV-100397,CUST-0160,2026-08-13 16:28:26,Apparel & Lifestyle,Thermal Double-Wall Stainless Flask,3,40.39,121.17
INV-103978,CUST-0045,2026-08-13 17:27:15,Computer Accessories,Custom Mechanical RGB Keyboard,3,147.8,443.4
INV-104009,CUST-0328,2026-08-13 22:01:44,Apparel & Lifestyle,Full-Grain Leather Briefcase Sleeve,2,82.24,164.48
INV-100956,CUST-0022,2026-08-14 13:27:57,Computer Accessories,Custom Mechanical RGB Keyboard,4,163.33,653.32
INV-101116,CUST-0314,2026-08-14 13:55:03,Apparel & Lifestyle,Thermal Double-Wall Stainless Flask,5,39.54,197.7
INV-103999,CUST-0141,2026-08-14 16:21:39,Electronics & Audio,Thunderbolt 4 Docking Station,2,194.12,388.24
INV-102353,CUST-0354,2026-08-14 16:52:37,Apparel & Lifestyle,Full-Grain Leather Briefcase Sleeve,1,98.49,98.49
INV-100012,CUST-0038,2026-08-14 17:29:04,Electronics & Audio,Noise-Cancelling Studio Pro Headphones,4,333.66,1334.64
INV-103893,CUST-0184,2026-08-14 17:52:10,Apparel & Lifestyle,Full-Grain Leather Briefcase Sleeve,3,86.26,258.78
INV-100414,CUST-0090,2026-08-15 08:12:29,Apparel & Lifestyle,Full-Grain Leather Briefcase Sleeve,2,95.28,190.56
INV-103921,CUST-0435,2026-08-15 09:20:45,Smart Office & Furniture,Smart LED Desk Bar Lamp,3,48.3,144.9
INV-101015,CUST-0269,2026-08-15 12:10:34,Computer Accessories,Premium Aluminum Monitor Arm,3,68.27,204.81
INV-103941,CUST-0113,2026-08-15 12:27:39,Computer Accessories,Ergonomic Multi-Device Wireless Mouse,3,78.64,235.92
INV-100414,CUST-0090,2026-08-15 12:59:20,Specialty Gourmet,Single-Origin Espresso Bean Subscription (1kg),4,35.43,141.72
INV-103896,CUST-0195,2026-08-15 15:46:31,Smart Office & Furniture,Motorized Standing Desk Frame,1,387.02,387.02
INV-103896,CUST-0195,2026-08-15 16:07:35,Apparel & Lifestyle,Full-Grain Leather Briefcase Sleeve,2,82.89,165.78
INV-100530,CUST-0062,2026-08-15 16:25:54,Specialty Gourmet,Single-Origin Espresso Bean Subscription (1kg),5,34.34,171.7
INV-100414,CUST-0090,2026-08-15 16:42:13,Computer Accessories,Premium Aluminum Monitor Arm,6,72.49,434.94
INV-103941,CUST-0113,2026-08-15 17:57:32,Electronics & Audio,Thunderbolt 4 Docking Station,1,184.23,184.23
INV-100916,CUST-0093,2026-08-15 18:53:13,Wearables & Fitness,Titanium GPS Smart Fitness Watch,6,275.52,1653.12
INV-100916,CUST-0093,2026-08-15 19:07:17,Apparel & Lifestyle,Full-Grain Leather Briefcase Sleeve,3,93.52,280.56
INV-103955,CUST-0014,2026-08-15 20:48:38,Computer Accessories,Premium Aluminum Monitor Arm,3,65.39,196.17
INV-103955,CUST-0014,2026-08-15 22:09:18,Electronics & Audio,4K Curved Ultra-Wide Gaming Monitor,3,513.49,1540.47
INV-100530,CUST-0062,2026-08-15 22:22:05,Wearables & Fitness,Heart Rate Performance Sensor Band,4,99.61,398.44
INV-103934,CUST-0143,2026-08-16 08:08:33,Computer Accessories,Ergonomic Multi-Device Wireless Mouse,2,81.38,162.76
INV-103944,CUST-0360,2026-08-16 10:46:07,Electronics & Audio,Thunderbolt 4 Docking Station,2,184.82,369.64
INV-103934,CUST-0143,2026-08-16 11:27:25,Specialty Gourmet,Single-Origin Espresso Bean Subscription (1kg),1,31.77,31.77
INV-103922,CUST-0435,2026-08-16 14:03:41,Apparel & Lifestyle,Thermal Double-Wall Stainless Flask,2,35.88,71.76
INV-103914,CUST-0080,2026-08-16 14:34:24,Computer Accessories,Premium Aluminum Monitor Arm,1,64.9,64.9
INV-103897,CUST-0195,2026-08-16 17:15:23,Smart Office & Furniture,Ergonomic Lumbar Executive Chair,2,274.98,549.96
INV-103914,CUST-0080,2026-08-16 17:16:12,Smart Office & Furniture,Ergonomic Lumbar Executive Chair,2,268.1,536.2
INV-103919,CUST-0175,2026-08-17 10:48:54,Smart Office & Furniture,Smart LED Desk Bar Lamp,3,48.44,145.32
INV-100415,CUST-0090,2026-08-17 16:07:16,Apparel & Lifestyle,Full-Grain Leather Briefcase Sleeve,6,96.77,580.62
INV-103919,CUST-0175,2026-08-17 17:57:39,Apparel & Lifestyle,Thermal Double-Wall Stainless Flask,3,36.33,108.99
INV-103994,CUST-0072,2026-08-17 18:04:08,Electronics & Audio,4K Curved Ultra-Wide Gaming Monitor,3,498.22,1494.66
INV-103960,CUST-0259,2026-08-17 18:56:14,Specialty Gourmet,Single-Origin Espresso Bean Subscription (1kg),1,31.91,31.91
INV-100354,CUST-0431,2026-08-18 12:05:13,Specialty Gourmet,Single-Origin Espresso Bean Subscription (1kg),6,36.21,217.26
INV-100833,CUST-0164,2026-08-19 12:41:04,Computer Accessories,Premium Aluminum Monitor Arm,2,70.62,141.24
INV-100355,CUST-0431,2026-08-19 21:26:38,Specialty Gourmet,Single-Origin Espresso Bean Subscription (1kg),4,34.81,139.24
